match_id,round_no,winner,duration,final_control,raspberry_upgrades,blueberry_upgrades,reason
1,1,raspberry,134.0,3,1,0,raspberry_full_control
1,2,raspberry,142.5,3,2,0,raspberry_full_control
2,1,blueberry,127.0,-3,0,1,blueberry_full_control
2,2,blueberry,110.5,-3,0,2,blueberry_full_control
3,1,raspberry,156.5,3,1,0,raspberry_full_control
3,2,raspberry,120.5,3,2,0,raspberry_full_control
4,1,blueberry,132.5,-3,0,0,blueberry_full_control
4,2,blueberry,118.0,-3,0,1,blueberry_full_control
5,1,raspberry,180.0,3,2,0,time
5,2,raspberry,122.5,3,4,0,raspberry_full_control
6,1,raspberry,132.0,3,2,0,raspberry_full_control
6,2,raspberry,162.0,3,3,0,raspberry_full_control
7,1,blueberry,127.5,-3,0,0,blueberry_full_control
7,2,blueberry,124.5,-3,0,0,blueberry_full_control
8,1,raspberry,177.5,3,0,0,raspberry_full_control
8,2,raspberry,168.5,3,1,0,raspberry_full_control
9,1,raspberry,180.0,0,0,0,time
9,2,blueberry,134.0,-3,0,0,blueberry_full_control
9,3,blueberry,167.5,-3,0,0,blueberry_full_control
10,1,raspberry,165.0,3,1,0,raspberry_full_control
10,2,blueberry,140.5,-3,2,1,blueberry_full_control
10,3,raspberry,127.0,3,3,1,raspberry_full_control
11,1,raspberry,180.0,3,1,0,time
11,2,raspberry,158.0,3,2,0,raspberry_full_control
12,1,raspberry,180.0,3,0,0,time
12,2,raspberry,180.0,3,0,0,time
13,1,raspberry,180.0,0,1,0,time
13,2,blueberry,180.0,-2,1,1,time
13,3,blueberry,131.0,-3,1,1,blueberry_full_control
14,1,raspberry,180.0,1,0,0,time
14,2,blueberry,154.0,-3,0,2,blueberry_full_control
14,3,blueberry,107.5,-3,0,3,blueberry_full_control
15,1,blueberry,171.5,-3,0,1,blueberry_full_control
15,2,raspberry,129.5,3,0,1,raspberry_full_control
15,3,raspberry,129.5,3,1,1,raspberry_full_control
16,1,blueberry,123.0,-3,0,0,blueberry_full_control
16,2,blueberry,179.5,-3,0,0,blueberry_full_control
17,1,raspberry,180.0,3,2,0,time
17,2,raspberry,145.0,3,4,0,raspberry_full_control
18,1,blueberry,180.0,-2,0,1,time
18,2,blueberry,115.0,-3,0,2,blueberry_full_control
19,1,blueberry,176.5,-3,0,0,blueberry_full_control
19,2,blueberry,180.0,-3,0,2,time
20,1,raspberry,180.0,1,1,0,time
20,2,raspberry,151.5,3,1,0,raspberry_full_control
21,1,raspberry,180.0,2,2,0,time
21,2,raspberry,139.5,3,2,0,raspberry_full_control
22,1,blueberry,180.0,-3,0,0,time
22,2,raspberry,180.0,3,0,0,time
22,3,blueberry,180.0,-1,0,0,time
23,1,blueberry,135.0,-3,0,0,blueberry_full_control
23,2,blueberry,161.0,-3,0,1,blueberry_full_control
24,1,raspberry,180.0,3,1,0,time
24,2,raspberry,152.0,3,1,0,raspberry_full_control
25,1,raspberry,176.0,3,1,0,raspberry_full_control
25,2,raspberry,141.5,3,1,0,raspberry_full_control
26,1,raspberry,180.0,2,0,0,time
26,2,raspberry,180.0,2,0,0,time
27,1,blueberry,127.5,-3,0,0,blueberry_full_control
27,2,raspberry,180.0,2,0,0,time
27,3,blueberry,142.5,-3,0,0,blueberry_full_control
28,1,raspberry,180.0,3,0,0,time
28,2,blueberry,180.0,-3,2,0,time
28,3,raspberry,146.5,3,5,0,raspberry_full_control
29,1,raspberry,180.0,3,0,0,time
29,2,raspberry,180.0,2,0,0,time
30,1,blueberry,180.0,-3,0,0,time
30,2,blueberry,180.0,-2,0,1,time
31,1,raspberry,180.0,2,0,0,time
31,2,blueberry,180.0,-3,0,1,time
31,3,blueberry,115.0,-3,0,1,blueberry_full_control
32,1,raspberry,180.0,1,1,0,time
32,2,blueberry,141.5,-3,1,0,blueberry_full_control
32,3,raspberry,180.0,3,1,0,time
33,1,raspberry,180.0,2,1,0,time
33,2,raspberry,180.0,3,3,0,time
34,1,blueberry,154.0,-3,0,2,blueberry_full_control
34,2,blueberry,103.5,-3,0,2,blueberry_full_control
35,1,blueberry,180.0,-3,0,0,time
35,2,raspberry,180.0,1,1,0,time
35,3,raspberry,167.0,3,1,1,raspberry_full_control
36,1,blueberry,124.0,-3,0,0,blueberry_full_control
36,2,blueberry,135.0,-3,0,1,blueberry_full_control
37,1,raspberry,173.0,3,1,0,raspberry_full_control
37,2,blueberry,166.5,-3,1,0,blueberry_full_control
37,3,raspberry,180.0,1,2,0,time
38,1,raspberry,180.0,2,0,0,time
38,2,raspberry,180.0,2,0,0,time
39,1,raspberry,180.0,3,1,0,time
39,2,blueberry,134.0,-3,1,1,blueberry_full_control
39,3,raspberry,129.5,3,3,1,raspberry_full_control
40,1,blueberry,133.5,-3,0,0,blueberry_full_control
40,2,blueberry,153.0,-3,0,0,blueberry_full_control
41,1,blueberry,158.5,-3,0,0,blueberry_full_control
41,2,raspberry,180.0,3,1,0,time
41,3,raspberry,160.5,3,1,0,raspberry_full_control
42,1,blueberry,154.5,-3,1,1,blueberry_full_control
42,2,raspberry,128.0,3,3,1,raspberry_full_control
42,3,raspberry,150.0,3,4,1,raspberry_full_control
43,1,blueberry,162.5,-3,0,0,blueberry_full_control
43,2,blueberry,180.0,-1,0,0,time
44,1,blueberry,157.0,-3,0,0,blueberry_full_control
44,2,raspberry,180.0,1,0,1,time
44,3,raspberry,142.5,3,2,1,raspberry_full_control
45,1,raspberry,179.5,3,1,1,raspberry_full_control
45,2,raspberry,180.0,1,1,1,time
46,1,raspberry,180.0,3,1,1,time
46,2,raspberry,180.0,1,1,1,time
47,1,blueberry,153.0,-3,0,0,blueberry_full_control
47,2,raspberry,180.0,3,0,0,time
47,3,raspberry,180.0,2,2,0,time
48,1,raspberry,180.0,0,0,0,time
48,2,raspberry,180.0,3,0,0,time
49,1,raspberry,180.0,1,0,0,time
49,2,blueberry,144.0,-3,0,1,blueberry_full_control
49,3,blueberry,112.0,-3,0,1,blueberry_full_control
50,1,blueberry,180.0,0,0,0,time
50,2,raspberry,180.0,0,0,0,time
50,3,raspberry,180.0,1,0,0,time
51,1,blueberry,158.5,-3,0,0,blueberry_full_control
51,2,raspberry,180.0,2,0,0,time
51,3,raspberry,180.0,2,0,0,time
52,1,raspberry,180.0,3,0,1,time
52,2,raspberry,150.0,3,0,1,raspberry_full_control
53,1,blueberry,119.5,-2,1,0,raspberry_full_control
53,2,raspberry,142.5,3,3,0,raspberry_full_control
53,3,raspberry,121.0,3,5,0,raspberry_full_control
54,1,raspberry,180.0,2,0,0,time
54,2,raspberry,180.0,3,1,1,time
55,1,blueberry,149.0,-3,1,0,blueberry_full_control
55,2,raspberry,161.5,3,3,0,raspberry_full_control
55,3,raspberry,123.5,3,5,0,raspberry_full_control
56,1,raspberry,180.0,3,0,0,time
56,2,raspberry,180.0,1,0,0,time
57,1,raspberry,180.0,1,0,0,time
57,2,raspberry,180.0,1,1,0,time
58,1,raspberry,180.0,3,0,0,time
58,2,blueberry,180.0,-3,0,0,time
58,3,raspberry,174.0,3,0,0,raspberry_full_control
59,1,blueberry,180.0,-2,0,0,time
59,2,raspberry,180.0,2,3,0,time
59,3,raspberry,144.0,3,3,0,raspberry_full_control
60,1,raspberry,180.0,2,1,0,time
60,2,blueberry,180.0,-2,2,0,time
60,3,raspberry,141.5,3,2,0,raspberry_full_control
61,1,raspberry,180.0,2,0,0,time
61,2,raspberry,180.0,3,0,0,time
62,1,blueberry,180.0,-3,0,0,time
62,2,blueberry,180.0,-3,0,1,time
63,1,raspberry,180.0,1,0,0,time
63,2,raspberry,144.5,3,0,0,raspberry_full_control
64,1,raspberry,162.0,3,0,1,raspberry_full_control
64,2,raspberry,170.5,3,0,1,raspberry_full_control
65,1,blueberry,164.5,-3,0,1,blueberry_full_control
65,2,raspberry,180.0,2,3,1,time
65,3,raspberry,171.5,3,6,1,raspberry_full_control
66,1,raspberry,180.0,1,1,0,time
66,2,raspberry,135.5,3,2,0,raspberry_full_control
67,1,raspberry,180.0,3,0,0,time
67,2,raspberry,180.0,2,0,0,time
68,1,blueberry,180.0,-1,0,0,time
68,2,raspberry,180.0,1,0,0,time
68,3,blueberry,124.0,-3,0,0,blueberry_full_control
69,1,blueberry,180.0,-2,1,0,time
69,2,raspberry,180.0,3,1,0,time
69,3,raspberry,175.5,3,1,0,raspberry_full_control
70,1,raspberry,180.0,3,0,0,time
70,2,blueberry,174.0,-3,0,0,blueberry_full_control
70,3,blueberry,142.5,-3,0,0,blueberry_full_control
71,1,raspberry,180.0,3,0,0,time
71,2,blueberry,157.5,-3,0,1,blueberry_full_control
71,3,blueberry,124.5,-3,0,1,blueberry_full_control
72,1,raspberry,180.0,1,0,0,time
72,2,raspberry,180.0,2,0,0,time
73,1,raspberry,180.0,2,0,0,time
73,2,raspberry,180.0,2,0,0,time
74,1,raspberry,180.0,2,0,0,time
74,2,raspberry,180.0,2,0,0,time
75,1,raspberry,180.0,1,0,1,time
75,2,blueberry,136.0,-3,0,1,blueberry_full_control
75,3,blueberry,136.0,-3,0,1,blueberry_full_control
76,1,blueberry,180.0,-3,1,0,time
76,2,blueberry,168.5,-3,1,0,blueberry_full_control
77,1,blueberry,180.0,-2,0,0,time
77,2,raspberry,180.0,2,1,0,time
77,3,blueberry,180.0,-2,2,2,time
78,1,blueberry,119.5,-3,0,0,blueberry_full_control
78,2,raspberry,180.0,2,0,0,time
78,3,blueberry,180.0,-3,0,0,time
79,1,blueberry,172.5,-3,0,0,blueberry_full_control
79,2,blueberry,180.0,-1,0,0,time
80,1,blueberry,180.0,-3,0,0,time
80,2,raspberry,180.0,3,0,0,time
80,3,blueberry,141.0,-3,0,0,blueberry_full_control
81,1,raspberry,180.0,1,0,0,time
81,2,blueberry,180.0,-3,0,0,time
81,3,raspberry,180.0,1,0,0,time
82,1,blueberry,180.0,-2,0,1,time
82,2,blueberry,133.5,-3,0,1,blueberry_full_control
83,1,raspberry,180.0,2,0,0,time
83,2,raspberry,164.5,3,1,0,raspberry_full_control
84,1,raspberry,180.0,3,0,0,time
84,2,raspberry,180.0,3,0,0,time
85,1,blueberry,180.0,-1,0,0,time
85,2,raspberry,175.5,3,0,0,raspberry_full_control
85,3,raspberry,160.0,3,0,0,raspberry_full_control
86,1,blueberry,180.0,-1,0,0,time
86,2,blueberry,180.0,-3,0,0,time
87,1,blueberry,142.5,-3,0,0,blueberry_full_control
87,2,raspberry,180.0,1,0,0,time
87,3,blueberry,180.0,-1,0,0,time
88,1,raspberry,180.0,2,0,0,time
88,2,raspberry,156.5,3,0,0,raspberry_full_control
89,1,raspberry,157.0,3,1,0,raspberry_full_control
89,2,raspberry,180.0,3,1,0,time
90,1,raspberry,180.0,2,0,0,time
90,2,raspberry,180.0,1,0,0,time
91,1,blueberry,134.5,-3,0,0,blueberry_full_control
91,2,blueberry,156.5,-3,0,0,blueberry_full_control
92,1,raspberry,180.0,0,0,0,time
92,2,raspberry,180.0,0,0,0,time
93,1,raspberry,180.0,3,0,0,time
93,2,blueberry,180.0,-1,0,1,time
93,3,raspberry,157.0,3,3,1,raspberry_full_control
94,1,raspberry,180.0,2,1,1,time
94,2,blueberry,180.0,-2,1,1,time
94,3,blueberry,180.0,-1,1,1,time
95,1,blueberry,170.0,-3,0,1,blueberry_full_control
95,2,blueberry,180.0,-1,0,2,time
96,1,blueberry,180.0,-3,0,0,time
96,2,blueberry,110.5,-1,0,0,raspberry_full_control
97,1,raspberry,180.0,0,0,0,time
97,2,blueberry,180.0,-3,1,0,time
97,3,raspberry,180.0,1,1,0,time
98,1,blueberry,180.0,-2,0,0,time
98,2,blueberry,180.0,-3,0,0,time
99,1,raspberry,180.0,0,0,0,time
99,2,raspberry,180.0,2,1,0,time
100,1,raspberry,163.0,3,0,0,raspberry_full_control
100,2,raspberry,156.5,3,0,0,raspberry_full_control
101,1,raspberry,180.0,0,0,0,time
101,2,raspberry,180.0,3,1,0,time
102,1,raspberry,180.0,3,1,0,time
102,2,raspberry,180.0,3,1,0,time
103,1,blueberry,180.0,-2,0,0,time
103,2,raspberry,180.0,3,1,0,time
103,3,blueberry,180.0,-1,3,1,time
104,1,raspberry,180.0,0,0,1,time
104,2,raspberry,180.0,3,0,1,time
105,1,blueberry,180.0,-3,0,0,time
105,2,raspberry,167.5,3,0,0,raspberry_full_control
105,3,blueberry,142.5,-3,0,0,blueberry_full_control
106,1,raspberry,180.0,1,0,0,time
106,2,blueberry,161.5,-3,1,0,blueberry_full_control
106,3,blueberry,161.5,-3,1,0,blueberry_full_control
107,1,blueberry,180.0,-3,0,0,time
107,2,raspberry,180.0,3,0,0,time
107,3,raspberry,175.5,3,0,0,raspberry_full_control
108,1,raspberry,176.0,3,1,1,raspberry_full_control
108,2,blueberry,123.5,-3,1,1,blueberry_full_control
108,3,raspberry,143.0,3,3,1,raspberry_full_control
109,1,blueberry,180.0,-3,0,0,time
109,2,blueberry,124.5,-3,0,0,blueberry_full_control
110,1,raspberry,180.0,3,0,0,time
110,2,blueberry,180.0,-2,0,0,time
110,3,blueberry,180.0,-3,0,0,time
111,1,blueberry,180.0,-2,0,0,time
111,2,raspberry,180.0,0,0,0,time
111,3,raspberry,180.0,0,0,0,time
112,1,raspberry,180.0,3,1,0,time
112,2,raspberry,180.0,3,1,0,time
113,1,blueberry,142.0,-3,0,1,blueberry_full_control
113,2,raspberry,170.0,3,1,1,raspberry_full_control
113,3,raspberry,162.5,3,1,1,raspberry_full_control
114,1,blueberry,145.5,-3,0,0,blueberry_full_control
114,2,blueberry,153.0,-3,0,0,blueberry_full_control
115,1,raspberry,180.0,1,0,0,time
115,2,raspberry,180.0,1,0,0,time
116,1,blueberry,180.0,-3,1,0,time
116,2,raspberry,180.0,3,1,0,time
116,3,blueberry,144.0,-3,1,1,blueberry_full_control
117,1,raspberry,180.0,2,0,0,time
117,2,raspberry,180.0,3,1,1,time
118,1,blueberry,180.0,-3,0,0,time
118,2,raspberry,180.0,3,0,0,time
118,3,raspberry,180.0,2,0,0,time
119,1,blueberry,180.0,-3,1,0,time
119,2,raspberry,177.5,3,1,0,raspberry_full_control
119,3,blueberry,180.0,-2,2,1,time
120,1,raspberry,180.0,2,0,0,time
120,2,raspberry,180.0,3,0,0,time
121,1,blueberry,177.0,-3,0,1,blueberry_full_control
121,2,blueberry,180.0,-3,0,2,time
122,1,raspberry,180.0,1,0,0,time
122,2,blueberry,180.0,-3,0,1,time
122,3,blueberry,129.0,-3,0,1,blueberry_full_control
123,1,blueberry,180.0,-1,0,0,time
123,2,blueberry,172.0,-3,0,0,blueberry_full_control
124,1,raspberry,161.0,3,0,0,raspberry_full_control
124,2,raspberry,162.5,3,0,0,raspberry_full_control
125,1,blueberry,180.0,-1,0,0,time
125,2,raspberry,180.0,2,0,0,time
125,3,raspberry,180.0,1,0,0,time
126,1,raspberry,180.0,3,0,0,time
126,2,blueberry,133.0,-1,0,0,raspberry_full_control
126,3,blueberry,151.0,-3,0,0,blueberry_full_control
127,1,blueberry,180.0,-3,0,1,time
127,2,blueberry,180.0,-3,0,2,time
128,1,raspberry,168.5,3,0,1,raspberry_full_control
128,2,blueberry,154.0,-3,0,1,blueberry_full_control
128,3,blueberry,154.5,-3,0,1,blueberry_full_control
129,1,raspberry,180.0,1,0,0,time
129,2,blueberry,180.0,-2,0,0,time
129,3,blueberry,180.0,-3,0,0,time
130,1,raspberry,180.0,2,1,1,time
130,2,raspberry,180.0,2,1,1,time
131,1,blueberry,132.5,-3,0,0,blueberry_full_control
131,2,blueberry,180.0,-1,0,0,time
132,1,blueberry,139.5,-3,0,0,blueberry_full_control
132,2,blueberry,153.0,-3,0,0,blueberry_full_control
133,1,raspberry,180.0,3,0,1,time
133,2,blueberry,137.5,-3,0,1,blueberry_full_control
133,3,blueberry,112.5,-3,0,1,blueberry_full_control
134,1,raspberry,180.0,2,1,0,time
134,2,blueberry,178.0,-3,1,0,blueberry_full_control
134,3,blueberry,180.0,-1,1,0,time
135,1,blueberry,180.0,-3,0,0,time
135,2,blueberry,180.0,-2,0,0,time
136,1,raspberry,180.0,3,1,0,time
136,2,raspberry,180.0,2,2,0,time
137,1,blueberry,180.0,-1,0,0,time
137,2,blueberry,180.0,-3,0,0,time
138,1,blueberry,180.0,-3,0,0,time
138,2,raspberry,180.0,0,0,0,time
138,3,blueberry,180.0,-3,1,0,time
139,1,blueberry,180.0,-3,0,0,time
139,2,raspberry,155.5,3,2,0,raspberry_full_control
139,3,raspberry,159.5,3,2,0,raspberry_full_control
140,1,raspberry,167.0,3,0,1,raspberry_full_control
140,2,blueberry,122.0,-3,0,1,blueberry_full_control
140,3,blueberry,180.0,0,0,1,time
141,1,blueberry,121.0,-3,1,0,blueberry_full_control
141,2,raspberry,164.5,3,1,0,raspberry_full_control
141,3,raspberry,180.0,1,1,1,time
142,1,blueberry,180.0,-2,0,0,time
142,2,blueberry,180.0,-3,0,0,time
143,1,raspberry,180.0,2,0,0,time
143,2,blueberry,180.0,-2,1,0,time
143,3,raspberry,180.0,0,1,0,time
144,1,raspberry,164.0,3,0,0,raspberry_full_control
144,2,blueberry,180.0,-2,0,0,time
144,3,raspberry,180.0,2,0,0,time
145,1,raspberry,180.0,3,0,0,time
145,2,raspberry,180.0,3,0,0,time
146,1,raspberry,180.0,3,0,0,time
146,2,blueberry,163.5,-3,0,0,blueberry_full_control
146,3,blueberry,178.5,-3,0,0,blueberry_full_control
147,1,raspberry,180.0,0,0,1,time
147,2,raspberry,177.0,3,0,1,raspberry_full_control
148,1,blueberry,180.0,-2,0,0,time
148,2,blueberry,180.0,-3,0,0,time
149,1,blueberry,180.0,0,1,1,time
149,2,raspberry,180.0,2,1,1,time
149,3,raspberry,180.0,3,1,1,time
150,1,blueberry,180.0,-3,0,0,time
150,2,raspberry,180.0,1,1,0,time
150,3,raspberry,180.0,2,1,0,time
151,1,raspberry,171.0,3,0,0,raspberry_full_control
151,2,raspberry,180.0,2,1,0,time
152,1,raspberry,180.0,3,0,0,time
152,2,blueberry,180.0,-3,0,0,time
152,3,blueberry,180.0,-2,0,1,time
153,1,raspberry,180.0,2,0,0,time
153,2,raspberry,179.0,3,0,0,raspberry_full_control
154,1,raspberry,180.0,3,0,0,time
154,2,blueberry,95.0,-1,0,0,raspberry_full_control
154,3,raspberry,180.0,3,0,0,time
155,1,blueberry,180.0,-3,0,0,time
155,2,blueberry,152.0,-3,0,0,blueberry_full_control
156,1,raspberry,180.0,2,0,0,time
156,2,raspberry,180.0,2,0,0,time
157,1,blueberry,158.5,-3,0,0,blueberry_full_control
157,2,blueberry,180.0,-3,0,1,time
158,1,blueberry,180.0,-2,0,1,time
158,2,blueberry,180.0,-2,0,1,time
159,1,blueberry,168.5,-3,0,0,blueberry_full_control
159,2,blueberry,180.0,-2,1,0,time
160,1,raspberry,180.0,2,2,1,time
160,2,raspberry,156.0,3,2,1,raspberry_full_control
161,1,blueberry,120.0,-3,0,0,blueberry_full_control
161,2,raspberry,180.0,1,1,0,time
161,3,raspberry,180.0,2,1,0,time
162,1,raspberry,180.0,0,0,0,time
162,2,raspberry,180.0,2,1,1,time
163,1,raspberry,180.0,3,0,0,time
163,2,raspberry,179.0,3,0,0,raspberry_full_control
164,1,raspberry,180.0,1,0,0,time
164,2,blueberry,180.0,-3,0,0,time
164,3,blueberry,163.5,-3,0,0,blueberry_full_control
165,1,raspberry,180.0,2,0,0,time
165,2,blueberry,150.0,-3,0,0,blueberry_full_control
165,3,blueberry,180.0,-3,0,0,time
166,1,raspberry,180.0,1,0,0,time
166,2,blueberry,165.0,-3,0,0,blueberry_full_control
166,3,blueberry,180.0,0,0,0,time
167,1,blueberry,180.0,-3,0,0,time
167,2,raspberry,166.5,3,1,0,raspberry_full_control
167,3,raspberry,167.0,3,1,0,raspberry_full_control
168,1,blueberry,180.0,-3,0,0,time
168,2,raspberry,180.0,2,0,0,time
168,3,blueberry,180.0,-3,0,0,time
169,1,raspberry,179.0,3,0,0,raspberry_full_control
169,2,raspberry,180.0,3,0,0,time
170,1,raspberry,180.0,3,0,0,time
170,2,raspberry,180.0,3,0,0,time
171,1,blueberry,180.0,-1,0,0,time
171,2,blueberry,180.0,-2,0,0,time
172,1,raspberry,180.0,3,0,0,time
172,2,raspberry,180.0,1,0,0,time
173,1,raspberry,180.0,2,0,0,time
173,2,blueberry,180.0,-3,0,0,time
173,3,raspberry,180.0,3,0,0,time
174,1,raspberry,153.5,3,0,0,raspberry_full_control
174,2,blueberry,144.0,-3,0,0,blueberry_full_control
174,3,raspberry,180.0,2,0,0,time
175,1,blueberry,180.0,-2,0,0,time
175,2,blueberry,180.0,-3,0,0,time
176,1,raspberry,121.5,3,0,0,raspberry_full_control
176,2,blueberry,180.0,-1,0,0,time
176,3,raspberry,180.0,3,0,0,time
177,1,blueberry,153.0,-3,0,0,blueberry_full_control
177,2,blueberry,180.0,-3,0,0,time
178,1,raspberry,180.0,3,0,0,time
178,2,blueberry,163.5,-3,0,0,blueberry_full_control
178,3,raspberry,180.0,2,0,0,time
179,1,raspberry,180.0,3,0,1,time
179,2,blueberry,147.5,-3,0,1,blueberry_full_control
179,3,blueberry,156.0,-3,0,1,blueberry_full_control
180,1,raspberry,180.0,2,0,0,time
180,2,raspberry,180.0,2,0,0,time
181,1,blueberry,180.0,-3,0,0,time
181,2,blueberry,133.5,-3,0,0,blueberry_full_control
182,1,raspberry,180.0,3,0,1,time
182,2,blueberry,128.0,-3,0,1,blueberry_full_control
182,3,blueberry,163.5,-3,0,1,blueberry_full_control
183,1,raspberry,173.5,3,0,0,raspberry_full_control
183,2,blueberry,180.0,-2,0,0,time
183,3,raspberry,180.0,0,1,1,time
184,1,raspberry,180.0,3,1,1,time
184,2,blueberry,130.5,-3,1,1,blueberry_full_control
184,3,blueberry,122.0,-3,1,1,blueberry_full_control
185,1,blueberry,180.0,-2,0,0,time
185,2,blueberry,180.0,-2,0,0,time
186,1,raspberry,180.0,2,1,0,time
186,2,blueberry,180.0,-3,1,0,time
186,3,blueberry,180.0,0,1,1,time
187,1,raspberry,180.0,0,0,0,time
187,2,raspberry,180.0,2,0,0,time
188,1,raspberry,180.0,2,0,0,time
188,2,raspberry,180.0,3,0,0,time
189,1,blueberry,180.0,-2,0,0,time
189,2,blueberry,137.5,-3,0,0,blueberry_full_control
190,1,blueberry,128.5,-3,0,0,blueberry_full_control
190,2,blueberry,180.0,-1,0,0,time
191,1,blueberry,121.5,-3,0,1,blueberry_full_control
191,2,blueberry,141.5,-3,0,2,blueberry_full_control
192,1,raspberry,180.0,1,0,0,time
192,2,raspberry,180.0,1,0,0,time
193,1,raspberry,180.0,2,0,0,time
193,2,blueberry,147.0,-3,0,0,blueberry_full_control
193,3,blueberry,180.0,-2,0,0,time
194,1,blueberry,161.5,-3,0,0,blueberry_full_control
194,2,raspberry,180.0,1,0,0,time
194,3,blueberry,165.0,-3,0,0,blueberry_full_control
195,1,raspberry,180.0,2,0,0,time
195,2,raspberry,180.0,3,0,0,time
196,1,raspberry,180.0,2,0,0,time
196,2,raspberry,180.0,0,1,1,time
197,1,blueberry,180.0,-2,0,0,time
197,2,raspberry,180.0,2,0,0,time
197,3,raspberry,180.0,3,0,0,time
198,1,raspberry,180.0,2,0,0,time
198,2,raspberry,180.0,3,0,1,time
199,1,blueberry,180.0,-3,0,0,time
199,2,raspberry,180.0,1,1,0,time
199,3,raspberry,180.0,2,1,0,time
200,1,blueberry,126.0,-3,0,0,blueberry_full_control
200,2,raspberry,180.0,0,0,0,time
200,3,raspberry,180.0,2,0,0,time
201,1,raspberry,180.0,1,0,0,time
201,2,raspberry,180.0,3,0,0,time
202,1,raspberry,180.0,3,0,0,time
202,2,raspberry,180.0,1,1,0,time
203,1,raspberry,180.0,3,1,0,time
203,2,raspberry,180.0,3,1,0,time
204,1,raspberry,180.0,2,1,1,time
204,2,blueberry,173.0,-3,1,1,blueberry_full_control
204,3,raspberry,180.0,2,1,1,time
205,1,blueberry,180.0,-1,0,0,time
205,2,blueberry,110.0,-1,0,0,raspberry_full_control
206,1,blueberry,149.0,-3,0,1,blueberry_full_control
206,2,raspberry,176.0,3,0,1,raspberry_full_control
206,3,raspberry,180.0,3,0,1,time
207,1,raspberry,180.0,1,0,1,time
207,2,raspberry,180.0,2,0,1,time
208,1,raspberry,180.0,2,0,0,time
208,2,blueberry,180.0,-2,0,0,time
208,3,blueberry,180.0,-1,0,0,time
209,1,raspberry,180.0,3,0,1,time
209,2,blueberry,180.0,-2,0,1,time
209,3,raspberry,180.0,3,1,1,time
210,1,blueberry,129.0,-3,0,0,blueberry_full_control
210,2,raspberry,180.0,2,0,0,time
210,3,blueberry,144.0,-3,0,0,blueberry_full_control
211,1,blueberry,180.0,-3,0,0,time
211,2,blueberry,179.5,-3,0,0,blueberry_full_control
212,1,raspberry,180.0,1,1,1,time
212,2,blueberry,180.0,-1,3,1,time
212,3,raspberry,156.5,3,3,1,raspberry_full_control
213,1,blueberry,180.0,-1,1,0,time
213,2,raspberry,180.0,3,1,0,time
213,3,raspberry,180.0,3,1,0,time
214,1,blueberry,180.0,-1,0,0,time
214,2,raspberry,180.0,1,0,1,time
214,3,raspberry,180.0,0,0,1,time
215,1,raspberry,180.0,3,0,0,time
215,2,raspberry,176.0,3,0,0,raspberry_full_control
216,1,raspberry,180.0,3,0,0,time
216,2,raspberry,174.5,3,0,0,raspberry_full_control
217,1,raspberry,180.0,3,0,0,time
217,2,raspberry,180.0,2,0,0,time
218,1,blueberry,149.0,-3,0,1,blueberry_full_control
218,2,blueberry,156.5,-3,0,2,blueberry_full_control
219,1,raspberry,180.0,3,0,1,time
219,2,raspberry,180.0,2,0,1,time
220,1,raspberry,165.5,3,0,0,raspberry_full_control
220,2,raspberry,180.0,3,0,1,time
221,1,raspberry,180.0,0,1,0,time
221,2,raspberry,180.0,2,1,0,time
222,1,raspberry,180.0,3,0,1,time
222,2,raspberry,156.5,3,0,1,raspberry_full_control
223,1,blueberry,123.0,-3,0,0,blueberry_full_control
223,2,blueberry,180.0,-2,0,0,time
224,1,raspberry,180.0,2,0,0,time
224,2,blueberry,180.0,-3,0,0,time
224,3,raspberry,180.0,2,1,0,time
225,1,raspberry,180.0,2,1,0,time
225,2,raspberry,156.5,3,1,0,raspberry_full_control
226,1,raspberry,180.0,2,0,0,time
226,2,blueberry,180.0,-2,0,0,time
226,3,blueberry,180.0,-3,0,1,time
227,1,blueberry,136.5,-3,0,0,blueberry_full_control
227,2,blueberry,180.0,-1,0,0,time
228,1,blueberry,180.0,-2,0,0,time
228,2,raspberry,180.0,2,1,0,time
228,3,raspberry,162.5,3,1,1,raspberry_full_control
229,1,blueberry,149.0,-3,0,0,blueberry_full_control
229,2,blueberry,130.5,-3,0,0,blueberry_full_control
230,1,raspberry,180.0,2,0,0,time
230,2,raspberry,180.0,2,0,0,time
231,1,blueberry,173.0,-3,0,0,blueberry_full_control
231,2,raspberry,180.0,1,1,0,time
231,3,blueberry,175.5,-3,1,1,blueberry_full_control
232,1,blueberry,180.0,-3,0,0,time
232,2,blueberry,180.0,-2,0,0,time
233,1,blueberry,93.5,-2,0,0,raspberry_full_control
233,2,blueberry,93.5,0,0,0,raspberry_full_control
234,1,blueberry,154.5,-3,0,0,blueberry_full_control
234,2,raspberry,180.0,3,0,0,time
234,3,raspberry,116.5,1,0,0,raspberry_full_control
235,1,raspberry,180.0,1,0,0,time
235,2,raspberry,180.0,3,0,0,time
236,1,raspberry,180.0,0,1,0,time
236,2,raspberry,180.0,3,1,1,time
237,1,raspberry,180.0,1,0,0,time
237,2,raspberry,180.0,2,0,0,time
238,1,blueberry,148.0,-3,0,0,blueberry_full_control
238,2,blueberry,180.0,-1,0,0,time
239,1,blueberry,180.0,-3,0,0,time
239,2,blueberry,180.0,-2,0,0,time
240,1,blueberry,174.0,-3,0,0,blueberry_full_control
240,2,blueberry,151.5,-3,0,0,blueberry_full_control
241,1,raspberry,180.0,2,0,0,time
241,2,blueberry,154.5,-3,0,0,blueberry_full_control
241,3,raspberry,180.0,3,0,0,time
242,1,raspberry,180.0,1,0,0,time
242,2,raspberry,180.0,3,0,0,time
243,1,raspberry,180.0,3,0,0,time
243,2,raspberry,167.0,3,0,0,raspberry_full_control
244,1,blueberry,180.0,-1,0,0,time
244,2,raspberry,180.0,2,1,0,time
244,3,raspberry,134.5,3,1,0,raspberry_full_control
245,1,raspberry,180.0,1,0,0,time
245,2,blueberry,166.5,-3,0,0,blueberry_full_control
245,3,blueberry,130.0,-3,0,0,blueberry_full_control
246,1,blueberry,165.0,-3,0,0,blueberry_full_control
246,2,blueberry,180.0,-1,0,0,time
247,1,raspberry,180.0,2,0,0,time
247,2,blueberry,180.0,-1,0,0,time
247,3,raspberry,180.0,3,0,0,time
248,1,raspberry,180.0,2,1,1,time
248,2,raspberry,180.0,3,1,1,time
249,1,raspberry,180.0,2,0,0,time
249,2,raspberry,180.0,0,0,0,time
250,1,raspberry,174.0,3,0,0,raspberry_full_control
250,2,raspberry,170.0,3,0,0,raspberry_full_control
251,1,raspberry,180.0,1,0,0,time
251,2,raspberry,180.0,2,0,1,time
252,1,raspberry,180.0,1,0,0,time
252,2,raspberry,180.0,1,2,0,time
253,1,raspberry,160.0,3,0,0,raspberry_full_control
253,2,raspberry,163.5,3,0,0,raspberry_full_control
254,1,blueberry,180.0,-3,0,0,time
254,2,blueberry,180.0,-1,0,0,time
255,1,raspberry,180.0,3,0,0,time
255,2,blueberry,172.5,-3,0,0,blueberry_full_control
255,3,raspberry,180.0,3,0,0,time
256,1,raspberry,171.5,3,0,0,raspberry_full_control
256,2,raspberry,180.0,1,0,0,time
257,1,raspberry,180.0,3,0,0,time
257,2,blueberry,129.0,-3,0,0,blueberry_full_control
257,3,blueberry,127.5,-3,0,0,blueberry_full_control
258,1,raspberry,180.0,3,0,0,time
258,2,raspberry,134.0,3,1,1,raspberry_full_control
259,1,raspberry,180.0,1,0,0,time
259,2,blueberry,164.5,-3,0,0,blueberry_full_control
259,3,blueberry,180.0,-3,0,0,time
260,1,raspberry,180.0,3,0,0,time
260,2,raspberry,116.5,2,1,1,raspberry_full_control
261,1,blueberry,180.0,-2,0,0,time
261,2,blueberry,180.0,-2,0,0,time
262,1,blueberry,180.0,-2,0,0,time
262,2,blueberry,171.5,-3,0,0,blueberry_full_control
263,1,raspberry,174.5,3,0,0,raspberry_full_control
263,2,blueberry,174.0,-3,0,0,blueberry_full_control
263,3,raspberry,180.0,1,0,0,time
264,1,blueberry,157.5,-3,0,1,blueberry_full_control
264,2,blueberry,166.5,-3,0,1,blueberry_full_control
265,1,raspberry,180.0,2,0,0,time
265,2,blueberry,124.5,-3,0,0,blueberry_full_control
265,3,raspberry,173.0,3,0,0,raspberry_full_control
266,1,raspberry,180.0,1,0,0,time
266,2,blueberry,168.0,-3,0,0,blueberry_full_control
266,3,blueberry,174.0,-3,0,0,blueberry_full_control
267,1,blueberry,180.0,-1,0,0,time
267,2,blueberry,116.5,-3,0,0,blueberry_full_control
268,1,blueberry,148.5,-3,0,0,blueberry_full_control
268,2,blueberry,123.0,-3,0,0,blueberry_full_control
269,1,blueberry,165.5,-3,0,0,blueberry_full_control
269,2,blueberry,180.0,-1,0,0,time
270,1,blueberry,172.5,-3,1,0,blueberry_full_control
270,2,raspberry,180.0,3,1,1,time
270,3,blueberry,142.5,-3,1,2,blueberry_full_control
271,1,blueberry,180.0,-3,0,0,time
271,2,raspberry,180.0,3,1,1,time
271,3,raspberry,180.0,3,1,1,time
272,1,blueberry,171.5,-3,0,0,blueberry_full_control
272,2,raspberry,180.0,3,1,0,time
272,3,raspberry,178.0,3,1,0,raspberry_full_control
273,1,blueberry,180.0,-3,0,0,time
273,2,blueberry,180.0,0,0,0,time
274,1,raspberry,179.5,3,0,0,raspberry_full_control
274,2,raspberry,180.0,3,0,0,time
275,1,blueberry,177.0,-3,0,0,blueberry_full_control
275,2,blueberry,180.0,-1,0,0,time
276,1,raspberry,180.0,0,0,0,time
276,2,blueberry,180.0,-2,0,0,time
276,3,raspberry,180.0,2,0,0,time
277,1,raspberry,180.0,1,0,0,time
277,2,blueberry,180.0,-3,0,0,time
277,3,raspberry,180.0,0,1,0,time
278,1,blueberry,168.0,-3,0,0,blueberry_full_control
278,2,blueberry,132.0,-3,0,0,blueberry_full_control
279,1,blueberry,180.0,-1,0,0,time
279,2,blueberry,180.0,0,0,0,time
280,1,raspberry,180.0,2,0,0,time
280,2,blueberry,180.0,-2,0,0,time
280,3,raspberry,180.0,3,0,0,time
281,1,raspberry,180.0,3,0,0,time
281,2,blueberry,180.0,-3,0,0,time
281,3,raspberry,180.0,3,1,0,time
282,1,raspberry,180.0,2,0,0,time
282,2,blueberry,180.0,-1,0,0,time
282,3,blueberry,171.5,-3,0,0,blueberry_full_control
283,1,blueberry,147.0,-3,0,0,blueberry_full_control
283,2,raspberry,155.0,3,0,0,raspberry_full_control
283,3,raspberry,176.0,3,0,0,raspberry_full_control
284,1,blueberry,180.0,-2,0,0,time
284,2,blueberry,180.0,-1,0,0,time
285,1,blueberry,144.0,-3,0,2,blueberry_full_control
285,2,blueberry,180.0,-1,0,2,time
286,1,raspberry,180.0,2,0,0,time
286,2,blueberry,138.5,-3,0,0,blueberry_full_control
286,3,blueberry,180.0,-3,0,0,time
287,1,raspberry,180.0,3,0,0,time
287,2,raspberry,180.0,0,0,0,time
288,1,blueberry,180.0,-2,0,0,time
288,2,blueberry,180.0,-2,0,0,time
289,1,blueberry,142.5,-3,0,0,blueberry_full_control
289,2,blueberry,180.0,-2,0,0,time
290,1,blueberry,180.0,-3,0,0,time
290,2,blueberry,180.0,-2,0,0,time
291,1,blueberry,180.0,-1,2,0,time
291,2,blueberry,169.5,-3,3,1,blueberry_full_control
292,1,raspberry,180.0,1,0,0,time
292,2,raspberry,180.0,3,0,0,time
293,1,raspberry,180.0,3,0,0,time
293,2,blueberry,139.5,-3,0,0,blueberry_full_control
293,3,raspberry,180.0,3,0,0,time
294,1,raspberry,180.0,0,0,0,time
294,2,raspberry,180.0,2,1,0,time
295,1,blueberry,154.5,-3,0,0,blueberry_full_control
295,2,blueberry,180.0,-3,0,1,time
296,1,raspberry,180.0,2,0,0,time
296,2,blueberry,180.0,-2,0,0,time
296,3,raspberry,180.0,3,0,0,time
297,1,blueberry,180.0,-1,0,0,time
297,2,blueberry,180.0,0,0,0,time
298,1,raspberry,180.0,3,0,0,time
298,2,raspberry,174.5,3,0,0,raspberry_full_control
299,1,raspberry,180.0,2,0,0,time
299,2,raspberry,180.0,1,0,0,time
300,1,raspberry,180.0,1,0,0,time
300,2,raspberry,180.0,3,0,0,time
301,1,raspberry,180.0,2,0,0,time
301,2,raspberry,180.0,2,0,0,time
302,1,blueberry,163.5,-3,0,1,blueberry_full_control
302,2,raspberry,180.0,2,0,1,time
302,3,raspberry,180.0,2,0,1,time
303,1,blueberry,169.5,-3,0,0,blueberry_full_control
303,2,blueberry,180.0,-3,0,0,time
304,1,blueberry,180.0,-3,0,0,time
304,2,blueberry,180.0,-3,0,0,time
305,1,raspberry,180.0,3,0,0,time
305,2,raspberry,180.0,2,0,0,time
306,1,blueberry,180.0,-2,1,1,time
306,2,blueberry,180.0,-3,1,1,time
307,1,raspberry,180.0,0,0,0,time
307,2,raspberry,180.0,1,0,0,time
308,1,blueberry,180.0,-3,0,0,time
308,2,raspberry,180.0,3,0,0,time
308,3,raspberry,180.0,3,0,0,time
309,1,blueberry,126.0,-3,0,1,blueberry_full_control
309,2,blueberry,148.0,-3,0,2,blueberry_full_control
310,1,blueberry,124.5,-3,0,0,blueberry_full_control
310,2,blueberry,112.0,-1,0,0,raspberry_full_control
311,1,raspberry,180.0,3,0,1,time
311,2,blueberry,145.5,-3,0,1,blueberry_full_control
311,3,blueberry,133.5,-3,0,1,blueberry_full_control
312,1,blueberry,147.0,-3,0,0,blueberry_full_control
312,2,blueberry,151.0,-3,0,0,blueberry_full_control
313,1,blueberry,180.0,-1,0,0,time
313,2,raspberry,180.0,1,0,0,time
313,3,raspberry,180.0,0,0,1,time
314,1,blueberry,180.0,-1,0,0,time
314,2,blueberry,153.0,-3,0,0,blueberry_full_control
315,1,raspberry,180.0,0,0,0,time
315,2,raspberry,180.0,2,0,1,time
316,1,raspberry,180.0,3,0,0,time
316,2,raspberry,180.0,1,0,0,time
317,1,raspberry,180.0,2,0,0,time
317,2,blueberry,180.0,-1,0,0,time
317,3,raspberry,180.0,3,0,0,time
318,1,blueberry,180.0,-1,0,0,time
318,2,blueberry,137.5,-3,0,0,blueberry_full_control
319,1,blueberry,149.0,-3,0,0,blueberry_full_control
319,2,blueberry,180.0,-3,0,0,time
320,1,blueberry,142.5,-3,0,0,blueberry_full_control
320,2,blueberry,171.0,-3,0,0,blueberry_full_control
321,1,blueberry,180.0,0,0,0,time
321,2,raspberry,180.0,2,0,0,time
321,3,raspberry,180.0,3,0,0,time
322,1,raspberry,180.0,1,1,1,time
322,2,raspberry,160.0,3,1,1,raspberry_full_control
323,1,blueberry,123.0,-3,0,0,blueberry_full_control
323,2,raspberry,180.0,2,0,1,time
323,3,blueberry,132.5,-3,0,1,blueberry_full_control
324,1,blueberry,180.0,-1,0,0,time
324,2,blueberry,133.5,-3,0,0,blueberry_full_control
325,1,raspberry,180.0,0,0,0,time
325,2,blueberry,153.0,-3,0,0,blueberry_full_control
325,3,blueberry,180.0,-1,0,1,time
326,1,blueberry,180.0,0,0,0,time
326,2,raspberry,163.5,3,0,0,raspberry_full_control
326,3,raspberry,164.0,3,0,0,raspberry_full_control
327,1,blueberry,174.5,-3,0,0,blueberry_full_control
327,2,raspberry,171.5,3,0,0,raspberry_full_control
327,3,blueberry,180.0,-1,0,0,time
328,1,raspberry,180.0,2,0,0,time
328,2,raspberry,180.0,2,0,1,time
329,1,blueberry,151.5,-3,0,2,blueberry_full_control
329,2,blueberry,117.0,-3,0,2,blueberry_full_control
330,1,blueberry,124.5,-3,0,0,blueberry_full_control
330,2,blueberry,138.0,-3,0,0,blueberry_full_control
331,1,blueberry,153.0,-3,0,0,blueberry_full_control
331,2,raspberry,180.0,1,0,0,time
331,3,raspberry,180.0,2,0,0,time
332,1,blueberry,132.5,-3,0,0,blueberry_full_control
332,2,blueberry,130.0,-3,0,0,blueberry_full_control
333,1,raspberry,180.0,1,0,0,time
333,2,raspberry,180.0,1,0,0,time
334,1,blueberry,180.0,-3,0,0,time
334,2,raspberry,180.0,3,0,1,time
334,3,blueberry,160.5,-3,0,2,blueberry_full_control
335,1,blueberry,180.0,-2,1,0,time
335,2,raspberry,180.0,2,1,0,time
335,3,blueberry,141.5,-3,1,0,blueberry_full_control
336,1,blueberry,180.0,-2,0,0,time
336,2,raspberry,180.0,2,0,1,time
336,3,raspberry,180.0,0,0,1,time
337,1,blueberry,138.0,-3,0,0,blueberry_full_control
337,2,raspberry,180.0,3,0,0,time
337,3,blueberry,177.5,-3,0,0,blueberry_full_control
338,1,raspberry,180.0,2,0,0,time
338,2,raspberry,180.0,3,0,0,time
339,1,blueberry,180.0,-2,0,1,time
339,2,raspberry,180.0,3,1,1,time
339,3,raspberry,180.0,3,1,1,time
340,1,blueberry,131.0,-3,0,0,blueberry_full_control
340,2,blueberry,180.0,-3,0,0,time
341,1,raspberry,180.0,2,0,0,time
341,2,raspberry,180.0,3,0,0,time
342,1,raspberry,180.0,3,0,0,time
342,2,blueberry,180.0,-3,0,0,time
342,3,raspberry,180.0,2,0,0,time
343,1,blueberry,165.5,-3,0,0,blueberry_full_control
343,2,blueberry,180.0,-2,0,0,time
344,1,raspberry,180.0,3,0,0,time
344,2,raspberry,167.0,3,0,0,raspberry_full_control
345,1,raspberry,180.0,2,0,1,time
345,2,blueberry,157.0,-3,0,1,blueberry_full_control
345,3,blueberry,153.0,-3,0,1,blueberry_full_control
346,1,raspberry,180.0,2,0,1,time
346,2,blueberry,157.0,-3,0,1,blueberry_full_control
346,3,blueberry,156.0,-3,0,1,blueberry_full_control
347,1,raspberry,180.0,0,0,1,time
347,2,blueberry,180.0,0,0,3,time
347,3,blueberry,104.0,-3,0,4,blueberry_full_control
348,1,blueberry,180.0,-1,0,0,time
348,2,raspberry,180.0,2,0,0,time
348,3,raspberry,180.0,0,0,0,time
349,1,raspberry,180.0,3,0,1,time
349,2,raspberry,180.0,1,0,1,time
350,1,blueberry,180.0,-3,0,1,time
350,2,blueberry,150.0,-3,0,1,blueberry_full_control
351,1,blueberry,180.0,-1,0,0,time
351,2,raspberry,180.0,3,0,0,time
351,3,blueberry,180.0,-3,1,0,time
352,1,raspberry,180.0,0,1,0,time
352,2,raspberry,180.0,3,1,0,time
353,1,raspberry,180.0,0,0,1,time
353,2,blueberry,180.0,-3,0,1,time
353,3,blueberry,148.0,-3,0,1,blueberry_full_control
354,1,raspberry,180.0,0,0,0,time
354,2,raspberry,180.0,3,0,0,time
355,1,blueberry,180.0,-2,0,0,time
355,2,raspberry,180.0,3,0,0,time
355,3,blueberry,180.0,-1,0,0,time
356,1,blueberry,180.0,-2,0,0,time
356,2,blueberry,180.0,-2,0,0,time
357,1,raspberry,180.0,1,0,0,time
357,2,raspberry,180.0,3,0,0,time
358,1,blueberry,180.0,-2,0,0,time
358,2,blueberry,180.0,-3,0,0,time
359,1,blueberry,153.5,-3,1,1,blueberry_full_control
359,2,blueberry,135.0,-3,1,1,blueberry_full_control
360,1,blueberry,180.0,-2,0,0,time
360,2,blueberry,180.0,-2,0,0,time
361,1,raspberry,180.0,3,0,1,time
361,2,raspberry,180.0,1,2,1,time
362,1,blueberry,180.0,-3,0,0,time
362,2,raspberry,180.0,1,0,0,time
362,3,blueberry,180.0,-2,0,0,time
363,1,raspberry,180.0,1,0,0,time
363,2,blueberry,180.0,-2,0,0,time
363,3,raspberry,180.0,2,0,0,time
364,1,blueberry,180.0,-1,0,0,time
364,2,blueberry,151.0,-3,0,0,blueberry_full_control
365,1,blueberry,160.0,-3,0,0,blueberry_full_control
365,2,blueberry,151.5,-3,0,0,blueberry_full_control
366,1,raspberry,126.5,2,1,0,raspberry_full_control
366,2,raspberry,180.0,1,1,0,time
367,1,raspberry,180.0,1,0,0,time
367,2,raspberry,180.0,2,0,0,time
368,1,blueberry,148.0,-3,0,0,blueberry_full_control
368,2,raspberry,180.0,1,0,0,time
368,3,blueberry,172.5,-3,0,0,blueberry_full_control
369,1,blueberry,180.0,-3,0,0,time
369,2,raspberry,180.0,2,1,0,time
369,3,raspberry,180.0,3,1,0,time
370,1,blueberry,175.5,-3,0,0,blueberry_full_control
370,2,raspberry,180.0,2,0,0,time
370,3,blueberry,159.5,-3,0,0,blueberry_full_control
371,1,blueberry,151.5,-3,0,0,blueberry_full_control
371,2,blueberry,180.0,-1,0,0,time
372,1,raspberry,180.0,2,0,0,time
372,2,raspberry,180.0,3,0,0,time
373,1,raspberry,180.0,2,0,0,time
373,2,raspberry,180.0,3,0,1,time
374,1,raspberry,177.0,3,0,0,raspberry_full_control
374,2,blueberry,180.0,-2,0,0,time
374,3,raspberry,180.0,3,0,0,time
375,1,blueberry,180.0,-3,0,0,time
375,2,blueberry,180.0,-2,0,0,time
376,1,raspberry,180.0,1,0,0,time
376,2,raspberry,180.0,0,0,0,time
377,1,raspberry,161.0,3,1,0,raspberry_full_control
377,2,raspberry,149.0,3,1,0,raspberry_full_control
378,1,raspberry,180.0,2,0,0,time
378,2,raspberry,174.0,3,0,0,raspberry_full_control
379,1,raspberry,180.0,1,0,0,time
379,2,raspberry,180.0,1,0,0,time
380,1,raspberry,180.0,3,1,1,time
380,2,raspberry,180.0,3,2,1,time
381,1,blueberry,163.5,-3,0,0,blueberry_full_control
381,2,raspberry,180.0,2,0,0,time
381,3,raspberry,180.0,3,0,0,time
382,1,blueberry,180.0,-3,0,0,time
382,2,raspberry,180.0,1,0,1,time
382,3,blueberry,180.0,-2,0,1,time
383,1,blueberry,180.0,-2,1,0,time
383,2,raspberry,166.5,3,1,0,raspberry_full_control
383,3,raspberry,170.0,3,1,0,raspberry_full_control
384,1,raspberry,180.0,3,0,0,time
384,2,blueberry,173.0,-3,0,0,blueberry_full_control
384,3,raspberry,180.0,1,0,0,time
385,1,blueberry,168.5,-3,0,0,blueberry_full_control
385,2,blueberry,148.0,-3,0,0,blueberry_full_control
386,1,blueberry,180.0,-2,0,0,time
386,2,blueberry,180.0,-2,0,0,time
387,1,blueberry,134.5,-3,0,0,blueberry_full_control
387,2,blueberry,114.0,-3,0,0,blueberry_full_control
388,1,raspberry,180.0,2,0,0,time
388,2,raspberry,180.0,1,0,0,time
389,1,raspberry,180.0,3,0,0,time
389,2,blueberry,180.0,-1,0,0,time
389,3,blueberry,139.5,-3,0,0,blueberry_full_control
390,1,raspberry,180.0,2,0,0,time
390,2,blueberry,180.0,-1,0,0,time
390,3,raspberry,180.0,1,0,0,time
391,1,blueberry,146.5,-3,0,0,blueberry_full_control
391,2,raspberry,180.0,1,0,0,time
391,3,blueberry,180.0,-2,1,0,time
392,1,raspberry,180.0,3,1,0,time
392,2,raspberry,180.0,3,2,0,time
393,1,raspberry,165.5,3,0,0,raspberry_full_control
393,2,raspberry,180.0,3,0,0,time
394,1,raspberry,180.0,2,0,0,time
394,2,blueberry,180.0,-2,1,0,time
394,3,blueberry,104.5,-1,1,0,raspberry_full_control
395,1,blueberry,173.5,-3,0,0,blueberry_full_control
395,2,blueberry,150.5,-3,0,0,blueberry_full_control
396,1,raspberry,147.5,3,0,1,raspberry_full_control
396,2,blueberry,122.0,-3,0,2,blueberry_full_control
396,3,blueberry,136.5,-3,0,2,blueberry_full_control
397,1,blueberry,174.0,-3,0,0,blueberry_full_control
397,2,blueberry,180.0,-3,0,0,time
398,1,blueberry,180.0,-3,1,0,time
398,2,raspberry,180.0,2,2,0,time
398,3,raspberry,169.0,3,2,0,raspberry_full_control
399,1,blueberry,149.0,-3,0,0,blueberry_full_control
399,2,blueberry,157.0,-3,0,0,blueberry_full_control
400,1,raspberry,180.0,3,0,0,time
400,2,blueberry,180.0,-2,0,0,time
400,3,raspberry,180.0,3,0,0,time
401,1,raspberry,180.0,1,0,0,time
401,2,blueberry,175.5,-3,0,0,blueberry_full_control
401,3,raspberry,180.0,1,0,0,time
402,1,raspberry,180.0,0,0,0,time
402,2,blueberry,171.5,-3,0,0,blueberry_full_control
402,3,raspberry,180.0,1,0,0,time
403,1,raspberry,170.0,3,0,0,raspberry_full_control
403,2,raspberry,165.5,3,0,0,raspberry_full_control
404,1,blueberry,180.0,-2,0,0,time
404,2,blueberry,170.0,-3,0,0,blueberry_full_control
405,1,blueberry,167.5,-3,1,1,blueberry_full_control
405,2,blueberry,180.0,-3,1,1,time
406,1,raspberry,180.0,3,0,0,time
406,2,raspberry,180.0,3,0,0,time
407,1,blueberry,180.0,-3,0,0,time
407,2,raspberry,180.0,2,0,0,time
407,3,raspberry,162.5,3,0,0,raspberry_full_control
408,1,raspberry,180.0,2,0,0,time
408,2,blueberry,180.0,-3,0,0,time
408,3,blueberry,180.0,-3,1,0,time
409,1,raspberry,176.0,3,0,0,raspberry_full_control
409,2,raspberry,180.0,3,0,0,time
410,1,raspberry,180.0,3,0,0,time
410,2,blueberry,177.0,-3,0,0,blueberry_full_control
410,3,blueberry,180.0,-3,0,0,time
411,1,blueberry,172.5,-3,0,0,blueberry_full_control
411,2,raspberry,180.0,1,0,0,time
411,3,blueberry,138.0,-3,0,0,blueberry_full_control
412,1,raspberry,156.5,3,0,0,raspberry_full_control
412,2,blueberry,127.5,-3,0,0,blueberry_full_control
412,3,blueberry,141.0,-3,0,0,blueberry_full_control
413,1,blueberry,180.0,-2,0,0,time
413,2,raspberry,180.0,3,0,0,time
413,3,blueberry,180.0,-1,0,1,time
414,1,blueberry,180.0,-3,0,0,time
414,2,raspberry,180.0,2,0,0,time
414,3,raspberry,180.0,3,0,0,time
415,1,blueberry,171.5,-3,0,0,blueberry_full_control
415,2,blueberry,124.5,-3,0,0,blueberry_full_control
416,1,blueberry,180.0,-3,0,0,time
416,2,raspberry,180.0,1,0,0,time
416,3,blueberry,95.5,-2,0,0,raspberry_full_control
417,1,raspberry,180.0,1,1,1,time
417,2,blueberry,180.0,-3,1,1,time
417,3,raspberry,180.0,0,1,1,time
418,1,blueberry,180.0,-3,0,0,time
418,2,blueberry,180.0,-3,0,1,time
419,1,blueberry,180.0,-2,0,1,time
419,2,blueberry,166.5,-3,0,1,blueberry_full_control
420,1,raspberry,165.5,3,0,0,raspberry_full_control
420,2,raspberry,164.5,3,0,0,raspberry_full_control
421,1,blueberry,145.5,-3,0,0,blueberry_full_control
421,2,blueberry,129.5,-3,0,0,blueberry_full_control
422,1,blueberry,177.0,-3,0,0,blueberry_full_control
422,2,raspberry,180.0,3,0,0,time
422,3,raspberry,180.0,1,0,0,time
423,1,blueberry,134.5,-3,0,0,blueberry_full_control
423,2,blueberry,122.5,-3,0,0,blueberry_full_control
424,1,raspberry,165.5,3,0,0,raspberry_full_control
424,2,blueberry,180.0,0,0,0,time
424,3,raspberry,156.5,3,0,0,raspberry_full_control
425,1,blueberry,180.0,-3,0,0,time
425,2,blueberry,165.5,-3,0,0,blueberry_full_control
426,1,raspberry,180.0,1,0,0,time
426,2,blueberry,180.0,-2,0,0,time
426,3,blueberry,180.0,-2,0,0,time
427,1,raspberry,180.0,2,0,0,time
427,2,raspberry,180.0,2,0,0,time
428,1,blueberry,180.0,-3,0,0,time
428,2,blueberry,180.0,-3,0,0,time
429,1,blueberry,135.0,-3,0,0,blueberry_full_control
429,2,blueberry,169.0,-3,0,0,blueberry_full_control
430,1,blueberry,149.0,-3,0,0,blueberry_full_control
430,2,blueberry,167.0,-3,0,0,blueberry_full_control
431,1,raspberry,180.0,0,0,0,time
431,2,blueberry,180.0,-3,0,0,time
431,3,raspberry,180.0,2,0,0,time
432,1,blueberry,113.0,-3,0,0,blueberry_full_control
432,2,blueberry,142.0,-3,0,0,blueberry_full_control
433,1,blueberry,142.5,-3,0,0,blueberry_full_control
433,2,raspberry,180.0,2,0,0,time
433,3,blueberry,133.5,-3,0,0,blueberry_full_control
434,1,blueberry,144.0,-3,0,0,blueberry_full_control
434,2,blueberry,126.0,-3,1,1,blueberry_full_control
435,1,blueberry,180.0,-2,0,0,time
435,2,blueberry,180.0,-2,0,0,time
436,1,blueberry,180.0,-3,0,0,time
436,2,blueberry,180.0,-1,0,0,time
437,1,blueberry,172.5,-3,0,1,blueberry_full_control
437,2,blueberry,180.0,-1,0,1,time
438,1,raspberry,180.0,2,0,0,time
438,2,blueberry,124.5,-3,0,0,blueberry_full_control
438,3,blueberry,123.0,-3,0,0,blueberry_full_control
439,1,raspberry,180.0,3,0,0,time
439,2,blueberry,180.0,-3,0,0,time
439,3,blueberry,180.0,-3,0,0,time
440,1,raspberry,163.0,3,0,0,raspberry_full_control
440,2,raspberry,180.0,3,0,0,time
441,1,blueberry,175.5,-3,0,0,blueberry_full_control
441,2,blueberry,161.5,-3,0,0,blueberry_full_control
442,1,blueberry,166.0,-3,0,0,blueberry_full_control
442,2,blueberry,140.5,-3,0,1,blueberry_full_control
443,1,blueberry,173.5,-3,0,0,blueberry_full_control
443,2,blueberry,180.0,-2,0,0,time
444,1,blueberry,172.5,-3,0,0,blueberry_full_control
444,2,blueberry,180.0,-3,0,0,time
445,1,blueberry,166.5,-3,0,0,blueberry_full_control
445,2,raspberry,180.0,2,0,0,time
445,3,blueberry,180.0,-3,0,0,time
446,1,raspberry,180.0,1,0,0,time
446,2,blueberry,180.0,-2,0,0,time
446,3,raspberry,180.0,1,0,0,time
447,1,blueberry,155.0,-3,0,0,blueberry_full_control
447,2,raspberry,180.0,1,0,0,time
447,3,blueberry,153.0,-3,0,0,blueberry_full_control
448,1,blueberry,159.5,-3,0,0,blueberry_full_control
448,2,blueberry,180.0,-1,0,0,time
449,1,blueberry,180.0,-3,0,1,time
449,2,blueberry,180.0,0,0,1,time
450,1,blueberry,144.0,-3,0,0,blueberry_full_control
450,2,blueberry,153.0,-3,0,0,blueberry_full_control
451,1,blueberry,180.0,-2,0,0,time
451,2,raspberry,180.0,3,0,0,time
451,3,raspberry,180.0,2,0,0,time
452,1,blueberry,154.5,-3,0,0,blueberry_full_control
452,2,blueberry,180.0,-3,0,0,time
453,1,blueberry,180.0,-3,0,0,time
453,2,blueberry,180.0,-3,0,0,time
454,1,blueberry,126.0,-3,0,0,blueberry_full_control
454,2,raspberry,136.0,3,0,0,raspberry_full_control
454,3,raspberry,159.5,3,0,1,raspberry_full_control
455,1,blueberry,180.0,-3,0,0,time
455,2,raspberry,180.0,2,0,0,time
455,3,blueberry,180.0,-1,0,0,time
456,1,raspberry,180.0,2,0,0,time
456,2,raspberry,133.0,1,0,0,raspberry_full_control
457,1,blueberry,180.0,-3,0,0,time
457,2,raspberry,180.0,1,0,0,time
457,3,blueberry,180.0,-3,0,0,time
458,1,blueberry,180.0,-3,0,0,time
458,2,blueberry,180.0,-3,0,0,time
459,1,blueberry,170.0,-3,0,0,blueberry_full_control
459,2,blueberry,172.5,-3,0,0,blueberry_full_control
460,1,blueberry,180.0,-2,0,0,time
460,2,blueberry,155.0,-3,0,0,blueberry_full_control
461,1,blueberry,134.5,-3,0,0,blueberry_full_control
461,2,blueberry,180.0,-2,0,0,time
462,1,blueberry,160.5,-3,0,0,blueberry_full_control
462,2,blueberry,180.0,-2,0,0,time
463,1,raspberry,180.0,2,0,0,time
463,2,raspberry,180.0,3,0,0,time
464,1,blueberry,180.0,-1,0,0,time
464,2,raspberry,180.0,3,0,0,time
464,3,raspberry,180.0,3,0,0,time
465,1,raspberry,180.0,3,0,0,time
465,2,blueberry,180.0,-3,0,0,time
465,3,blueberry,180.0,-1,0,0,time
466,1,raspberry,180.0,1,1,0,time
466,2,raspberry,180.0,3,1,0,time
467,1,blueberry,180.0,-3,0,0,time
467,2,raspberry,180.0,3,0,0,time
467,3,blueberry,164.0,-3,0,0,blueberry_full_control
468,1,raspberry,165.5,3,0,0,raspberry_full_control
468,2,raspberry,180.0,2,0,0,time
469,1,blueberry,172.5,-3,0,0,blueberry_full_control
469,2,blueberry,165.0,-3,0,0,blueberry_full_control
470,1,raspberry,180.0,2,1,0,time
470,2,raspberry,180.0,2,1,1,time
471,1,raspberry,180.0,3,0,0,time
471,2,raspberry,180.0,3,0,0,time
472,1,blueberry,180.0,0,0,0,time
472,2,blueberry,180.0,-1,0,0,time
473,1,raspberry,180.0,2,1,0,time
473,2,raspberry,169.5,3,1,0,raspberry_full_control
474,1,blueberry,177.0,-3,0,0,blueberry_full_control
474,2,blueberry,180.0,-2,0,0,time
475,1,blueberry,154.0,-3,0,0,blueberry_full_control
475,2,blueberry,136.5,-3,0,0,blueberry_full_control
476,1,raspberry,180.0,1,0,0,time
476,2,blueberry,180.0,-3,0,0,time
476,3,blueberry,180.0,-3,0,0,time
477,1,raspberry,180.0,3,1,0,time
477,2,raspberry,158.0,3,1,1,raspberry_full_control
478,1,raspberry,180.0,3,0,0,time
478,2,blueberry,180.0,-2,0,0,time
478,3,raspberry,180.0,2,0,0,time
479,1,raspberry,180.0,3,0,0,time
479,2,blueberry,180.0,-3,0,0,time
479,3,raspberry,179.0,3,0,0,raspberry_full_control
480,1,blueberry,144.5,-3,0,0,blueberry_full_control
480,2,raspberry,180.0,2,0,0,time
480,3,blueberry,145.5,-3,0,0,blueberry_full_control
481,1,blueberry,180.0,-3,0,0,time
481,2,blueberry,180.0,-3,0,0,time
482,1,raspberry,180.0,3,0,0,time
482,2,blueberry,180.0,-3,0,0,time
482,3,blueberry,180.0,-3,0,0,time
483,1,raspberry,180.0,0,0,0,time
483,2,blueberry,180.0,-2,0,0,time
483,3,blueberry,180.0,-3,0,0,time
484,1,blueberry,178.5,-3,0,0,blueberry_full_control
484,2,raspberry,180.0,0,0,0,time
484,3,raspberry,180.0,2,1,1,time
485,1,raspberry,168.5,3,0,0,raspberry_full_control
485,2,raspberry,180.0,1,0,0,time
486,1,raspberry,163.5,3,0,0,raspberry_full_control
486,2,blueberry,154.5,-3,0,0,blueberry_full_control
486,3,raspberry,180.0,3,1,0,time
487,1,raspberry,180.0,0,0,0,time
487,2,raspberry,180.0,1,0,1,time
488,1,blueberry,145.5,-3,0,0,blueberry_full_control
488,2,blueberry,154.5,-3,0,0,blueberry_full_control
489,1,blueberry,180.0,-2,0,1,time
489,2,raspberry,180.0,2,0,1,time
489,3,raspberry,180.0,3,0,1,time
490,1,blueberry,172.5,-3,0,0,blueberry_full_control
490,2,raspberry,180.0,1,0,0,time
490,3,raspberry,180.0,2,1,0,time
491,1,raspberry,180.0,1,1,0,time
491,2,raspberry,180.0,2,1,0,time
492,1,blueberry,165.0,-3,0,1,blueberry_full_control
492,2,blueberry,180.0,-1,0,1,time
493,1,blueberry,133.5,-3,1,0,blueberry_full_control
493,2,raspberry,180.0,0,1,0,time
493,3,raspberry,157.5,3,1,0,raspberry_full_control
494,1,raspberry,180.0,3,0,0,time
494,2,raspberry,180.0,2,0,0,time
495,1,raspberry,180.0,2,0,0,time
495,2,raspberry,180.0,2,0,0,time
496,1,blueberry,180.0,-2,0,0,time
496,2,raspberry,180.0,2,0,0,time
496,3,blueberry,165.5,-3,0,0,blueberry_full_control
497,1,blueberry,149.5,-3,0,2,blueberry_full_control
497,2,blueberry,99.5,-3,0,2,blueberry_full_control
498,1,blueberry,180.0,-3,0,0,time
498,2,blueberry,172.5,-3,0,0,blueberry_full_control
499,1,raspberry,180.0,2,0,0,time
499,2,blueberry,124.0,-3,0,0,blueberry_full_control
499,3,blueberry,124.5,-3,0,0,blueberry_full_control
500,1,blueberry,134.0,-3,0,0,blueberry_full_control
500,2,blueberry,180.0,-1,0,0,time
501,1,blueberry,165.0,-3,0,0,blueberry_full_control
501,2,blueberry,180.0,-3,0,0,time
502,1,blueberry,138.5,-3,0,0,blueberry_full_control
502,2,blueberry,180.0,-3,0,0,time
503,1,raspberry,165.5,3,0,0,raspberry_full_control
503,2,raspberry,176.0,3,0,0,raspberry_full_control
504,1,blueberry,123.0,-3,0,0,blueberry_full_control
504,2,blueberry,180.0,-3,0,0,time
505,1,blueberry,180.0,-3,0,0,time
505,2,blueberry,180.0,-2,0,0,time
506,1,blueberry,168.0,-3,0,0,blueberry_full_control
506,2,blueberry,110.5,-3,0,0,blueberry_full_control
507,1,raspberry,180.0,3,0,0,time
507,2,blueberry,139.5,-3,0,0,blueberry_full_control
507,3,raspberry,180.0,0,0,0,time
508,1,raspberry,180.0,1,0,0,time
508,2,raspberry,180.0,1,0,0,time
509,1,raspberry,180.0,3,0,1,time
509,2,blueberry,180.0,-1,0,1,time
509,3,raspberry,180.0,2,0,1,time
510,1,blueberry,153.0,-3,0,0,blueberry_full_control
510,2,blueberry,142.5,-3,0,0,blueberry_full_control
511,1,blueberry,143.0,-3,0,0,blueberry_full_control
511,2,blueberry,167.0,-3,0,0,blueberry_full_control
512,1,raspberry,180.0,1,0,0,time
512,2,raspberry,180.0,0,0,0,time
513,1,raspberry,180.0,1,0,0,time
513,2,blueberry,142.5,-3,0,0,blueberry_full_control
513,3,raspberry,180.0,1,0,0,time
514,1,raspberry,180.0,1,0,0,time
514,2,blueberry,169.0,-3,0,0,blueberry_full_control
514,3,raspberry,180.0,3,0,0,time
515,1,blueberry,168.0,-3,0,0,blueberry_full_control
515,2,blueberry,180.0,-2,0,1,time
516,1,blueberry,135.0,-3,0,0,blueberry_full_control
516,2,blueberry,126.0,-3,0,0,blueberry_full_control
517,1,raspberry,180.0,3,0,0,time
517,2,blueberry,132.0,-3,0,0,blueberry_full_control
517,3,raspberry,180.0,1,0,0,time
518,1,raspberry,180.0,3,0,0,time
518,2,blueberry,143.0,-3,0,0,blueberry_full_control
518,3,raspberry,180.0,2,2,0,time
519,1,blueberry,180.0,-1,1,2,time
519,2,raspberry,180.0,3,1,2,time
519,3,blueberry,142.0,-3,1,2,blueberry_full_control
520,1,raspberry,180.0,3,0,0,time
520,2,raspberry,180.0,2,0,0,time
521,1,blueberry,180.0,-3,0,0,time
521,2,raspberry,180.0,2,1,0,time
521,3,raspberry,180.0,3,2,1,time
522,1,raspberry,180.0,2,0,0,time
522,2,raspberry,180.0,3,0,0,time
523,1,blueberry,154.5,-3,0,1,blueberry_full_control
523,2,blueberry,153.0,-3,0,1,blueberry_full_control
524,1,blueberry,180.0,-3,0,0,time
524,2,blueberry,145.5,-3,0,0,blueberry_full_control
525,1,raspberry,180.0,2,0,0,time
525,2,blueberry,180.0,-3,0,0,time
525,3,blueberry,180.0,-1,0,0,time
526,1,raspberry,180.0,3,0,0,time
526,2,blueberry,160.0,-3,0,0,blueberry_full_control
526,3,blueberry,180.0,-3,0,1,time
527,1,blueberry,154.5,-3,0,0,blueberry_full_control
527,2,raspberry,180.0,3,1,0,time
527,3,raspberry,180.0,3,1,0,time
528,1,raspberry,180.0,2,0,0,time
528,2,blueberry,180.0,-2,0,0,time
528,3,blueberry,180.0,-2,0,0,time
529,1,raspberry,180.0,2,0,0,time
529,2,blueberry,142.5,-3,0,0,blueberry_full_control
529,3,raspberry,180.0,2,0,0,time
530,1,blueberry,145.5,-3,0,0,blueberry_full_control
530,2,raspberry,180.0,1,0,0,time
530,3,raspberry,180.0,0,0,1,time
531,1,blueberry,142.5,-3,0,1,blueberry_full_control
531,2,raspberry,180.0,2,0,1,time
531,3,blueberry,133.5,-3,0,1,blueberry_full_control
532,1,raspberry,180.0,3,0,0,time
532,2,raspberry,180.0,3,1,1,time
533,1,blueberry,132.0,-3,0,1,blueberry_full_control
533,2,raspberry,180.0,3,1,1,time
533,3,raspberry,180.0,2,1,1,time
534,1,blueberry,180.0,-3,0,0,time
534,2,raspberry,180.0,2,0,0,time
534,3,blueberry,144.0,-3,0,0,blueberry_full_control
535,1,blueberry,155.5,-3,0,0,blueberry_full_control
535,2,blueberry,142.5,-3,0,0,blueberry_full_control
536,1,raspberry,180.0,3,0,0,time
536,2,raspberry,180.0,1,0,0,time
537,1,raspberry,180.0,1,0,0,time
537,2,blueberry,180.0,-1,0,0,time
537,3,blueberry,155.5,-3,0,1,blueberry_full_control
538,1,blueberry,180.0,-1,0,0,time
538,2,raspberry,180.0,1,0,0,time
538,3,blueberry,157.0,-3,0,0,blueberry_full_control
539,1,blueberry,140.0,-3,0,0,blueberry_full_control
539,2,blueberry,145.5,-3,0,0,blueberry_full_control
540,1,blueberry,178.5,-3,0,0,blueberry_full_control
540,2,blueberry,147.0,-3,0,0,blueberry_full_control
541,1,blueberry,180.0,-2,0,0,time
541,2,raspberry,180.0,1,1,0,time
541,3,raspberry,176.0,3,1,0,raspberry_full_control
542,1,blueberry,172.5,-3,0,0,blueberry_full_control
542,2,blueberry,180.0,-1,0,0,time
543,1,blueberry,135.0,-3,0,0,blueberry_full_control
543,2,blueberry,143.0,-3,0,0,blueberry_full_control
544,1,raspberry,180.0,1,0,1,time
544,2,blueberry,180.0,-3,0,1,time
544,3,raspberry,180.0,2,0,1,time
545,1,raspberry,180.0,3,0,0,time
545,2,blueberry,180.0,0,0,0,time
545,3,blueberry,180.0,-2,0,1,time
546,1,blueberry,180.0,-1,0,0,time
546,2,blueberry,180.0,-2,0,0,time
547,1,blueberry,153.0,-3,0,0,blueberry_full_control
547,2,blueberry,180.0,-2,0,1,time
548,1,blueberry,174.0,-3,0,1,blueberry_full_control
548,2,blueberry,143.5,-3,0,1,blueberry_full_control
549,1,raspberry,180.0,2,0,0,time
549,2,raspberry,180.0,1,0,0,time
550,1,blueberry,180.0,-2,1,0,time
550,2,raspberry,180.0,2,1,0,time
550,3,raspberry,167.0,3,1,0,raspberry_full_control
551,1,blueberry,174.5,-3,0,0,blueberry_full_control
551,2,blueberry,136.5,-3,0,0,blueberry_full_control
552,1,blueberry,180.0,-3,0,0,time
552,2,blueberry,172.5,-3,0,0,blueberry_full_control
553,1,blueberry,180.0,-2,0,0,time
553,2,raspberry,180.0,1,0,0,time
553,3,blueberry,165.0,-3,0,0,blueberry_full_control
554,1,blueberry,180.0,-2,0,0,time
554,2,blueberry,163.5,-3,0,0,blueberry_full_control
555,1,raspberry,180.0,3,0,0,time
555,2,blueberry,156.0,-3,0,0,blueberry_full_control
555,3,raspberry,180.0,1,0,0,time
556,1,raspberry,180.0,1,0,0,time
556,2,raspberry,180.0,1,0,0,time
557,1,blueberry,175.5,-3,0,0,blueberry_full_control
557,2,blueberry,180.0,-1,0,0,time
558,1,raspberry,180.0,1,0,0,time
558,2,raspberry,177.5,3,0,0,raspberry_full_control
559,1,blueberry,135.0,-3,0,0,blueberry_full_control
559,2,raspberry,180.0,3,0,0,time
559,3,blueberry,123.0,-3,0,0,blueberry_full_control
560,1,raspberry,180.0,3,0,0,time
560,2,raspberry,180.0,3,0,0,time
561,1,raspberry,180.0,2,0,1,time
561,2,blueberry,135.0,-3,0,1,blueberry_full_control
561,3,blueberry,135.0,-3,0,1,blueberry_full_control
562,1,blueberry,180.0,-3,0,0,time
562,2,blueberry,152.0,-3,0,0,blueberry_full_control
563,1,raspberry,180.0,0,0,1,time
563,2,blueberry,147.0,-3,0,3,blueberry_full_control
563,3,blueberry,108.0,-3,0,3,blueberry_full_control
564,1,raspberry,180.0,2,0,0,time
564,2,raspberry,180.0,2,0,0,time
565,1,raspberry,174.0,3,0,0,raspberry_full_control
565,2,blueberry,180.0,-2,0,2,time
565,3,blueberry,107.5,-3,0,2,blueberry_full_control
566,1,blueberry,136.5,-3,0,0,blueberry_full_control
566,2,blueberry,134.0,-3,0,0,blueberry_full_control
567,1,blueberry,151.0,-3,0,0,blueberry_full_control
567,2,blueberry,180.0,-1,0,0,time
568,1,raspberry,180.0,2,0,0,time
568,2,blueberry,174.0,-3,0,0,blueberry_full_control
568,3,blueberry,180.0,-2,0,1,time
569,1,blueberry,145.5,-3,0,1,blueberry_full_control
569,2,blueberry,180.0,-2,0,2,time
570,1,blueberry,180.0,-1,0,0,time
570,2,blueberry,180.0,-1,0,0,time
571,1,blueberry,164.5,-3,0,0,blueberry_full_control
571,2,blueberry,180.0,-3,0,0,time
572,1,blueberry,124.5,-3,0,0,blueberry_full_control
572,2,blueberry,149.0,-3,0,0,blueberry_full_control
573,1,raspberry,180.0,2,0,0,time
573,2,blueberry,180.0,-1,0,0,time
573,3,blueberry,180.0,0,0,0,time
574,1,raspberry,180.0,3,0,0,time
574,2,blueberry,171.5,-3,0,0,blueberry_full_control
574,3,blueberry,122.5,-3,0,0,blueberry_full_control
575,1,blueberry,180.0,-1,0,1,time
575,2,blueberry,180.0,-1,0,1,time
576,1,blueberry,155.5,-3,0,0,blueberry_full_control
576,2,blueberry,157.5,-3,0,0,blueberry_full_control
577,1,blueberry,123.0,-3,0,0,blueberry_full_control
577,2,blueberry,127.0,-3,0,0,blueberry_full_control
578,1,raspberry,180.0,0,0,0,time
578,2,raspberry,180.0,0,0,0,time
579,1,raspberry,180.0,3,1,1,time
579,2,blueberry,146.5,-3,1,1,blueberry_full_control
579,3,blueberry,148.5,-3,1,1,blueberry_full_control
580,1,raspberry,180.0,0,0,0,time
580,2,raspberry,180.0,1,0,1,time
581,1,raspberry,180.0,3,0,0,time
581,2,raspberry,177.5,3,0,0,raspberry_full_control
582,1,raspberry,165.5,3,0,1,raspberry_full_control
582,2,raspberry,180.0,3,0,1,time
583,1,blueberry,180.0,-3,0,0,time
583,2,blueberry,180.0,-3,0,0,time
584,1,blueberry,180.0,-3,0,0,time
584,2,blueberry,135.0,-3,0,2,blueberry_full_control
585,1,blueberry,161.5,-3,0,1,blueberry_full_control
585,2,blueberry,169.5,-3,0,1,blueberry_full_control
586,1,blueberry,153.0,-3,0,0,blueberry_full_control
586,2,blueberry,141.5,-3,0,0,blueberry_full_control
587,1,blueberry,154.5,-3,0,0,blueberry_full_control
587,2,blueberry,157.5,-3,0,0,blueberry_full_control
588,1,raspberry,180.0,2,0,0,time
588,2,blueberry,180.0,-3,0,0,time
588,3,blueberry,171.0,-3,0,0,blueberry_full_control
589,1,raspberry,180.0,2,0,0,time
589,2,blueberry,180.0,-2,0,0,time
589,3,blueberry,180.0,-3,0,0,time
590,1,raspberry,180.0,0,0,0,time
590,2,raspberry,180.0,1,0,0,time
591,1,blueberry,163.0,-3,0,0,blueberry_full_control
591,2,blueberry,180.0,-3,0,0,time
592,1,blueberry,139.5,-3,0,1,blueberry_full_control
592,2,blueberry,135.0,-3,0,1,blueberry_full_control
593,1,blueberry,180.0,-1,0,0,time
593,2,raspberry,180.0,2,0,0,time
593,3,blueberry,165.5,-3,0,0,blueberry_full_control
594,1,raspberry,180.0,3,0,0,time
594,2,raspberry,180.0,2,0,0,time
595,1,blueberry,180.0,-3,0,0,time
595,2,blueberry,180.0,-3,0,0,time
596,1,blueberry,180.0,-2,0,0,time
596,2,raspberry,180.0,2,0,1,time
596,3,blueberry,144.0,-3,0,1,blueberry_full_control
597,1,raspberry,180.0,1,1,0,time
597,2,raspberry,180.0,2,1,0,time
598,1,blueberry,144.0,-3,0,0,blueberry_full_control
598,2,blueberry,136.5,-3,0,0,blueberry_full_control
599,1,raspberry,180.0,3,0,0,time
599,2,blueberry,180.0,-1,0,0,time
599,3,blueberry,155.5,-3,0,0,blueberry_full_control
600,1,raspberry,180.0,3,0,0,time
600,2,blueberry,147.0,-3,0,0,blueberry_full_control
600,3,blueberry,180.0,-1,0,1,time
601,1,blueberry,144.5,-3,0,0,blueberry_full_control
601,2,raspberry,180.0,1,0,0,time
601,3,blueberry,154.5,-3,0,0,blueberry_full_control
602,1,blueberry,154.5,-3,0,0,blueberry_full_control
602,2,blueberry,180.0,-2,0,1,time
603,1,raspberry,180.0,1,0,0,time
603,2,blueberry,134.0,-3,0,0,blueberry_full_control
603,3,blueberry,138.0,-3,0,0,blueberry_full_control
604,1,blueberry,180.0,-2,0,0,time
604,2,blueberry,180.0,-1,0,0,time
605,1,blueberry,180.0,-1,0,0,time
605,2,raspberry,180.0,1,0,0,time
605,3,raspberry,180.0,2,2,0,time
606,1,raspberry,180.0,3,0,0,time
606,2,raspberry,180.0,2,0,0,time
607,1,raspberry,180.0,2,0,0,time
607,2,blueberry,180.0,-2,0,0,time
607,3,blueberry,180.0,-2,0,0,time
608,1,raspberry,180.0,2,1,0,time
608,2,raspberry,180.0,3,1,0,time
609,1,blueberry,180.0,-2,0,1,time
609,2,blueberry,174.0,-3,0,1,blueberry_full_control
610,1,blueberry,171.5,-3,0,0,blueberry_full_control
610,2,raspberry,180.0,2,0,0,time
610,3,blueberry,180.0,-3,0,0,time
611,1,blueberry,170.5,-3,0,0,blueberry_full_control
611,2,blueberry,180.0,-3,0,0,time
612,1,raspberry,180.0,2,0,0,time
612,2,raspberry,180.0,3,0,0,time
613,1,blueberry,180.0,-2,0,0,time
613,2,blueberry,180.0,0,0,0,time
614,1,raspberry,180.0,2,0,0,time
614,2,blueberry,171.5,-3,0,0,blueberry_full_control
614,3,blueberry,180.0,-3,0,1,time
615,1,raspberry,180.0,2,1,0,time
615,2,raspberry,180.0,1,1,1,time
616,1,raspberry,180.0,3,0,0,time
616,2,blueberry,180.0,-3,0,1,time
616,3,blueberry,180.0,-3,0,1,time
617,1,blueberry,180.0,-2,0,0,time
617,2,blueberry,180.0,-3,0,0,time
618,1,raspberry,180.0,3,0,1,time
618,2,blueberry,180.0,-1,0,1,time
618,3,blueberry,180.0,-2,0,1,time
619,1,blueberry,180.0,-2,0,0,time
619,2,raspberry,180.0,3,0,0,time
619,3,blueberry,180.0,-1,0,1,time
620,1,blueberry,156.0,-3,0,0,blueberry_full_control
620,2,blueberry,154.5,-3,0,1,blueberry_full_control
621,1,blueberry,180.0,-1,0,0,time
621,2,blueberry,180.0,-2,0,0,time
622,1,blueberry,173.0,-3,0,0,blueberry_full_control
622,2,raspberry,180.0,3,1,1,time
622,3,raspberry,180.0,3,1,1,time
623,1,blueberry,174.0,-3,0,0,blueberry_full_control
623,2,blueberry,180.0,-3,0,0,time
624,1,blueberry,180.0,0,2,0,time
624,2,raspberry,156.5,3,2,0,raspberry_full_control
624,3,raspberry,180.0,2,2,0,time
625,1,blueberry,180.0,-3,0,0,time
625,2,blueberry,161.5,-3,0,0,blueberry_full_control
626,1,raspberry,180.0,1,0,1,time
626,2,blueberry,150.0,-3,0,1,blueberry_full_control
626,3,blueberry,180.0,-3,0,1,time
627,1,raspberry,180.0,2,0,0,time
627,2,raspberry,180.0,2,0,0,time
628,1,raspberry,180.0,2,0,0,time
628,2,raspberry,180.0,2,0,0,time
629,1,blueberry,180.0,-2,0,0,time
629,2,blueberry,180.0,-2,0,0,time
630,1,raspberry,180.0,2,1,1,time
630,2,blueberry,180.0,-1,1,1,time
630,3,blueberry,129.5,-3,1,1,blueberry_full_control
631,1,blueberry,180.0,-2,0,0,time
631,2,blueberry,120.5,-3,0,0,blueberry_full_control
632,1,raspberry,180.0,3,0,0,time
632,2,raspberry,180.0,3,0,0,time
633,1,blueberry,180.0,0,0,0,time
633,2,raspberry,180.0,2,0,0,time
633,3,blueberry,180.0,-2,0,0,time
634,1,blueberry,145.5,-3,0,0,blueberry_full_control
634,2,blueberry,180.0,-3,0,0,time
635,1,raspberry,180.0,3,0,0,time
635,2,raspberry,180.0,3,0,0,time
636,1,raspberry,171.5,3,0,0,raspberry_full_control
636,2,raspberry,175.5,3,0,1,raspberry_full_control
637,1,blueberry,180.0,-3,0,0,time
637,2,blueberry,143.0,-3,0,0,blueberry_full_control
638,1,blueberry,144.5,-3,0,0,blueberry_full_control
638,2,blueberry,142.5,-3,0,0,blueberry_full_control
639,1,raspberry,180.0,2,0,0,time
639,2,blueberry,180.0,-2,0,0,time
639,3,raspberry,180.0,2,0,0,time
640,1,blueberry,145.5,-3,0,0,blueberry_full_control
640,2,blueberry,152.5,-3,0,0,blueberry_full_control
641,1,blueberry,145.5,-3,0,0,blueberry_full_control
641,2,blueberry,138.5,-3,0,0,blueberry_full_control
642,1,blueberry,180.0,-2,0,0,time
642,2,raspberry,180.0,2,0,0,time
642,3,blueberry,129.5,-3,0,0,blueberry_full_control
643,1,raspberry,180.0,2,0,1,time
643,2,blueberry,124.5,-3,0,2,blueberry_full_control
643,3,blueberry,112.0,-3,0,2,blueberry_full_control
644,1,raspberry,180.0,1,0,0,time
644,2,blueberry,180.0,-3,0,0,time
644,3,blueberry,180.0,-3,0,0,time
645,1,blueberry,139.0,-3,0,0,blueberry_full_control
645,2,raspberry,180.0,2,1,0,time
645,3,raspberry,180.0,2,1,0,time
646,1,raspberry,180.0,1,0,0,time
646,2,blueberry,137.5,-3,0,0,blueberry_full_control
646,3,blueberry,142.5,-3,0,0,blueberry_full_control
647,1,raspberry,180.0,1,0,0,time
647,2,blueberry,178.0,-3,0,0,blueberry_full_control
647,3,raspberry,180.0,2,0,0,time
648,1,raspberry,180.0,2,0,0,time
648,2,raspberry,180.0,3,0,0,time
649,1,blueberry,150.5,-3,0,1,blueberry_full_control
649,2,blueberry,134.5,-3,0,1,blueberry_full_control
650,1,blueberry,180.0,-1,0,0,time
650,2,raspberry,180.0,2,0,0,time
650,3,raspberry,180.0,2,0,0,time
651,1,blueberry,112.5,-3,0,0,blueberry_full_control
651,2,blueberry,112.5,-3,0,0,blueberry_full_control
652,1,blueberry,120.5,-3,0,0,blueberry_full_control
652,2,blueberry,180.0,-2,0,1,time
653,1,blueberry,151.0,-3,0,0,blueberry_full_control
653,2,blueberry,136.0,-3,0,0,blueberry_full_control
654,1,blueberry,140.0,-3,0,0,blueberry_full_control
654,2,blueberry,180.0,-2,1,0,time
655,1,blueberry,180.0,-3,0,0,time
655,2,raspberry,172.0,3,0,0,raspberry_full_control
655,3,blueberry,180.0,-1,0,0,time
656,1,blueberry,163.0,-3,0,0,blueberry_full_control
656,2,blueberry,148.5,-3,0,0,blueberry_full_control
657,1,raspberry,180.0,3,0,0,time
657,2,raspberry,158.0,3,0,0,raspberry_full_control
658,1,raspberry,180.0,1,0,0,time
658,2,raspberry,180.0,1,0,0,time
659,1,blueberry,180.0,-2,0,0,time
659,2,blueberry,180.0,-1,0,1,time
660,1,blueberry,145.5,-3,0,0,blueberry_full_control
660,2,raspberry,180.0,2,0,0,time
660,3,blueberry,140.5,-3,0,0,blueberry_full_control
661,1,blueberry,142.0,-3,0,0,blueberry_full_control
661,2,blueberry,180.0,-2,0,0,time
662,1,raspberry,173.5,3,1,0,raspberry_full_control
662,2,raspberry,180.0,3,1,0,time
663,1,blueberry,180.0,-3,0,2,time
663,2,blueberry,119.5,-3,0,2,blueberry_full_control
664,1,blueberry,151.0,-3,0,0,blueberry_full_control
664,2,blueberry,176.0,-3,0,2,blueberry_full_control
665,1,blueberry,180.0,0,0,0,time
665,2,blueberry,180.0,-2,0,0,time
666,1,raspberry,149.0,3,1,0,raspberry_full_control
666,2,raspberry,180.0,2,3,0,time
667,1,raspberry,180.0,1,0,0,time
667,2,raspberry,180.0,3,0,0,time
668,1,blueberry,171.5,-3,0,2,blueberry_full_control
668,2,raspberry,180.0,2,2,2,time
668,3,raspberry,180.0,2,2,3,time
669,1,raspberry,180.0,2,0,0,time
669,2,raspberry,180.0,3,0,0,time
670,1,blueberry,121.5,-3,0,0,blueberry_full_control
670,2,blueberry,124.0,-3,0,0,blueberry_full_control
671,1,raspberry,180.0,0,0,0,time
671,2,raspberry,180.0,0,2,0,time
672,1,raspberry,180.0,2,0,0,time
672,2,raspberry,180.0,2,0,0,time
673,1,raspberry,180.0,1,0,0,time
673,2,blueberry,180.0,-1,0,0,time
673,3,blueberry,180.0,-1,0,0,time
674,1,raspberry,180.0,3,0,0,time
674,2,raspberry,180.0,2,0,0,time
675,1,raspberry,176.0,3,0,0,raspberry_full_control
675,2,blueberry,144.0,-3,0,0,blueberry_full_control
675,3,raspberry,180.0,1,0,0,time
676,1,blueberry,162.5,-3,1,0,blueberry_full_control
676,2,raspberry,180.0,3,1,0,time
676,3,raspberry,180.0,3,1,0,time
677,1,raspberry,173.0,3,2,0,raspberry_full_control
677,2,raspberry,144.0,3,2,0,raspberry_full_control
678,1,blueberry,180.0,-3,0,0,time
678,2,blueberry,180.0,-2,0,0,time
679,1,raspberry,180.0,3,1,0,time
679,2,raspberry,176.5,3,1,0,raspberry_full_control
680,1,raspberry,164.0,3,0,0,raspberry_full_control
680,2,blueberry,173.5,-3,0,0,blueberry_full_control
680,3,raspberry,180.0,2,0,1,time
681,1,raspberry,176.0,3,0,0,raspberry_full_control
681,2,blueberry,163.5,-3,0,0,blueberry_full_control
681,3,raspberry,180.0,1,0,0,time
682,1,raspberry,180.0,1,0,0,time
682,2,blueberry,180.0,-1,0,0,time
682,3,blueberry,180.0,-2,1,0,time
683,1,blueberry,156.0,-3,0,0,blueberry_full_control
683,2,raspberry,180.0,2,0,1,time
683,3,blueberry,180.0,-3,0,2,time
684,1,raspberry,180.0,2,0,0,time
684,2,raspberry,180.0,3,1,1,time
685,1,raspberry,175.5,3,1,0,raspberry_full_control
685,2,blueberry,178.0,-3,1,0,blueberry_full_control
685,3,blueberry,180.0,-2,1,0,time
686,1,raspberry,180.0,2,0,0,time
686,2,blueberry,180.0,-2,0,0,time
686,3,raspberry,180.0,3,1,1,time
687,1,blueberry,180.0,-2,0,0,time
687,2,raspberry,180.0,2,0,0,time
687,3,raspberry,180.0,0,0,0,time
688,1,raspberry,180.0,2,0,0,time
688,2,raspberry,180.0,3,0,0,time
689,1,raspberry,180.0,1,0,0,time
689,2,raspberry,180.0,2,0,0,time
690,1,raspberry,180.0,3,0,0,time
690,2,raspberry,180.0,1,0,0,time
691,1,blueberry,148.0,-3,0,0,blueberry_full_control
691,2,blueberry,179.5,-3,0,0,blueberry_full_control
692,1,blueberry,136.5,-3,0,0,blueberry_full_control
692,2,blueberry,134.0,-3,0,0,blueberry_full_control
693,1,blueberry,150.5,-3,0,0,blueberry_full_control
693,2,blueberry,180.0,-1,0,0,time
694,1,blueberry,164.0,-3,0,0,blueberry_full_control
694,2,blueberry,152.0,-3,0,0,blueberry_full_control
695,1,blueberry,180.0,-3,0,0,time
695,2,blueberry,180.0,-2,0,0,time
696,1,raspberry,180.0,0,0,1,time
696,2,raspberry,180.0,3,1,1,time
697,1,raspberry,180.0,2,0,0,time
697,2,blueberry,175.5,-3,0,0,blueberry_full_control
697,3,raspberry,180.0,1,1,0,time
698,1,blueberry,180.0,-3,0,0,time
698,2,raspberry,180.0,2,0,0,time
698,3,blueberry,180.0,-2,0,0,time
699,1,raspberry,180.0,2,1,1,time
699,2,blueberry,180.0,-3,1,1,time
699,3,blueberry,180.0,-2,2,2,time
700,1,raspberry,180.0,1,1,0,time
700,2,raspberry,180.0,1,2,0,time
701,1,raspberry,180.0,2,0,1,time
701,2,blueberry,164.5,-3,0,2,blueberry_full_control
701,3,blueberry,113.5,-3,0,2,blueberry_full_control
702,1,blueberry,157.0,-3,0,0,blueberry_full_control
702,2,blueberry,180.0,-3,0,0,time
703,1,raspberry,180.0,2,0,0,time
703,2,blueberry,180.0,-3,0,0,time
703,3,blueberry,180.0,-3,0,0,time
704,1,blueberry,180.0,-1,0,0,time
704,2,raspberry,180.0,0,0,1,time
704,3,raspberry,180.0,2,1,1,time
705,1,raspberry,180.0,1,0,0,time
705,2,blueberry,131.5,-3,0,0,blueberry_full_control
705,3,blueberry,180.0,-2,2,1,time
706,1,raspberry,173.0,3,0,0,raspberry_full_control
706,2,raspberry,180.0,1,0,0,time
707,1,blueberry,128.0,-3,0,0,blueberry_full_control
707,2,raspberry,162.5,3,0,0,raspberry_full_control
707,3,blueberry,171.0,-3,0,1,blueberry_full_control
708,1,raspberry,180.0,3,0,0,time
708,2,blueberry,180.0,-2,0,0,time
708,3,blueberry,180.0,-2,0,0,time
709,1,raspberry,170.0,3,0,0,raspberry_full_control
709,2,blueberry,180.0,-3,0,0,time
709,3,raspberry,180.0,1,0,0,time
710,1,blueberry,180.0,-3,1,1,time
710,2,blueberry,180.0,-2,1,2,time
711,1,raspberry,180.0,3,0,0,time
711,2,raspberry,180.0,1,0,0,time
712,1,blueberry,180.0,-3,0,0,time
712,2,blueberry,165.5,-3,0,0,blueberry_full_control
713,1,raspberry,180.0,3,0,0,time
713,2,blueberry,155.0,-3,0,0,blueberry_full_control
713,3,raspberry,180.0,1,0,0,time
714,1,raspberry,178.0,3,2,0,raspberry_full_control
714,2,raspberry,164.0,3,2,1,raspberry_full_control
715,1,blueberry,126.5,-3,0,0,blueberry_full_control
715,2,blueberry,142.5,-3,0,0,blueberry_full_control
716,1,blueberry,133.5,-3,0,0,blueberry_full_control
716,2,blueberry,117.0,-3,1,0,blueberry_full_control
717,1,blueberry,123.0,-3,0,0,blueberry_full_control
717,2,blueberry,180.0,-3,0,1,time
718,1,blueberry,124.5,-3,0,0,blueberry_full_control
718,2,blueberry,124.5,-3,0,0,blueberry_full_control
719,1,blueberry,112.5,0,0,0,raspberry_full_control
719,2,raspberry,180.0,2,0,1,time
719,3,raspberry,180.0,2,3,1,time
720,1,blueberry,131.0,-3,0,0,blueberry_full_control
720,2,blueberry,128.0,-3,0,0,blueberry_full_control
721,1,blueberry,180.0,0,2,1,time
721,2,raspberry,180.0,2,2,1,time
721,3,raspberry,180.0,3,2,1,time
722,1,blueberry,180.0,-2,0,0,time
722,2,blueberry,180.0,-2,0,0,time
723,1,blueberry,180.0,-1,0,0,time
723,2,blueberry,180.0,-3,0,1,time
724,1,blueberry,151.5,-3,0,0,blueberry_full_control
724,2,blueberry,154.5,-3,0,0,blueberry_full_control
725,1,blueberry,153.0,-3,0,0,blueberry_full_control
725,2,blueberry,138.5,-3,0,0,blueberry_full_control
726,1,blueberry,133.5,-3,0,1,blueberry_full_control
726,2,blueberry,172.5,-3,0,1,blueberry_full_control
727,1,blueberry,118.5,-3,0,0,blueberry_full_control
727,2,blueberry,150.0,-3,0,0,blueberry_full_control
728,1,blueberry,180.0,-3,0,0,time
728,2,blueberry,112.5,-3,0,0,blueberry_full_control
729,1,raspberry,178.0,3,0,0,raspberry_full_control
729,2,raspberry,180.0,3,0,0,time
730,1,blueberry,123.0,-3,0,0,blueberry_full_control
730,2,blueberry,134.0,-3,0,0,blueberry_full_control
731,1,blueberry,180.0,0,0,0,time
731,2,blueberry,123.0,-3,0,0,blueberry_full_control
732,1,blueberry,123.0,-3,0,0,blueberry_full_control
732,2,blueberry,123.0,-3,1,0,blueberry_full_control
733,1,blueberry,180.0,-2,0,1,time
733,2,blueberry,134.0,-3,0,1,blueberry_full_control
734,1,blueberry,135.0,-3,0,0,blueberry_full_control
734,2,blueberry,123.0,-3,0,0,blueberry_full_control
735,1,blueberry,123.0,-3,0,0,blueberry_full_control
735,2,blueberry,123.0,-3,0,0,blueberry_full_control
736,1,blueberry,180.0,-3,0,0,time
736,2,raspberry,180.0,0,0,0,time
736,3,blueberry,136.5,-3,0,0,blueberry_full_control
737,1,blueberry,130.0,-3,0,0,blueberry_full_control
737,2,blueberry,151.0,-3,0,0,blueberry_full_control
738,1,blueberry,180.0,-3,0,0,time
738,2,blueberry,123.5,-3,0,0,blueberry_full_control
739,1,blueberry,139.5,-3,0,0,blueberry_full_control
739,2,blueberry,156.5,-3,0,0,blueberry_full_control
740,1,blueberry,180.0,-1,0,0,time
740,2,raspberry,180.0,2,0,0,time
740,3,raspberry,180.0,1,1,0,time
741,1,blueberry,112.5,-3,0,0,blueberry_full_control
741,2,blueberry,180.0,-3,0,0,time
742,1,blueberry,141.5,-3,0,2,blueberry_full_control
742,2,blueberry,160.0,-3,0,2,blueberry_full_control
743,1,blueberry,112.5,-3,0,0,blueberry_full_control
743,2,blueberry,172.5,-3,0,0,blueberry_full_control
744,1,raspberry,180.0,2,0,0,time
744,2,blueberry,180.0,-2,0,1,time
744,3,raspberry,180.0,3,0,1,time
745,1,blueberry,180.0,-1,0,0,time
745,2,blueberry,124.5,-3,0,0,blueberry_full_control
746,1,blueberry,148.5,-3,0,0,blueberry_full_control
746,2,blueberry,133.5,-3,0,0,blueberry_full_control
747,1,blueberry,180.0,0,0,0,time
747,2,raspberry,164.0,3,0,0,raspberry_full_control
747,3,raspberry,180.0,2,0,0,time
748,1,blueberry,139.0,-3,0,0,blueberry_full_control
748,2,raspberry,180.0,1,0,0,time
748,3,blueberry,180.0,-1,0,0,time
749,1,blueberry,165.5,-3,0,0,blueberry_full_control
749,2,blueberry,180.0,-1,0,0,time
750,1,raspberry,180.0,3,0,0,time
750,2,raspberry,180.0,3,0,0,time
751,1,raspberry,180.0,3,0,0,time
751,2,raspberry,180.0,3,0,0,time
752,1,blueberry,180.0,-2,0,0,time
752,2,raspberry,180.0,0,0,0,time
752,3,blueberry,180.0,-2,0,0,time
753,1,blueberry,180.0,-2,0,0,time
753,2,raspberry,180.0,2,1,1,time
753,3,blueberry,115.5,-3,1,1,blueberry_full_control
754,1,raspberry,180.0,1,0,0,time
754,2,raspberry,180.0,3,0,0,time
755,1,blueberry,171.0,-3,0,0,blueberry_full_control
755,2,blueberry,180.0,-1,0,0,time
756,1,blueberry,180.0,-3,0,0,time
756,2,blueberry,137.5,-3,0,0,blueberry_full_control
757,1,blueberry,121.5,-3,0,0,blueberry_full_control
757,2,blueberry,140.0,-3,0,0,blueberry_full_control
758,1,blueberry,174.0,-3,0,1,blueberry_full_control
758,2,blueberry,124.5,-3,0,1,blueberry_full_control
759,1,blueberry,126.0,-3,0,0,blueberry_full_control
759,2,blueberry,134.5,-3,0,0,blueberry_full_control
760,1,blueberry,136.5,-3,0,0,blueberry_full_control
760,2,blueberry,180.0,-2,0,0,time
761,1,blueberry,119.0,-3,0,0,blueberry_full_control
761,2,blueberry,119.5,-3,0,0,blueberry_full_control
762,1,blueberry,147.0,-3,0,0,blueberry_full_control
762,2,blueberry,180.0,-3,0,1,time
763,1,raspberry,172.0,3,0,0,raspberry_full_control
763,2,raspberry,179.0,3,0,0,raspberry_full_control
764,1,blueberry,152.5,-3,0,2,blueberry_full_control
764,2,blueberry,137.0,-3,0,2,blueberry_full_control
765,1,blueberry,117.0,-3,0,0,blueberry_full_control
765,2,blueberry,166.0,-3,0,0,blueberry_full_control
766,1,blueberry,147.0,-3,0,0,blueberry_full_control
766,2,blueberry,180.0,-2,0,0,time
767,1,blueberry,180.0,-2,0,0,time
767,2,raspberry,180.0,2,0,0,time
767,3,raspberry,180.0,2,0,0,time
768,1,raspberry,172.5,3,0,0,raspberry_full_control
768,2,raspberry,166.0,3,0,0,raspberry_full_control
769,1,raspberry,180.0,2,0,0,time
769,2,blueberry,131.0,-3,0,0,blueberry_full_control
769,3,blueberry,172.5,-3,0,1,blueberry_full_control
770,1,blueberry,141.0,-3,0,1,blueberry_full_control
770,2,blueberry,180.0,-2,0,1,time
771,1,raspberry,180.0,3,0,0,time
771,2,blueberry,165.0,-3,0,0,blueberry_full_control
771,3,raspberry,180.0,1,0,0,time
772,1,raspberry,180.0,1,0,1,time
772,2,blueberry,118.0,-3,1,1,blueberry_full_control
772,3,blueberry,180.0,-3,1,1,time
773,1,blueberry,136.0,-3,0,0,blueberry_full_control
773,2,blueberry,154.5,-3,0,0,blueberry_full_control
774,1,raspberry,180.0,2,0,0,time
774,2,raspberry,180.0,2,0,0,time
775,1,raspberry,180.0,3,0,0,time
775,2,raspberry,173.0,3,0,1,raspberry_full_control
776,1,raspberry,180.0,3,0,0,time
776,2,blueberry,147.5,-3,0,0,blueberry_full_control
776,3,raspberry,180.0,3,0,1,time
777,1,raspberry,180.0,3,1,0,time
777,2,raspberry,180.0,3,2,1,time
778,1,blueberry,152.0,-3,0,0,blueberry_full_control
778,2,raspberry,180.0,3,1,0,time
778,3,raspberry,170.0,3,2,0,raspberry_full_control
779,1,blueberry,139.5,-3,0,1,blueberry_full_control
779,2,blueberry,154.5,-3,0,2,blueberry_full_control
780,1,blueberry,136.5,-3,0,0,blueberry_full_control
780,2,blueberry,148.5,-3,0,0,blueberry_full_control
781,1,blueberry,159.0,-3,0,1,blueberry_full_control
781,2,raspberry,180.0,2,0,1,time
781,3,blueberry,178.0,-3,1,1,blueberry_full_control
782,1,blueberry,172.5,-3,0,0,blueberry_full_control
782,2,blueberry,180.0,0,0,0,time
783,1,raspberry,180.0,3,0,0,time
783,2,raspberry,180.0,3,0,0,time
784,1,blueberry,149.5,-3,0,0,blueberry_full_control
784,2,blueberry,135.0,-3,0,0,blueberry_full_control
785,1,blueberry,180.0,-1,0,0,time
785,2,blueberry,180.0,-1,0,0,time
786,1,raspberry,180.0,3,0,0,time
786,2,blueberry,140.0,-3,0,0,blueberry_full_control
786,3,blueberry,162.5,-3,0,0,blueberry_full_control
787,1,blueberry,180.0,-3,0,0,time
787,2,raspberry,180.0,2,0,0,time
787,3,blueberry,180.0,0,1,1,time
788,1,blueberry,180.0,-3,0,0,time
788,2,blueberry,180.0,-3,0,0,time
789,1,blueberry,106.0,-2,0,0,raspberry_full_control
789,2,raspberry,180.0,2,0,0,time
789,3,blueberry,180.0,-3,0,0,time
790,1,blueberry,180.0,-3,1,1,time
790,2,raspberry,180.0,3,4,1,time
790,3,raspberry,128.0,3,5,1,raspberry_full_control
791,1,blueberry,180.0,-3,0,0,time
791,2,raspberry,180.0,2,0,0,time
791,3,blueberry,180.0,-3,0,0,time
792,1,raspberry,180.0,3,0,0,time
792,2,raspberry,180.0,2,0,0,time
793,1,blueberry,150.0,-3,0,0,blueberry_full_control
793,2,raspberry,179.5,3,0,0,raspberry_full_control
793,3,blueberry,166.0,-3,0,0,blueberry_full_control
794,1,raspberry,180.0,3,1,0,time
794,2,raspberry,180.0,1,1,0,time
795,1,raspberry,176.0,3,0,0,raspberry_full_control
795,2,raspberry,180.0,3,2,0,time
796,1,raspberry,180.0,2,0,0,time
796,2,raspberry,180.0,1,0,0,time
797,1,raspberry,180.0,3,1,0,time
797,2,raspberry,180.0,1,1,0,time
798,1,raspberry,180.0,3,0,0,time
798,2,blueberry,141.5,-3,0,0,blueberry_full_control
798,3,raspberry,180.0,3,0,0,time
799,1,blueberry,180.0,0,0,0,time
799,2,blueberry,180.0,-1,0,0,time
800,1,blueberry,180.0,-2,0,0,time
800,2,blueberry,144.0,-3,0,0,blueberry_full_control
801,1,raspberry,180.0,3,1,0,time
801,2,blueberry,180.0,-2,1,0,time
801,3,blueberry,180.0,-3,1,0,time
802,1,raspberry,174.0,3,0,0,raspberry_full_control
802,2,raspberry,180.0,2,0,0,time
803,1,blueberry,165.0,-3,0,0,blueberry_full_control
803,2,blueberry,129.5,-3,0,0,blueberry_full_control
804,1,blueberry,180.0,-1,0,0,time
804,2,blueberry,180.0,-3,0,0,time
805,1,blueberry,180.0,-2,0,0,time
805,2,blueberry,154.5,-3,0,1,blueberry_full_control
806,1,blueberry,159.0,-3,0,1,blueberry_full_control
806,2,raspberry,180.0,2,0,1,time
806,3,raspberry,180.0,3,1,1,time
807,1,raspberry,180.0,2,1,0,time
807,2,raspberry,180.0,3,1,0,time
808,1,blueberry,180.0,-3,0,0,time
808,2,raspberry,180.0,3,0,0,time
808,3,blueberry,180.0,-2,0,0,time
809,1,blueberry,178.0,-3,0,1,blueberry_full_control
809,2,blueberry,180.0,-2,0,1,time
810,1,blueberry,161.0,-3,0,0,blueberry_full_control
810,2,blueberry,146.0,-3,0,0,blueberry_full_control
811,1,raspberry,180.0,0,0,0,time
811,2,raspberry,180.0,1,1,0,time
812,1,raspberry,180.0,1,0,0,time
812,2,raspberry,180.0,3,0,0,time
813,1,raspberry,180.0,3,0,0,time
813,2,raspberry,180.0,3,0,0,time
814,1,blueberry,180.0,-2,0,0,time
814,2,blueberry,124.5,-3,0,0,blueberry_full_control
815,1,blueberry,123.0,-3,0,0,blueberry_full_control
815,2,blueberry,129.0,-3,0,0,blueberry_full_control
816,1,blueberry,180.0,-2,0,0,time
816,2,raspberry,180.0,2,2,0,time
816,3,raspberry,180.0,3,2,0,time
817,1,blueberry,158.5,-3,0,1,blueberry_full_control
817,2,blueberry,123.0,-3,0,1,blueberry_full_control
818,1,blueberry,126.0,-3,0,0,blueberry_full_control
818,2,blueberry,127.5,-3,0,0,blueberry_full_control
819,1,blueberry,122.5,-3,1,0,blueberry_full_control
819,2,raspberry,180.0,3,1,1,time
819,3,raspberry,180.0,1,2,1,time
820,1,raspberry,180.0,2,0,1,time
820,2,blueberry,180.0,-3,0,1,time
820,3,blueberry,149.0,-3,0,1,blueberry_full_control
821,1,blueberry,180.0,-2,0,0,time
821,2,blueberry,162.0,-3,0,0,blueberry_full_control
822,1,blueberry,180.0,-2,0,0,time
822,2,raspberry,180.0,3,0,0,time
822,3,blueberry,153.5,-3,0,0,blueberry_full_control
823,1,blueberry,153.5,-3,0,0,blueberry_full_control
823,2,blueberry,147.0,-3,0,0,blueberry_full_control
824,1,blueberry,143.0,-3,0,0,blueberry_full_control
824,2,blueberry,146.0,-3,0,0,blueberry_full_control
825,1,blueberry,120.0,-3,0,0,blueberry_full_control
825,2,blueberry,122.5,-3,0,0,blueberry_full_control
826,1,blueberry,180.0,-3,0,0,time
826,2,blueberry,129.5,-3,0,0,blueberry_full_control
827,1,blueberry,122.5,-3,0,0,blueberry_full_control
827,2,blueberry,123.0,-3,0,0,blueberry_full_control
828,1,blueberry,148.5,-3,0,0,blueberry_full_control
828,2,blueberry,149.5,-3,0,0,blueberry_full_control
829,1,blueberry,147.0,-3,0,0,blueberry_full_control
829,2,blueberry,169.0,-3,0,0,blueberry_full_control
830,1,blueberry,130.5,-3,0,0,blueberry_full_control
830,2,blueberry,126.0,-3,0,0,blueberry_full_control
831,1,blueberry,162.0,-3,0,0,blueberry_full_control
831,2,blueberry,157.5,-3,0,0,blueberry_full_control
832,1,blueberry,180.0,-3,0,0,time
832,2,blueberry,126.0,-3,0,0,blueberry_full_control
833,1,blueberry,180.0,-3,0,0,time
833,2,raspberry,180.0,1,0,0,time
833,3,blueberry,134.0,-3,0,0,blueberry_full_control
834,1,blueberry,133.5,-3,0,0,blueberry_full_control
834,2,blueberry,180.0,-1,1,0,time
835,1,blueberry,129.0,-3,0,0,blueberry_full_control
835,2,raspberry,180.0,1,1,0,time
835,3,raspberry,180.0,3,1,0,time
836,1,blueberry,130.0,-3,0,0,blueberry_full_control
836,2,blueberry,146.5,-3,0,0,blueberry_full_control
837,1,blueberry,135.0,-3,0,0,blueberry_full_control
837,2,blueberry,132.5,-3,0,0,blueberry_full_control
838,1,blueberry,151.5,-3,0,1,blueberry_full_control
838,2,raspberry,180.0,3,0,1,time
838,3,blueberry,180.0,-1,0,1,time
839,1,blueberry,121.5,-3,0,0,blueberry_full_control
839,2,blueberry,142.0,-3,0,0,blueberry_full_control
840,1,blueberry,119.0,-3,0,0,blueberry_full_control
840,2,blueberry,154.5,-3,0,0,blueberry_full_control
841,1,blueberry,180.0,-2,0,0,time
841,2,raspberry,180.0,2,0,0,time
841,3,raspberry,180.0,2,0,0,time
842,1,raspberry,180.0,2,0,1,time
842,2,blueberry,112.5,-3,0,1,blueberry_full_control
842,3,raspberry,180.0,2,0,1,time
843,1,blueberry,121.0,-3,0,1,blueberry_full_control
843,2,blueberry,180.0,-2,0,1,time
844,1,raspberry,180.0,2,0,0,time
844,2,blueberry,180.0,-3,0,0,time
844,3,blueberry,128.5,-3,0,0,blueberry_full_control
845,1,blueberry,135.0,-3,0,0,blueberry_full_control
845,2,blueberry,147.5,-3,0,0,blueberry_full_control
846,1,raspberry,180.0,2,1,0,time
846,2,raspberry,180.0,3,1,0,time
847,1,blueberry,154.0,-3,0,0,blueberry_full_control
847,2,blueberry,140.5,-3,0,0,blueberry_full_control
848,1,raspberry,180.0,2,0,0,time
848,2,blueberry,151.5,-3,0,0,blueberry_full_control
848,3,blueberry,180.0,-3,0,0,time
849,1,blueberry,172.5,-3,0,0,blueberry_full_control
849,2,blueberry,143.0,-3,0,0,blueberry_full_control
850,1,blueberry,157.5,-3,0,0,blueberry_full_control
850,2,blueberry,124.5,-3,0,0,blueberry_full_control
851,1,raspberry,174.0,3,0,0,raspberry_full_control
851,2,blueberry,159.5,-3,0,0,blueberry_full_control
851,3,raspberry,180.0,2,1,0,time
852,1,blueberry,180.0,-1,0,0,time
852,2,raspberry,180.0,2,0,0,time
852,3,raspberry,180.0,2,0,0,time
853,1,raspberry,180.0,3,0,0,time
853,2,raspberry,180.0,2,0,0,time
854,1,raspberry,180.0,2,0,0,time
854,2,raspberry,180.0,1,0,1,time
855,1,blueberry,180.0,-2,0,0,time
855,2,blueberry,180.0,-1,0,0,time
856,1,raspberry,180.0,1,0,0,time
856,2,blueberry,178.5,-3,0,0,blueberry_full_control
856,3,blueberry,180.0,-3,0,0,time
857,1,raspberry,162.5,3,0,0,raspberry_full_control
857,2,raspberry,180.0,2,0,1,time
858,1,blueberry,124.5,-3,0,0,blueberry_full_control
858,2,raspberry,180.0,0,0,1,time
858,3,raspberry,180.0,2,0,1,time
859,1,blueberry,142.0,-3,0,0,blueberry_full_control
859,2,blueberry,180.0,-2,0,0,time
860,1,raspberry,180.0,2,1,0,time
860,2,blueberry,180.0,-2,1,2,time
860,3,raspberry,134.5,3,2,2,raspberry_full_control
861,1,blueberry,112.5,-3,0,0,blueberry_full_control
861,2,raspberry,180.0,2,0,0,time
861,3,blueberry,180.0,-3,0,0,time
862,1,blueberry,172.5,-3,0,0,blueberry_full_control
862,2,raspberry,171.0,3,0,0,raspberry_full_control
862,3,blueberry,154.5,-3,0,1,blueberry_full_control
863,1,blueberry,163.5,-3,0,0,blueberry_full_control
863,2,blueberry,170.0,-3,0,0,blueberry_full_control
864,1,raspberry,180.0,1,0,0,time
864,2,blueberry,142.0,-3,1,1,blueberry_full_control
864,3,raspberry,180.0,2,2,1,time
865,1,blueberry,180.0,0,1,0,time
865,2,raspberry,147.5,3,1,0,raspberry_full_control
865,3,raspberry,152.5,3,1,0,raspberry_full_control
866,1,raspberry,180.0,3,0,0,time
866,2,blueberry,135.0,-3,0,0,blueberry_full_control
866,3,blueberry,180.0,-3,0,1,time
867,1,blueberry,180.0,-2,0,1,time
867,2,blueberry,162.5,-3,0,1,blueberry_full_control
868,1,raspberry,180.0,3,0,0,time
868,2,raspberry,180.0,3,0,0,time
869,1,raspberry,180.0,2,0,0,time
869,2,blueberry,180.0,-3,0,0,time
869,3,raspberry,180.0,2,0,1,time
870,1,blueberry,175.5,-3,0,0,blueberry_full_control
870,2,raspberry,180.0,3,0,0,time
870,3,blueberry,180.0,-3,1,0,time
871,1,raspberry,180.0,3,0,0,time
871,2,blueberry,180.0,-1,0,0,time
871,3,raspberry,180.0,3,1,1,time
872,1,raspberry,174.5,3,0,0,raspberry_full_control
872,2,raspberry,180.0,3,0,0,time
873,1,blueberry,129.0,-3,0,0,blueberry_full_control
873,2,blueberry,116.5,-3,0,0,blueberry_full_control
874,1,blueberry,133.5,-3,0,0,blueberry_full_control
874,2,blueberry,156.5,-3,0,1,blueberry_full_control
875,1,blueberry,125.0,-3,0,0,blueberry_full_control
875,2,blueberry,120.0,-3,0,0,blueberry_full_control
876,1,blueberry,148.0,-3,0,1,blueberry_full_control
876,2,blueberry,180.0,-1,0,1,time
877,1,blueberry,122.5,-3,0,0,blueberry_full_control
877,2,blueberry,120.5,-3,0,1,blueberry_full_control
878,1,blueberry,122.0,-3,0,0,blueberry_full_control
878,2,blueberry,180.0,-2,0,1,time
879,1,raspberry,180.0,2,1,1,time
879,2,blueberry,124.5,-3,1,1,blueberry_full_control
879,3,blueberry,135.0,-3,1,1,blueberry_full_control
880,1,blueberry,119.5,-3,0,0,blueberry_full_control
880,2,blueberry,180.0,-3,0,0,time
881,1,blueberry,166.0,-3,0,0,blueberry_full_control
881,2,blueberry,180.0,-3,0,1,time
882,1,blueberry,128.5,-3,0,0,blueberry_full_control
882,2,blueberry,128.5,-3,0,0,blueberry_full_control
883,1,raspberry,180.0,2,0,0,time
883,2,raspberry,180.0,3,0,0,time
884,1,blueberry,124.5,-3,0,0,blueberry_full_control
884,2,blueberry,134.0,-3,0,1,blueberry_full_control
885,1,blueberry,138.5,-3,0,0,blueberry_full_control
885,2,blueberry,163.0,-3,0,0,blueberry_full_control
886,1,raspberry,180.0,1,0,0,time
886,2,blueberry,180.0,-2,1,0,time
886,3,raspberry,180.0,3,1,0,time
887,1,blueberry,180.0,-1,0,0,time
887,2,blueberry,145.5,-3,0,0,blueberry_full_control
888,1,blueberry,121.0,-3,0,0,blueberry_full_control
888,2,blueberry,121.5,-3,0,0,blueberry_full_control
889,1,raspberry,180.0,2,1,0,time
889,2,blueberry,126.5,-3,1,0,blueberry_full_control
889,3,blueberry,180.0,-3,1,0,time
890,1,blueberry,180.0,-2,0,0,time
890,2,blueberry,126.0,-3,0,0,blueberry_full_control
891,1,raspberry,180.0,2,1,0,time
891,2,blueberry,180.0,-2,1,0,time
891,3,blueberry,180.0,-2,1,0,time
892,1,blueberry,124.5,-3,0,0,blueberry_full_control
892,2,blueberry,132.0,-3,0,0,blueberry_full_control
893,1,raspberry,180.0,3,1,1,time
893,2,raspberry,180.0,0,2,1,time
894,1,blueberry,145.5,-3,0,0,blueberry_full_control
894,2,blueberry,144.0,-3,0,0,blueberry_full_control
895,1,raspberry,180.0,2,0,0,time
895,2,blueberry,180.0,-2,0,0,time
895,3,raspberry,180.0,2,0,0,time
896,1,blueberry,150.5,-3,0,0,blueberry_full_control
896,2,raspberry,180.0,3,0,0,time
896,3,blueberry,159.0,-3,0,0,blueberry_full_control
897,1,blueberry,155.0,-3,0,0,blueberry_full_control
897,2,blueberry,155.5,-3,0,0,blueberry_full_control
898,1,blueberry,180.0,-1,0,0,time
898,2,raspberry,180.0,3,0,0,time
898,3,raspberry,180.0,1,0,0,time
899,1,raspberry,175.5,3,1,0,raspberry_full_control
899,2,raspberry,180.0,3,1,0,time
900,1,raspberry,180.0,2,0,0,time
900,2,raspberry,180.0,0,0,0,time
901,1,blueberry,163.0,-3,0,0,blueberry_full_control
901,2,blueberry,135.0,-3,0,0,blueberry_full_control
902,1,blueberry,180.0,-1,0,0,time
902,2,blueberry,132.5,-3,0,1,blueberry_full_control
903,1,blueberry,123.5,-3,0,0,blueberry_full_control
903,2,blueberry,138.5,-3,0,0,blueberry_full_control
904,1,blueberry,124.5,-3,0,0,blueberry_full_control
904,2,blueberry,180.0,-2,0,1,time
905,1,blueberry,180.0,-2,1,1,time
905,2,blueberry,176.0,-3,1,3,blueberry_full_control
906,1,blueberry,180.0,-3,0,0,time
906,2,blueberry,180.0,-3,0,0,time
907,1,blueberry,133.5,-3,0,1,blueberry_full_control
907,2,blueberry,165.0,-3,0,1,blueberry_full_control
908,1,blueberry,162.0,-3,1,0,blueberry_full_control
908,2,raspberry,177.0,3,1,1,raspberry_full_control
908,3,blueberry,180.0,-3,1,1,time
909,1,blueberry,125.5,-3,0,0,blueberry_full_control
909,2,blueberry,130.0,-3,0,1,blueberry_full_control
910,1,raspberry,180.0,3,0,0,time
910,2,blueberry,160.0,-3,0,2,blueberry_full_control
910,3,raspberry,180.0,2,2,2,time
911,1,blueberry,180.0,-1,0,0,time
911,2,raspberry,180.0,1,0,0,time
911,3,blueberry,159.5,-3,0,0,blueberry_full_control
912,1,raspberry,180.0,1,1,0,time
912,2,raspberry,180.0,3,1,0,time
913,1,blueberry,177.0,-3,0,0,blueberry_full_control
913,2,blueberry,160.0,-3,0,0,blueberry_full_control
914,1,blueberry,180.0,-1,0,0,time
914,2,raspberry,180.0,2,0,0,time
914,3,blueberry,147.0,-3,0,0,blueberry_full_control
915,1,raspberry,180.0,2,0,0,time
915,2,blueberry,147.0,-3,0,0,blueberry_full_control
915,3,raspberry,180.0,1,0,0,time
916,1,blueberry,180.0,-2,0,0,time
916,2,blueberry,147.0,-3,0,0,blueberry_full_control
917,1,blueberry,135.0,-3,0,0,blueberry_full_control
917,2,blueberry,158.0,-3,0,0,blueberry_full_control
918,1,blueberry,175.5,-3,0,0,blueberry_full_control
918,2,blueberry,133.0,-3,0,0,blueberry_full_control
919,1,blueberry,121.5,-3,0,0,blueberry_full_control
919,2,blueberry,120.0,-3,0,0,blueberry_full_control
920,1,blueberry,126.0,-3,0,0,blueberry_full_control
920,2,blueberry,180.0,-2,0,0,time
921,1,blueberry,180.0,-2,0,1,time
921,2,blueberry,180.0,-1,0,1,time
922,1,raspberry,180.0,2,0,0,time
922,2,raspberry,162.5,3,1,0,raspberry_full_control
923,1,blueberry,138.5,-3,0,0,blueberry_full_control
923,2,blueberry,145.5,-3,0,0,blueberry_full_control
924,1,blueberry,127.0,-3,0,0,blueberry_full_control
924,2,blueberry,125.0,-3,0,0,blueberry_full_control
925,1,raspberry,180.0,1,1,0,time
925,2,raspberry,180.0,3,1,0,time
926,1,blueberry,180.0,-3,0,0,time
926,2,blueberry,142.5,-3,0,0,blueberry_full_control
927,1,blueberry,130.5,-3,0,0,blueberry_full_control
927,2,blueberry,115.5,-3,0,0,blueberry_full_control
928,1,blueberry,123.5,-3,0,0,blueberry_full_control
928,2,blueberry,127.0,-3,0,0,blueberry_full_control
929,1,raspberry,110.5,1,1,0,raspberry_full_control
929,2,raspberry,180.0,1,1,0,time
930,1,blueberry,138.0,-3,0,0,blueberry_full_control
930,2,raspberry,180.0,2,1,0,time
930,3,blueberry,180.0,-2,1,0,time
931,1,blueberry,163.0,-3,0,0,blueberry_full_control
931,2,raspberry,180.0,0,0,1,time
931,3,raspberry,180.0,3,1,1,time
932,1,blueberry,180.0,-3,0,0,time
932,2,blueberry,157.5,-3,0,0,blueberry_full_control
933,1,blueberry,150.5,-3,0,0,blueberry_full_control
933,2,blueberry,153.0,-3,0,0,blueberry_full_control
934,1,blueberry,174.5,-3,0,0,blueberry_full_control
934,2,blueberry,180.0,-2,0,0,time
935,1,blueberry,180.0,-2,0,0,time
935,2,raspberry,167.0,3,0,0,raspberry_full_control
935,3,raspberry,180.0,1,0,0,time
936,1,raspberry,180.0,1,0,1,time
936,2,blueberry,180.0,-3,0,2,time
936,3,blueberry,161.5,-3,0,4,blueberry_full_control
937,1,raspberry,180.0,1,1,0,time
937,2,raspberry,180.0,3,1,0,time
938,1,raspberry,180.0,2,1,0,time
938,2,raspberry,97.0,0,1,0,raspberry_full_control
939,1,raspberry,180.0,2,0,0,time
939,2,blueberry,180.0,-3,0,0,time
939,3,raspberry,180.0,2,0,0,time
940,1,blueberry,180.0,-2,0,0,time
940,2,blueberry,180.0,-3,0,0,time
941,1,blueberry,165.5,-3,0,0,blueberry_full_control
941,2,blueberry,153.0,-3,0,0,blueberry_full_control
942,1,blueberry,127.5,-3,0,0,blueberry_full_control
942,2,blueberry,142.5,-3,0,0,blueberry_full_control
943,1,raspberry,180.0,3,0,0,time
943,2,blueberry,126.0,-3,0,0,blueberry_full_control
943,3,raspberry,180.0,2,0,0,time
944,1,blueberry,180.0,-1,0,0,time
944,2,blueberry,180.0,-2,1,0,time
945,1,blueberry,141.0,-3,0,0,blueberry_full_control
945,2,blueberry,180.0,-1,0,0,time
946,1,blueberry,180.0,0,0,0,time
946,2,blueberry,180.0,-1,0,0,time
947,1,raspberry,180.0,1,0,0,time
947,2,raspberry,180.0,1,0,0,time
948,1,blueberry,140.5,-3,0,0,blueberry_full_control
948,2,blueberry,180.0,-1,0,0,time
949,1,blueberry,180.0,-1,0,0,time
949,2,blueberry,180.0,-2,0,0,time
950,1,blueberry,180.0,-3,0,1,time
950,2,blueberry,124.5,-3,0,1,blueberry_full_control
951,1,blueberry,180.0,-2,0,0,time
951,2,raspberry,180.0,3,1,0,time
951,3,raspberry,180.0,3,1,0,time
952,1,blueberry,180.0,-1,0,0,time
952,2,blueberry,141.5,-3,0,0,blueberry_full_control
953,1,blueberry,180.0,-1,0,0,time
953,2,raspberry,180.0,2,0,1,time
953,3,raspberry,167.0,3,0,1,raspberry_full_control
954,1,blueberry,180.0,0,0,1,time
954,2,raspberry,180.0,3,0,1,time
954,3,blueberry,180.0,-1,0,1,time
955,1,raspberry,180.0,2,0,0,time
955,2,blueberry,146.0,-3,0,0,blueberry_full_control
955,3,raspberry,180.0,3,0,0,time
956,1,blueberry,180.0,-3,0,2,time
956,2,blueberry,130.5,-3,0,2,blueberry_full_control
957,1,blueberry,156.5,-3,0,1,blueberry_full_control
957,2,blueberry,180.0,-2,0,1,time
958,1,raspberry,180.0,3,1,1,time
958,2,raspberry,180.0,3,1,1,time
959,1,raspberry,167.0,3,0,0,raspberry_full_control
959,2,raspberry,180.0,1,0,0,time
960,1,raspberry,180.0,2,0,0,time
960,2,raspberry,180.0,1,0,0,time
961,1,raspberry,180.0,3,0,1,time
961,2,raspberry,180.0,2,0,1,time
962,1,blueberry,180.0,-1,1,0,time
962,2,raspberry,180.0,3,1,0,time
962,3,raspberry,180.0,2,1,0,time
963,1,blueberry,120.0,-3,0,0,blueberry_full_control
963,2,blueberry,147.0,-3,0,1,blueberry_full_control
964,1,blueberry,145.5,-3,0,0,blueberry_full_control
964,2,blueberry,131.5,-3,0,0,blueberry_full_control
965,1,blueberry,129.0,-3,0,0,blueberry_full_control
965,2,blueberry,138.5,-3,0,0,blueberry_full_control
966,1,blueberry,130.5,-3,0,0,blueberry_full_control
966,2,blueberry,124.5,-3,0,0,blueberry_full_control
967,1,blueberry,107.5,-2,0,0,raspberry_full_control
967,2,raspberry,180.0,0,0,1,time
967,3,blueberry,134.0,-3,0,1,blueberry_full_control
968,1,blueberry,136.5,-3,0,0,blueberry_full_control
968,2,blueberry,121.0,-3,0,0,blueberry_full_control
969,1,blueberry,118.0,-3,1,2,blueberry_full_control
969,2,blueberry,180.0,-1,1,2,time
970,1,blueberry,180.0,-2,0,0,time
970,2,blueberry,134.5,-3,0,0,blueberry_full_control
971,1,blueberry,180.0,-1,0,1,time
971,2,blueberry,144.0,-3,0,2,blueberry_full_control
972,1,blueberry,148.5,-3,0,0,blueberry_full_control
972,2,blueberry,180.0,-1,0,0,time
973,1,blueberry,112.5,-3,0,0,blueberry_full_control
973,2,blueberry,180.0,-3,0,0,time
974,1,blueberry,127.5,-3,0,0,blueberry_full_control
974,2,blueberry,122.5,-3,0,0,blueberry_full_control
975,1,raspberry,180.0,1,0,0,time
975,2,blueberry,180.0,-3,0,0,time
975,3,blueberry,180.0,-3,0,0,time
976,1,blueberry,126.0,-3,0,0,blueberry_full_control
976,2,blueberry,128.0,-3,0,1,blueberry_full_control
977,1,blueberry,132.5,-3,0,0,blueberry_full_control
977,2,blueberry,180.0,-1,1,0,time
978,1,blueberry,180.0,-2,0,0,time
978,2,blueberry,116.0,-3,0,0,blueberry_full_control
979,1,blueberry,126.0,-3,0,0,blueberry_full_control
979,2,blueberry,130.0,-3,0,0,blueberry_full_control
980,1,blueberry,180.0,-2,1,0,time
980,2,blueberry,166.5,-3,1,1,blueberry_full_control
981,1,blueberry,132.0,-3,0,0,blueberry_full_control
981,2,blueberry,140.0,-3,0,0,blueberry_full_control
982,1,blueberry,180.0,0,0,1,time
982,2,blueberry,129.5,-3,0,2,blueberry_full_control
983,1,blueberry,124.5,-3,0,0,blueberry_full_control
983,2,blueberry,145.0,-3,0,0,blueberry_full_control
984,1,blueberry,119.0,-3,0,0,blueberry_full_control
984,2,blueberry,117.0,-3,0,0,blueberry_full_control
985,1,blueberry,131.5,-3,0,1,blueberry_full_control
985,2,blueberry,180.0,-2,0,1,time
986,1,raspberry,180.0,2,1,0,time
986,2,raspberry,180.0,2,1,0,time
987,1,raspberry,180.0,3,1,0,time
987,2,raspberry,160.5,3,1,0,raspberry_full_control
988,1,blueberry,180.0,0,0,0,time
988,2,blueberry,180.0,-2,0,0,time
989,1,blueberry,124.5,-3,0,0,blueberry_full_control
989,2,blueberry,124.0,-3,0,0,blueberry_full_control
990,1,blueberry,174.0,-3,0,0,blueberry_full_control
990,2,blueberry,139.5,-3,0,0,blueberry_full_control
991,1,blueberry,124.0,-3,0,0,blueberry_full_control
991,2,blueberry,125.0,-3,0,0,blueberry_full_control
992,1,blueberry,133.5,-3,0,0,blueberry_full_control
992,2,blueberry,149.0,-3,0,0,blueberry_full_control
993,1,blueberry,164.0,-3,0,0,blueberry_full_control
993,2,blueberry,145.5,-3,1,1,blueberry_full_control
994,1,blueberry,158.5,-3,1,1,blueberry_full_control
994,2,blueberry,144.0,-3,1,1,blueberry_full_control
995,1,blueberry,130.0,-3,0,0,blueberry_full_control
995,2,raspberry,180.0,2,0,0,time
995,3,blueberry,137.0,-3,0,0,blueberry_full_control
996,1,blueberry,136.5,-3,0,0,blueberry_full_control
996,2,blueberry,126.0,-3,0,0,blueberry_full_control
997,1,blueberry,124.5,-3,0,0,blueberry_full_control
997,2,blueberry,180.0,-1,1,0,time
998,1,blueberry,180.0,-2,0,0,time
998,2,blueberry,180.0,-2,0,0,time
999,1,blueberry,124.0,-3,0,0,blueberry_full_control
999,2,blueberry,180.0,-2,0,0,time
1000,1,raspberry,180.0,1,0,0,time
1000,2,blueberry,137.5,-3,0,0,blueberry_full_control
1000,3,blueberry,119.0,-3,0,0,blueberry_full_control
1001,1,blueberry,127.5,-3,0,0,blueberry_full_control
1001,2,blueberry,149.0,-3,0,1,blueberry_full_control
1002,1,blueberry,133.5,-3,0,0,blueberry_full_control
1002,2,blueberry,126.0,-3,0,0,blueberry_full_control
1003,1,blueberry,180.0,-2,0,0,time
1003,2,raspberry,180.0,2,1,0,time
1003,3,raspberry,180.0,3,1,0,time
1004,1,raspberry,180.0,2,0,0,time
1004,2,raspberry,180.0,2,0,0,time
1005,1,blueberry,144.0,-3,0,0,blueberry_full_control
1005,2,blueberry,146.5,-3,0,0,blueberry_full_control
1006,1,blueberry,163.5,-3,0,0,blueberry_full_control
1006,2,raspberry,180.0,1,1,0,time
1006,3,raspberry,174.5,3,1,0,raspberry_full_control
1007,1,blueberry,176.5,-3,0,0,blueberry_full_control
1007,2,blueberry,138.0,-3,0,0,blueberry_full_control
1008,1,raspberry,180.0,0,0,0,time
1008,2,blueberry,154.5,-3,0,1,blueberry_full_control
1008,3,blueberry,163.5,-3,0,1,blueberry_full_control
1009,1,blueberry,120.0,-3,0,0,blueberry_full_control
1009,2,raspberry,180.0,2,0,0,time
1009,3,raspberry,180.0,2,0,1,time
1010,1,blueberry,119.0,-3,0,0,blueberry_full_control
1010,2,blueberry,139.5,-3,0,0,blueberry_full_control
1011,1,blueberry,141.0,-3,0,0,blueberry_full_control
1011,2,blueberry,149.0,-3,0,1,blueberry_full_control
1012,1,blueberry,137.5,-3,0,0,blueberry_full_control
1012,2,raspberry,180.0,1,1,0,time
1012,3,raspberry,180.0,0,1,0,time
1013,1,blueberry,128.0,-3,0,1,blueberry_full_control
1013,2,blueberry,180.0,-3,0,1,time
1014,1,blueberry,180.0,-1,1,0,time
1014,2,raspberry,155.0,3,1,0,raspberry_full_control
1014,3,raspberry,167.0,3,1,0,raspberry_full_control
1015,1,blueberry,117.0,-3,0,0,blueberry_full_control
1015,2,blueberry,146.0,-3,0,0,blueberry_full_control
1016,1,blueberry,180.0,-1,1,0,time
1016,2,raspberry,174.5,3,1,0,raspberry_full_control
1016,3,raspberry,180.0,2,1,0,time
1017,1,blueberry,134.0,-3,0,0,blueberry_full_control
1017,2,blueberry,132.5,-3,0,0,blueberry_full_control
1018,1,blueberry,180.0,0,0,0,time
1018,2,blueberry,148.0,-3,0,0,blueberry_full_control
1019,1,raspberry,180.0,1,0,0,time
1019,2,blueberry,123.0,-3,0,0,blueberry_full_control
1019,3,blueberry,180.0,-3,0,0,time
1020,1,blueberry,141.0,-3,0,0,blueberry_full_control
1020,2,blueberry,132.5,-3,0,0,blueberry_full_control
1021,1,blueberry,180.0,-2,0,0,time
1021,2,blueberry,124.0,-3,0,0,blueberry_full_control
1022,1,blueberry,125.0,-3,0,0,blueberry_full_control
1022,2,raspberry,180.0,1,0,0,time
1022,3,blueberry,145.0,-3,0,0,blueberry_full_control
1023,1,blueberry,180.0,-2,1,1,time
1023,2,blueberry,144.0,-3,1,1,blueberry_full_control
1024,1,blueberry,118.5,-3,0,0,blueberry_full_control
1024,2,blueberry,123.0,-3,0,0,blueberry_full_control
1025,1,raspberry,180.0,0,0,1,time
1025,2,raspberry,180.0,2,1,2,time
1026,1,raspberry,180.0,1,0,1,time
1026,2,raspberry,180.0,2,1,1,time
1027,1,blueberry,136.5,-3,0,0,blueberry_full_control
1027,2,blueberry,180.0,-1,0,0,time
1028,1,blueberry,162.5,-3,0,1,blueberry_full_control
1028,2,blueberry,128.0,-3,0,1,blueberry_full_control
1029,1,blueberry,180.0,-1,0,0,time
1029,2,blueberry,180.0,-3,0,0,time
1030,1,raspberry,180.0,2,0,0,time
1030,2,blueberry,180.0,-3,0,0,time
1030,3,blueberry,180.0,-2,0,0,time
1031,1,blueberry,126.0,-3,0,0,blueberry_full_control
1031,2,blueberry,142.5,-3,0,0,blueberry_full_control
1032,1,blueberry,121.5,-3,0,0,blueberry_full_control
1032,2,blueberry,124.5,-3,0,0,blueberry_full_control
1033,1,blueberry,180.0,-2,0,0,time
1033,2,raspberry,180.0,0,0,1,time
1033,3,blueberry,180.0,-1,0,1,time
1034,1,blueberry,139.5,-3,0,0,blueberry_full_control
1034,2,blueberry,132.5,-3,0,0,blueberry_full_control
1035,1,blueberry,136.5,-3,0,0,blueberry_full_control
1035,2,blueberry,112.5,-3,0,0,blueberry_full_control
1036,1,blueberry,135.0,-3,0,0,blueberry_full_control
1036,2,blueberry,136.5,-3,0,0,blueberry_full_control
1037,1,blueberry,123.0,-3,0,0,blueberry_full_control
1037,2,blueberry,129.0,-3,0,0,blueberry_full_control
1038,1,blueberry,136.5,-3,0,0,blueberry_full_control
1038,2,blueberry,119.5,-3,0,0,blueberry_full_control
1039,1,blueberry,123.0,-3,0,0,blueberry_full_control
1039,2,blueberry,144.0,-3,0,0,blueberry_full_control
1040,1,blueberry,138.5,-3,0,1,blueberry_full_control
1040,2,blueberry,166.5,-2,0,1,raspberry_full_control
1041,1,blueberry,180.0,-2,0,1,time
1041,2,blueberry,169.5,-3,0,1,blueberry_full_control
1042,1,blueberry,136.5,-3,0,0,blueberry_full_control
1042,2,blueberry,180.0,-1,0,0,time
1043,1,blueberry,150.0,-3,0,0,blueberry_full_control
1043,2,blueberry,138.0,-3,0,0,blueberry_full_control
1044,1,blueberry,152.0,-3,0,0,blueberry_full_control
1044,2,raspberry,180.0,2,0,0,time
1044,3,blueberry,180.0,-2,0,0,time
1045,1,raspberry,180.0,0,0,0,time
1045,2,raspberry,180.0,1,0,0,time
1046,1,raspberry,180.0,1,0,1,time
1046,2,blueberry,153.0,-3,0,2,blueberry_full_control
1046,3,raspberry,180.0,2,1,3,time
1047,1,blueberry,180.0,-3,0,0,time
1047,2,raspberry,180.0,2,1,0,time
1047,3,raspberry,180.0,2,1,0,time
1048,1,blueberry,119.5,-3,0,0,blueberry_full_control
1048,2,blueberry,140.0,-3,0,0,blueberry_full_control
1049,1,blueberry,134.5,-3,0,0,blueberry_full_control
1049,2,blueberry,114.0,-3,0,0,blueberry_full_control
1050,1,blueberry,134.0,-3,0,0,blueberry_full_control
1050,2,blueberry,169.0,-3,0,0,blueberry_full_control
1051,1,blueberry,126.0,-3,0,0,blueberry_full_control
1051,2,blueberry,122.5,-3,0,0,blueberry_full_control
1052,1,raspberry,180.0,0,1,0,time
1052,2,blueberry,180.0,-1,1,2,time
1052,3,blueberry,128.5,-3,1,3,blueberry_full_control
1053,1,blueberry,138.5,-3,0,0,blueberry_full_control
1053,2,blueberry,124.5,-3,0,0,blueberry_full_control
1054,1,blueberry,180.0,-1,0,0,time
1054,2,blueberry,124.0,-3,0,0,blueberry_full_control
1055,1,blueberry,180.0,-2,0,0,time
1055,2,raspberry,180.0,2,0,0,time
1055,3,blueberry,136.0,-3,0,0,blueberry_full_control
1056,1,blueberry,158.5,-3,0,0,blueberry_full_control
1056,2,blueberry,142.5,-3,0,0,blueberry_full_control
1057,1,raspberry,180.0,2,0,0,time
1057,2,blueberry,180.0,-3,0,1,time
1057,3,raspberry,180.0,2,1,1,time
1058,1,blueberry,115.5,-3,0,0,blueberry_full_control
1058,2,blueberry,124.5,-3,0,0,blueberry_full_control
1059,1,blueberry,122.0,-3,0,0,blueberry_full_control
1059,2,blueberry,135.5,-3,0,0,blueberry_full_control
1060,1,blueberry,180.0,-3,0,0,time
1060,2,raspberry,180.0,1,0,0,time
1060,3,raspberry,180.0,2,1,0,time
1061,1,blueberry,137.5,-3,0,0,blueberry_full_control
1061,2,blueberry,131.0,-3,0,0,blueberry_full_control
1062,1,blueberry,130.0,-3,0,0,blueberry_full_control
1062,2,blueberry,139.0,-3,0,0,blueberry_full_control
1063,1,blueberry,143.0,-3,0,0,blueberry_full_control
1063,2,blueberry,180.0,-2,0,1,time
1064,1,blueberry,120.0,-3,0,0,blueberry_full_control
1064,2,blueberry,113.5,-3,0,0,blueberry_full_control
1065,1,blueberry,124.5,-3,0,0,blueberry_full_control
1065,2,blueberry,124.5,-3,0,0,blueberry_full_control
1066,1,blueberry,180.0,0,0,0,time
1066,2,blueberry,133.5,-3,0,0,blueberry_full_control
1067,1,blueberry,132.0,-3,1,0,blueberry_full_control
1067,2,raspberry,180.0,3,1,1,time
1067,3,blueberry,141.5,-3,1,1,blueberry_full_control
1068,1,raspberry,180.0,3,1,0,time
1068,2,blueberry,161.0,-3,1,0,blueberry_full_control
1068,3,blueberry,180.0,-1,1,0,time
1069,1,blueberry,180.0,-2,0,0,time
1069,2,blueberry,168.0,-3,0,0,blueberry_full_control
1070,1,blueberry,180.0,-3,1,1,time
1070,2,blueberry,117.0,-3,1,1,blueberry_full_control
1071,1,raspberry,177.0,3,1,1,raspberry_full_control
1071,2,blueberry,136.5,-3,1,1,blueberry_full_control
1071,3,blueberry,177.0,-3,1,1,blueberry_full_control
1072,1,raspberry,180.0,2,0,0,time
1072,2,blueberry,180.0,0,0,0,time
1072,3,blueberry,157.5,-3,0,0,blueberry_full_control
1073,1,blueberry,142.5,-3,0,0,blueberry_full_control
1073,2,blueberry,120.5,-3,0,0,blueberry_full_control
1074,1,blueberry,135.0,-3,0,0,blueberry_full_control
1074,2,blueberry,143.5,-3,0,1,blueberry_full_control
1075,1,blueberry,154.0,-3,0,0,blueberry_full_control
1075,2,blueberry,133.5,-3,1,0,blueberry_full_control
1076,1,raspberry,180.0,2,1,0,time
1076,2,blueberry,180.0,-2,1,0,time
1076,3,blueberry,180.0,-3,1,0,time
1077,1,blueberry,114.0,-3,0,0,blueberry_full_control
1077,2,blueberry,138.0,-3,0,0,blueberry_full_control
1078,1,blueberry,148.0,-3,0,0,blueberry_full_control
1078,2,raspberry,180.0,0,0,2,time
1078,3,blueberry,135.0,-3,0,2,blueberry_full_control
1079,1,blueberry,130.5,-3,0,0,blueberry_full_control
1079,2,blueberry,128.5,-3,0,0,blueberry_full_control
1080,1,blueberry,180.0,-1,0,0,time
1080,2,blueberry,112.5,-3,0,0,blueberry_full_control
1081,1,raspberry,180.0,1,0,0,time
1081,2,raspberry,180.0,1,1,1,time
1082,1,raspberry,180.0,2,0,0,time
1082,2,raspberry,180.0,2,0,0,time
1083,1,raspberry,180.0,2,0,0,time
1083,2,blueberry,152.0,-3,0,2,blueberry_full_control
1083,3,blueberry,153.0,-3,0,2,blueberry_full_control
1084,1,raspberry,180.0,2,0,0,time
1084,2,raspberry,180.0,1,0,0,time
1085,1,raspberry,180.0,3,0,0,time
1085,2,raspberry,180.0,3,0,0,time
1086,1,raspberry,180.0,2,0,0,time
1086,2,blueberry,147.0,-3,0,0,blueberry_full_control
1086,3,blueberry,145.5,-3,0,0,blueberry_full_control
1087,1,raspberry,180.0,3,0,0,time
1087,2,blueberry,131.0,-3,0,0,blueberry_full_control
1087,3,blueberry,180.0,-3,0,1,time
1088,1,blueberry,180.0,-3,0,0,time
1088,2,blueberry,180.0,-3,0,0,time
1089,1,raspberry,180.0,2,0,1,time
1089,2,raspberry,180.0,2,1,1,time
1090,1,blueberry,180.0,-2,0,0,time
1090,2,raspberry,180.0,3,1,0,time
1090,3,raspberry,180.0,3,1,0,time
1091,1,blueberry,114.0,-3,0,0,blueberry_full_control
1091,2,blueberry,114.0,-3,0,0,blueberry_full_control
1092,1,blueberry,118.0,-3,0,0,blueberry_full_control
1092,2,blueberry,180.0,-1,0,0,time
1093,1,blueberry,180.0,-3,0,0,time
1093,2,raspberry,180.0,3,0,0,time
1093,3,raspberry,180.0,1,0,0,time
1094,1,blueberry,122.0,-3,0,0,blueberry_full_control
1094,2,blueberry,133.5,-3,0,0,blueberry_full_control
1095,1,blueberry,132.0,-3,1,1,blueberry_full_control
1095,2,blueberry,130.5,-3,1,1,blueberry_full_control
1096,1,blueberry,162.0,-3,0,0,blueberry_full_control
1096,2,blueberry,180.0,-3,1,1,time
1097,1,blueberry,132.0,-3,0,0,blueberry_full_control
1097,2,blueberry,148.5,-3,0,0,blueberry_full_control
1098,1,blueberry,180.0,-2,0,0,time
1098,2,blueberry,180.0,-3,0,0,time
1099,1,raspberry,180.0,2,0,0,time
1099,2,blueberry,140.5,-3,0,0,blueberry_full_control
1099,3,blueberry,171.5,-3,0,0,blueberry_full_control
1100,1,raspberry,180.0,2,0,1,time
1100,2,raspberry,180.0,0,1,1,time
1101,1,blueberry,177.0,-3,0,0,blueberry_full_control
1101,2,raspberry,180.0,1,0,1,time
1101,3,blueberry,153.0,-3,0,1,blueberry_full_control
1102,1,blueberry,180.0,-2,0,0,time
1102,2,blueberry,180.0,-3,0,0,time
1103,1,raspberry,180.0,2,0,1,time
1103,2,raspberry,180.0,3,0,1,time
1104,1,raspberry,126.5,3,0,1,raspberry_full_control
1104,2,raspberry,180.0,1,0,1,time
1105,1,raspberry,180.0,2,0,0,time
1105,2,raspberry,180.0,3,0,0,time
1106,1,blueberry,138.0,-3,0,0,blueberry_full_control
1106,2,blueberry,153.0,-3,0,0,blueberry_full_control
1107,1,blueberry,180.0,-3,0,0,time
1107,2,blueberry,147.0,-3,0,1,blueberry_full_control
1108,1,blueberry,130.0,-3,0,2,blueberry_full_control
1108,2,blueberry,123.0,-3,0,2,blueberry_full_control
1109,1,blueberry,146.5,-3,0,0,blueberry_full_control
1109,2,raspberry,180.0,1,0,0,time
1109,3,blueberry,141.0,-3,0,1,blueberry_full_control
1110,1,blueberry,180.0,-1,0,0,time
1110,2,blueberry,180.0,-2,0,0,time
1111,1,raspberry,180.0,1,0,0,time
1111,2,raspberry,180.0,2,0,0,time
1112,1,raspberry,180.0,2,0,0,time
1112,2,blueberry,180.0,-2,1,0,time
1112,3,raspberry,180.0,1,1,0,time
1113,1,blueberry,180.0,-1,1,1,time
1113,2,blueberry,144.5,-3,1,1,blueberry_full_control
1114,1,blueberry,158.0,-3,0,0,blueberry_full_control
1114,2,blueberry,180.0,-1,0,0,time
1115,1,blueberry,166.0,-3,0,0,blueberry_full_control
1115,2,raspberry,180.0,3,0,0,time
1115,3,blueberry,141.0,-3,0,0,blueberry_full_control
1116,1,raspberry,180.0,1,0,0,time
1116,2,blueberry,180.0,-3,0,0,time
1116,3,blueberry,180.0,-3,0,0,time
1117,1,blueberry,152.0,-3,0,0,blueberry_full_control
1117,2,raspberry,180.0,1,0,0,time
1117,3,raspberry,175.5,3,0,1,raspberry_full_control
1118,1,raspberry,180.0,1,0,0,time
1118,2,raspberry,180.0,3,0,0,time
1119,1,blueberry,120.5,-3,0,0,blueberry_full_control
1119,2,blueberry,126.0,-3,0,0,blueberry_full_control
1120,1,blueberry,180.0,0,0,0,time
1120,2,blueberry,180.0,-2,0,0,time
1121,1,blueberry,137.0,-3,0,1,blueberry_full_control
1121,2,raspberry,180.0,2,0,3,time
1121,3,blueberry,105.5,-3,0,3,blueberry_full_control
1122,1,blueberry,127.0,-3,0,0,blueberry_full_control
1122,2,blueberry,136.5,-3,0,0,blueberry_full_control
1123,1,blueberry,180.0,-2,0,0,time
1123,2,blueberry,180.0,-3,0,1,time
1124,1,blueberry,123.0,-3,0,0,blueberry_full_control
1124,2,blueberry,119.0,-3,0,0,blueberry_full_control
1125,1,blueberry,124.0,-3,0,0,blueberry_full_control
1125,2,raspberry,180.0,1,0,0,time
1125,3,blueberry,124.5,-3,0,0,blueberry_full_control
1126,1,blueberry,180.0,-1,2,3,time
1126,2,raspberry,156.0,3,2,4,raspberry_full_control
1126,3,blueberry,135.5,-3,2,4,blueberry_full_control
1127,1,blueberry,125.0,-3,0,0,blueberry_full_control
1127,2,blueberry,124.5,-3,0,0,blueberry_full_control
1128,1,blueberry,129.5,-3,0,0,blueberry_full_control
1128,2,blueberry,154.0,-3,0,0,blueberry_full_control
1129,1,blueberry,180.0,-2,0,0,time
1129,2,blueberry,124.0,-3,0,0,blueberry_full_control
1130,1,blueberry,135.5,-3,0,0,blueberry_full_control
1130,2,blueberry,130.5,-3,0,0,blueberry_full_control
1131,1,blueberry,135.0,-3,0,0,blueberry_full_control
1131,2,blueberry,174.0,-3,0,1,blueberry_full_control
1132,1,blueberry,139.5,-3,0,0,blueberry_full_control
1132,2,raspberry,180.0,2,0,0,time
1132,3,blueberry,127.0,-3,0,0,blueberry_full_control
1133,1,blueberry,148.0,-3,0,1,blueberry_full_control
1133,2,blueberry,127.5,-3,0,1,blueberry_full_control
1134,1,raspberry,180.0,2,1,0,time
1134,2,raspberry,180.0,0,1,0,time
1135,1,blueberry,180.0,-2,0,0,time
1135,2,blueberry,162.5,-3,0,0,blueberry_full_control
1136,1,raspberry,180.0,1,0,0,time
1136,2,blueberry,141.5,-3,0,0,blueberry_full_control
1136,3,raspberry,180.0,0,0,1,time
1137,1,raspberry,168.0,3,0,1,raspberry_full_control
1137,2,raspberry,180.0,3,1,1,time
1138,1,blueberry,174.5,-3,0,0,blueberry_full_control
1138,2,blueberry,180.0,-3,0,0,time
1139,1,raspberry,180.0,1,2,0,time
1139,2,raspberry,180.0,3,2,0,time
1140,1,blueberry,180.0,-1,0,1,time
1140,2,blueberry,125.5,-3,0,1,blueberry_full_control
1141,1,raspberry,180.0,3,0,0,time
1141,2,raspberry,180.0,1,0,0,time
1142,1,raspberry,180.0,3,0,1,time
1142,2,blueberry,112.5,-3,0,1,blueberry_full_control
1142,3,raspberry,180.0,2,0,1,time
1143,1,raspberry,180.0,2,0,0,time
1143,2,raspberry,180.0,1,0,0,time
1144,1,blueberry,180.0,-2,0,0,time
1144,2,blueberry,175.0,-3,0,0,blueberry_full_control
1145,1,raspberry,180.0,1,0,0,time
1145,2,blueberry,141.0,-3,0,0,blueberry_full_control
1145,3,blueberry,180.0,-1,0,0,time
1146,1,raspberry,180.0,3,0,0,time
1146,2,raspberry,173.0,3,0,0,raspberry_full_control
1147,1,blueberry,136.0,-3,0,0,blueberry_full_control
1147,2,blueberry,126.5,-3,0,0,blueberry_full_control
1148,1,blueberry,133.5,-3,0,0,blueberry_full_control
1148,2,blueberry,135.0,-3,0,0,blueberry_full_control
1149,1,blueberry,131.0,-3,0,0,blueberry_full_control
1149,2,blueberry,127.5,-3,0,0,blueberry_full_control
1150,1,blueberry,132.5,-3,0,1,blueberry_full_control
1150,2,blueberry,179.0,-3,0,1,blueberry_full_control
1151,1,blueberry,123.0,-3,0,1,blueberry_full_control
1151,2,blueberry,123.0,-3,0,1,blueberry_full_control
1152,1,blueberry,122.5,-3,0,0,blueberry_full_control
1152,2,blueberry,120.0,-3,0,0,blueberry_full_control
1153,1,blueberry,131.0,-3,0,0,blueberry_full_control
1153,2,blueberry,116.5,-3,0,0,blueberry_full_control
1154,1,blueberry,128.0,-3,0,0,blueberry_full_control
1154,2,blueberry,119.5,-3,0,0,blueberry_full_control
1155,1,raspberry,180.0,1,0,1,time
1155,2,blueberry,153.0,-3,0,1,blueberry_full_control
1155,3,raspberry,180.0,2,1,1,time
1156,1,blueberry,138.0,-3,0,1,blueberry_full_control
1156,2,raspberry,180.0,2,1,2,time
1156,3,raspberry,180.0,2,1,2,time
1157,1,blueberry,120.0,-3,0,0,blueberry_full_control
1157,2,blueberry,115.5,-3,0,0,blueberry_full_control
1158,1,blueberry,180.0,-3,1,0,time
1158,2,raspberry,180.0,1,1,0,time
1158,3,raspberry,174.5,3,1,0,raspberry_full_control
1159,1,blueberry,122.5,-3,0,0,blueberry_full_control
1159,2,raspberry,180.0,2,0,0,time
1159,3,blueberry,133.0,-3,0,0,blueberry_full_control
1160,1,blueberry,129.0,-3,0,0,blueberry_full_control
1160,2,raspberry,180.0,3,0,0,time
1160,3,raspberry,180.0,3,0,0,time
1161,1,blueberry,180.0,-2,0,0,time
1161,2,raspberry,180.0,2,0,0,time
1161,3,blueberry,180.0,-2,1,0,time
1162,1,blueberry,180.0,-3,0,0,time
1162,2,blueberry,180.0,-3,0,0,time
1163,1,raspberry,180.0,3,0,0,time
1163,2,blueberry,180.0,-3,0,0,time
1163,3,raspberry,180.0,3,0,0,time
1164,1,raspberry,180.0,3,1,0,time
1164,2,blueberry,180.0,-2,1,0,time
1164,3,blueberry,180.0,-2,1,0,time
1165,1,raspberry,169.0,3,0,0,raspberry_full_control
1165,2,raspberry,171.5,3,0,0,raspberry_full_control
1166,1,blueberry,134.0,-3,0,0,blueberry_full_control
1166,2,blueberry,156.0,-3,0,1,blueberry_full_control
1167,1,blueberry,180.0,-1,0,0,time
1167,2,blueberry,162.0,-3,0,0,blueberry_full_control
1168,1,blueberry,135.0,-3,0,0,blueberry_full_control
1168,2,blueberry,136.5,-3,0,0,blueberry_full_control
1169,1,blueberry,131.0,-3,0,0,blueberry_full_control
1169,2,blueberry,127.5,-3,0,0,blueberry_full_control
1170,1,blueberry,132.5,-3,0,0,blueberry_full_control
1170,2,blueberry,134.0,-3,0,0,blueberry_full_control
1171,1,blueberry,126.5,-3,0,0,blueberry_full_control
1171,2,blueberry,118.0,-3,0,0,blueberry_full_control
1172,1,blueberry,145.0,-3,0,0,blueberry_full_control
1172,2,blueberry,128.0,-3,0,0,blueberry_full_control
1173,1,blueberry,180.0,-3,0,2,time
1173,2,raspberry,180.0,3,0,2,time
1173,3,raspberry,180.0,3,1,2,time
1174,1,blueberry,135.0,-3,0,0,blueberry_full_control
1174,2,blueberry,127.5,-3,0,0,blueberry_full_control
1175,1,blueberry,140.0,-3,0,0,blueberry_full_control
1175,2,blueberry,151.0,-3,0,0,blueberry_full_control
1176,1,blueberry,124.5,-3,0,0,blueberry_full_control
1176,2,blueberry,124.5,-3,0,0,blueberry_full_control
1177,1,blueberry,124.5,-3,0,0,blueberry_full_control
1177,2,blueberry,131.5,-3,0,1,blueberry_full_control
1178,1,blueberry,122.5,-3,0,0,blueberry_full_control
1178,2,blueberry,125.0,-3,0,0,blueberry_full_control
1179,1,blueberry,135.0,-3,0,0,blueberry_full_control
1179,2,blueberry,134.5,-3,0,0,blueberry_full_control
1180,1,blueberry,148.5,-3,0,1,blueberry_full_control
1180,2,blueberry,130.5,-3,0,1,blueberry_full_control
1181,1,raspberry,180.0,1,0,1,time
1181,2,blueberry,165.5,-3,0,1,blueberry_full_control
1181,3,blueberry,180.0,-3,0,1,time
1182,1,blueberry,180.0,-2,0,0,time
1182,2,raspberry,180.0,2,0,0,time
1182,3,blueberry,154.5,-3,0,0,blueberry_full_control
1183,1,blueberry,117.0,-3,0,1,blueberry_full_control
1183,2,blueberry,132.0,-3,0,1,blueberry_full_control
1184,1,blueberry,124.0,-3,0,0,blueberry_full_control
1184,2,blueberry,130.0,-3,0,0,blueberry_full_control
1185,1,blueberry,180.0,-2,0,0,time
1185,2,blueberry,180.0,-3,0,0,time
1186,1,blueberry,130.5,-3,0,0,blueberry_full_control
1186,2,raspberry,176.0,3,0,0,raspberry_full_control
1186,3,blueberry,126.0,-3,0,0,blueberry_full_control
1187,1,blueberry,175.5,-3,0,0,blueberry_full_control
1187,2,raspberry,177.5,3,0,0,raspberry_full_control
1187,3,blueberry,136.5,-3,0,0,blueberry_full_control
1188,1,blueberry,126.0,-3,0,1,blueberry_full_control
1188,2,blueberry,95.5,-1,0,1,raspberry_full_control
1189,1,blueberry,180.0,-2,0,1,time
1189,2,blueberry,177.0,-3,0,2,blueberry_full_control
1190,1,blueberry,180.0,-1,1,0,time
1190,2,raspberry,180.0,2,2,0,time
1190,3,raspberry,177.5,3,2,0,raspberry_full_control
1191,1,raspberry,176.0,3,1,0,raspberry_full_control
1191,2,raspberry,143.0,3,1,0,raspberry_full_control
1192,1,blueberry,122.0,-3,0,0,blueberry_full_control
1192,2,blueberry,132.0,-3,0,0,blueberry_full_control
1193,1,blueberry,139.0,-3,0,0,blueberry_full_control
1193,2,blueberry,140.0,-3,0,0,blueberry_full_control
1194,1,raspberry,180.0,2,1,0,time
1194,2,raspberry,180.0,1,1,0,time
1195,1,blueberry,139.5,-3,0,1,blueberry_full_control
1195,2,blueberry,180.0,-3,0,1,time
1196,1,blueberry,180.0,-3,1,1,time
1196,2,blueberry,144.0,-3,1,1,blueberry_full_control
1197,1,raspberry,180.0,1,1,0,time
1197,2,raspberry,180.0,2,1,0,time
1198,1,blueberry,180.0,-1,0,1,time
1198,2,raspberry,180.0,2,0,1,time
1198,3,blueberry,151.5,-3,0,1,blueberry_full_control
1199,1,blueberry,116.5,-3,0,0,blueberry_full_control
1199,2,blueberry,121.5,-3,0,0,blueberry_full_control
1200,1,blueberry,136.5,-3,0,1,blueberry_full_control
1200,2,blueberry,180.0,-2,0,1,time
1201,1,blueberry,128.0,-3,0,0,blueberry_full_control
1201,2,blueberry,131.0,-3,0,0,blueberry_full_control
1202,1,blueberry,129.5,-3,0,0,blueberry_full_control
1202,2,raspberry,165.5,3,0,0,raspberry_full_control
1202,3,raspberry,179.0,3,0,0,raspberry_full_control
1203,1,blueberry,171.0,-3,0,0,blueberry_full_control
1203,2,blueberry,156.0,-3,0,0,blueberry_full_control
1204,1,blueberry,118.5,-3,0,0,blueberry_full_control
1204,2,blueberry,180.0,-3,0,0,time
1205,1,blueberry,136.5,-3,0,1,blueberry_full_control
1205,2,blueberry,153.0,-3,0,2,blueberry_full_control
1206,1,raspberry,180.0,0,0,0,time
1206,2,blueberry,180.0,-2,1,1,time
1206,3,raspberry,180.0,0,2,1,time
1207,1,blueberry,154.5,-3,0,1,blueberry_full_control
1207,2,blueberry,144.0,-3,0,1,blueberry_full_control
1208,1,blueberry,142.5,-3,0,0,blueberry_full_control
1208,2,blueberry,138.0,-3,0,0,blueberry_full_control
1209,1,blueberry,138.0,-3,0,0,blueberry_full_control
1209,2,blueberry,135.0,-3,0,0,blueberry_full_control
1210,1,blueberry,136.0,-3,0,1,blueberry_full_control
1210,2,raspberry,180.0,0,1,1,time
1210,3,blueberry,180.0,-2,2,1,time
1211,1,blueberry,150.0,-3,0,0,blueberry_full_control
1211,2,blueberry,152.5,-3,0,0,blueberry_full_control
1212,1,raspberry,180.0,1,0,0,time
1212,2,blueberry,180.0,-1,1,1,time
1212,3,raspberry,180.0,1,2,1,time
1213,1,raspberry,180.0,1,0,0,time
1213,2,blueberry,180.0,-1,0,0,time
1213,3,blueberry,180.0,-1,1,0,time
1214,1,raspberry,168.0,3,0,0,raspberry_full_control
1214,2,raspberry,180.0,2,1,0,time
1215,1,raspberry,156.0,3,0,0,raspberry_full_control
1215,2,raspberry,164.0,3,0,0,raspberry_full_control
1216,1,blueberry,180.0,-3,0,0,time
1216,2,raspberry,180.0,3,0,0,time
1216,3,raspberry,180.0,2,0,0,time
1217,1,blueberry,180.0,-2,1,0,time
1217,2,raspberry,176.0,3,1,0,raspberry_full_control
1217,3,raspberry,180.0,3,2,0,time
1218,1,blueberry,180.0,0,0,0,time
1218,2,raspberry,180.0,2,0,0,time
1218,3,blueberry,180.0,-2,0,0,time
1219,1,blueberry,154.5,-3,1,0,blueberry_full_control
1219,2,raspberry,180.0,1,1,0,time
1219,3,raspberry,180.0,1,1,0,time
1220,1,raspberry,180.0,3,0,0,time
1220,2,blueberry,169.5,-3,0,0,blueberry_full_control
1220,3,raspberry,180.0,3,1,0,time
1221,1,raspberry,180.0,3,1,1,time
1221,2,raspberry,180.0,3,2,1,time
1222,1,blueberry,169.5,-3,0,0,blueberry_full_control
1222,2,blueberry,151.5,-3,0,0,blueberry_full_control
1223,1,blueberry,129.5,-3,0,0,blueberry_full_control
1223,2,blueberry,180.0,-1,0,0,time
1224,1,raspberry,180.0,3,1,0,time
1224,2,raspberry,180.0,2,1,0,time
1225,1,blueberry,133.0,-3,0,0,blueberry_full_control
1225,2,blueberry,127.0,-3,0,0,blueberry_full_control
1226,1,blueberry,134.5,-3,0,1,blueberry_full_control
1226,2,blueberry,180.0,-3,0,1,time
1227,1,blueberry,180.0,-1,0,0,time
1227,2,blueberry,127.0,-3,0,0,blueberry_full_control
1228,1,blueberry,124.5,-3,0,0,blueberry_full_control
1228,2,blueberry,121.5,-3,0,0,blueberry_full_control
1229,1,blueberry,133.5,-3,0,0,blueberry_full_control
1229,2,blueberry,180.0,0,0,1,time
1230,1,blueberry,180.0,0,0,0,time
1230,2,blueberry,150.5,-3,1,0,blueberry_full_control
1231,1,blueberry,124.0,-3,0,0,blueberry_full_control
1231,2,blueberry,124.0,-3,0,0,blueberry_full_control
1232,1,blueberry,122.0,-3,0,0,blueberry_full_control
1232,2,blueberry,118.5,-3,0,0,blueberry_full_control
1233,1,blueberry,127.0,-3,0,0,blueberry_full_control
1233,2,blueberry,121.0,-3,0,0,blueberry_full_control
1234,1,blueberry,127.5,-3,0,0,blueberry_full_control
1234,2,blueberry,123.5,-3,0,0,blueberry_full_control
1235,1,blueberry,126.0,-3,0,0,blueberry_full_control
1235,2,blueberry,180.0,-2,0,0,time
1236,1,blueberry,135.0,-3,0,0,blueberry_full_control
1236,2,blueberry,126.5,-3,1,0,blueberry_full_control
1237,1,blueberry,122.0,-3,0,0,blueberry_full_control
1237,2,blueberry,140.5,-3,0,0,blueberry_full_control
1238,1,raspberry,180.0,0,0,0,time
1238,2,blueberry,137.5,-3,0,2,blueberry_full_control
1238,3,blueberry,129.5,-3,0,2,blueberry_full_control
1239,1,blueberry,138.0,-3,0,1,blueberry_full_control
1239,2,raspberry,180.0,0,0,1,time
1239,3,blueberry,180.0,-1,0,2,time
1240,1,raspberry,180.0,2,0,0,time
1240,2,raspberry,180.0,2,0,0,time
1241,1,blueberry,172.5,-3,0,1,blueberry_full_control
1241,2,raspberry,180.0,2,0,1,time
1241,3,blueberry,180.0,-3,0,2,time
1242,1,blueberry,180.0,-1,0,1,time
1242,2,blueberry,167.5,-3,0,2,blueberry_full_control
1243,1,blueberry,160.0,-3,0,0,blueberry_full_control
1243,2,raspberry,180.0,2,0,0,time
1243,3,raspberry,180.0,1,0,0,time
1244,1,blueberry,180.0,-2,0,2,time
1244,2,raspberry,180.0,0,0,2,time
1244,3,blueberry,133.5,-3,0,2,blueberry_full_control
1245,1,raspberry,180.0,3,0,0,time
1245,2,raspberry,180.0,3,0,0,time
1246,1,blueberry,154.0,-3,0,1,blueberry_full_control
1246,2,blueberry,163.5,-3,0,1,blueberry_full_control
1247,1,blueberry,142.5,-3,0,0,blueberry_full_control
1247,2,blueberry,153.0,-3,0,1,blueberry_full_control
1248,1,blueberry,180.0,-2,0,1,time
1248,2,blueberry,136.5,-3,0,1,blueberry_full_control
1249,1,blueberry,123.0,-3,0,0,blueberry_full_control
1249,2,blueberry,123.0,-3,0,1,blueberry_full_control
1250,1,blueberry,147.0,-3,0,1,blueberry_full_control
1250,2,raspberry,180.0,2,0,1,time
1250,3,blueberry,180.0,-3,0,1,time
1251,1,blueberry,180.0,-1,0,0,time
1251,2,blueberry,112.5,-3,0,0,blueberry_full_control
1252,1,blueberry,180.0,-3,0,2,time
1252,2,blueberry,123.0,-3,0,2,blueberry_full_control
1253,1,blueberry,112.5,-3,0,0,blueberry_full_control
1253,2,blueberry,118.5,-3,0,0,blueberry_full_control
1254,1,blueberry,112.5,-3,1,0,blueberry_full_control
1254,2,raspberry,180.0,2,1,0,time
1254,3,raspberry,180.0,0,3,0,time
1255,1,blueberry,122.0,-3,0,0,blueberry_full_control
1255,2,blueberry,130.0,-3,0,0,blueberry_full_control
1256,1,blueberry,133.5,-3,0,0,blueberry_full_control
1256,2,blueberry,119.0,-3,0,0,blueberry_full_control
1257,1,blueberry,123.0,-3,0,0,blueberry_full_control
1257,2,blueberry,134.0,-3,0,0,blueberry_full_control
1258,1,blueberry,180.0,-2,0,0,time
1258,2,blueberry,180.0,-1,1,1,time
1259,1,blueberry,120.0,-3,0,0,blueberry_full_control
1259,2,blueberry,120.0,-3,0,0,blueberry_full_control
1260,1,blueberry,131.0,-3,0,0,blueberry_full_control
1260,2,blueberry,112.5,-3,0,0,blueberry_full_control
1261,1,blueberry,112.5,-3,0,0,blueberry_full_control
1261,2,blueberry,114.0,-3,0,0,blueberry_full_control
1262,1,blueberry,112.5,-3,0,0,blueberry_full_control
1262,2,blueberry,124.5,-3,0,0,blueberry_full_control
1263,1,blueberry,180.0,-3,0,0,time
1263,2,blueberry,123.0,-3,0,0,blueberry_full_control
1264,1,blueberry,114.0,-3,0,0,blueberry_full_control
1264,2,blueberry,112.5,-3,0,0,blueberry_full_control
1265,1,blueberry,123.0,-3,0,0,blueberry_full_control
1265,2,blueberry,117.5,-3,0,0,blueberry_full_control
1266,1,blueberry,121.5,-3,0,0,blueberry_full_control
1266,2,blueberry,112.5,-3,0,0,blueberry_full_control
1267,1,blueberry,115.5,-3,0,0,blueberry_full_control
1267,2,blueberry,119.0,-3,0,0,blueberry_full_control
1268,1,blueberry,120.0,-3,0,0,blueberry_full_control
1268,2,blueberry,123.0,-3,0,0,blueberry_full_control
1269,1,blueberry,112.5,-3,0,0,blueberry_full_control
1269,2,blueberry,112.5,-3,0,0,blueberry_full_control
1270,1,blueberry,121.0,-3,0,0,blueberry_full_control
1270,2,blueberry,114.0,-3,0,0,blueberry_full_control
1271,1,blueberry,115.5,-3,0,0,blueberry_full_control
1271,2,blueberry,133.5,-3,0,0,blueberry_full_control
1272,1,blueberry,119.0,-3,0,0,blueberry_full_control
1272,2,blueberry,124.5,-3,0,0,blueberry_full_control
1273,1,blueberry,131.0,-3,1,0,blueberry_full_control
1273,2,raspberry,180.0,1,2,0,time
1273,3,raspberry,180.0,2,4,0,time
1274,1,blueberry,126.0,-3,0,0,blueberry_full_control
1274,2,blueberry,124.5,-3,0,0,blueberry_full_control
1275,1,blueberry,180.0,-1,0,1,time
1275,2,raspberry,180.0,1,0,2,time
1275,3,blueberry,123.0,-3,0,2,blueberry_full_control
1276,1,blueberry,117.5,-3,0,0,blueberry_full_control
1276,2,blueberry,123.0,-3,0,0,blueberry_full_control
1277,1,blueberry,117.0,-3,1,1,blueberry_full_control
1277,2,blueberry,119.5,-3,1,1,blueberry_full_control
1278,1,blueberry,122.0,-3,0,0,blueberry_full_control
1278,2,blueberry,115.5,-3,0,0,blueberry_full_control
1279,1,blueberry,121.5,-3,0,0,blueberry_full_control
1279,2,blueberry,123.0,-3,0,0,blueberry_full_control
1280,1,blueberry,120.5,-3,0,0,blueberry_full_control
1280,2,blueberry,114.0,-3,0,0,blueberry_full_control
1281,1,raspberry,180.0,1,2,0,time
1281,2,raspberry,139.0,3,3,0,raspberry_full_control
1282,1,blueberry,133.5,-3,0,0,blueberry_full_control
1282,2,blueberry,153.0,-3,0,1,blueberry_full_control
1283,1,blueberry,138.0,-3,0,1,blueberry_full_control
1283,2,blueberry,123.0,-3,0,1,blueberry_full_control
1284,1,blueberry,118.5,-3,0,0,blueberry_full_control
1284,2,blueberry,114.0,-3,0,0,blueberry_full_control
1285,1,blueberry,122.5,-3,0,0,blueberry_full_control
1285,2,blueberry,128.5,-3,0,0,blueberry_full_control
1286,1,blueberry,155.0,-3,0,0,blueberry_full_control
1286,2,blueberry,121.5,-3,0,0,blueberry_full_control
1287,1,blueberry,119.0,-3,0,0,blueberry_full_control
1287,2,blueberry,123.0,-3,0,0,blueberry_full_control
1288,1,blueberry,122.0,-3,0,0,blueberry_full_control
1288,2,blueberry,112.5,-3,0,0,blueberry_full_control
1289,1,blueberry,118.5,-3,0,0,blueberry_full_control
1289,2,blueberry,119.0,-3,0,0,blueberry_full_control
1290,1,blueberry,114.0,-3,0,0,blueberry_full_control
1290,2,blueberry,115.5,-3,0,0,blueberry_full_control
1291,1,blueberry,125.5,-3,0,0,blueberry_full_control
1291,2,blueberry,123.5,-3,0,0,blueberry_full_control
1292,1,blueberry,121.5,-3,0,0,blueberry_full_control
1292,2,blueberry,114.0,-3,0,0,blueberry_full_control
1293,1,blueberry,114.0,-3,0,0,blueberry_full_control
1293,2,blueberry,123.0,-3,0,0,blueberry_full_control
1294,1,blueberry,135.5,-3,0,1,blueberry_full_control
1294,2,blueberry,154.5,-3,0,1,blueberry_full_control
1295,1,raspberry,180.0,3,1,1,time
1295,2,blueberry,130.0,-3,1,1,blueberry_full_control
1295,3,blueberry,132.5,-3,1,1,blueberry_full_control
1296,1,blueberry,119.5,-3,0,0,blueberry_full_control
1296,2,blueberry,118.5,-3,0,0,blueberry_full_control
1297,1,blueberry,112.5,-3,0,0,blueberry_full_control
1297,2,blueberry,123.0,-3,0,0,blueberry_full_control
1298,1,blueberry,180.0,-2,1,0,time
1298,2,raspberry,180.0,2,1,0,time
1298,3,raspberry,180.0,3,1,1,time
1299,1,blueberry,119.0,-3,0,0,blueberry_full_control
1299,2,blueberry,119.0,-3,0,0,blueberry_full_control
1300,1,blueberry,117.0,-3,0,0,blueberry_full_control
1300,2,blueberry,118.0,-3,0,0,blueberry_full_control
1301,1,blueberry,114.0,-3,0,0,blueberry_full_control
1301,2,blueberry,180.0,-2,0,0,time
1302,1,blueberry,123.0,-3,0,0,blueberry_full_control
1302,2,blueberry,123.0,-3,0,0,blueberry_full_control
1303,1,blueberry,123.0,-3,0,0,blueberry_full_control
1303,2,blueberry,133.0,-3,0,0,blueberry_full_control
1304,1,blueberry,129.0,-3,0,0,blueberry_full_control
1304,2,blueberry,130.5,-3,0,0,blueberry_full_control
1305,1,blueberry,124.5,-3,0,0,blueberry_full_control
1305,2,blueberry,119.0,-3,0,0,blueberry_full_control
1306,1,blueberry,121.5,-3,0,0,blueberry_full_control
1306,2,blueberry,121.5,-3,0,0,blueberry_full_control
1307,1,raspberry,180.0,1,0,0,time
1307,2,blueberry,145.5,-3,0,0,blueberry_full_control
1307,3,raspberry,180.0,1,0,0,time
1308,1,raspberry,180.0,1,0,1,time
1308,2,raspberry,180.0,2,1,1,time
1309,1,blueberry,127.5,-3,0,1,blueberry_full_control
1309,2,blueberry,133.5,-3,0,1,blueberry_full_control
1310,1,blueberry,133.5,-3,0,1,blueberry_full_control
1310,2,blueberry,180.0,-2,0,1,time
1311,1,blueberry,180.0,-1,0,0,time
1311,2,blueberry,122.5,-3,0,0,blueberry_full_control
1312,1,blueberry,115.5,-3,0,0,blueberry_full_control
1312,2,blueberry,123.0,-3,0,0,blueberry_full_control
1313,1,raspberry,180.0,2,0,0,time
1313,2,blueberry,114.0,-3,0,0,blueberry_full_control
1313,3,blueberry,114.0,-3,0,0,blueberry_full_control
1314,1,raspberry,180.0,1,0,0,time
1314,2,blueberry,122.0,-3,0,0,blueberry_full_control
1314,3,blueberry,114.0,-3,0,0,blueberry_full_control
1315,1,blueberry,123.0,-3,0,0,blueberry_full_control
1315,2,blueberry,121.5,-3,0,0,blueberry_full_control
1316,1,blueberry,123.0,-3,0,0,blueberry_full_control
1316,2,blueberry,123.0,-3,0,0,blueberry_full_control
1317,1,blueberry,112.5,-3,0,0,blueberry_full_control
1317,2,blueberry,112.5,-3,0,0,blueberry_full_control
1318,1,blueberry,131.5,-3,0,1,blueberry_full_control
1318,2,blueberry,120.0,-3,0,1,blueberry_full_control
1319,1,blueberry,180.0,-3,1,0,time
1319,2,raspberry,180.0,1,1,0,time
1319,3,blueberry,95.5,-1,1,1,raspberry_full_control
1320,1,blueberry,123.0,-3,0,0,blueberry_full_control
1320,2,blueberry,123.0,-3,0,0,blueberry_full_control
1321,1,blueberry,133.5,-3,0,0,blueberry_full_control
1321,2,blueberry,122.5,-3,0,1,blueberry_full_control
1322,1,raspberry,174.0,3,0,0,raspberry_full_control
1322,2,blueberry,136.0,-3,1,0,blueberry_full_control
1322,3,raspberry,180.0,1,1,0,time
1323,1,blueberry,114.0,-3,0,0,blueberry_full_control
1323,2,blueberry,123.0,-3,0,0,blueberry_full_control
1324,1,blueberry,112.5,-3,0,0,blueberry_full_control
1324,2,raspberry,180.0,2,0,0,time
1324,3,raspberry,180.0,2,0,0,time
1325,1,blueberry,117.0,-3,0,0,blueberry_full_control
1325,2,blueberry,117.0,-3,0,0,blueberry_full_control
1326,1,raspberry,180.0,3,1,0,time
1326,2,raspberry,180.0,2,1,0,time
1327,1,blueberry,129.5,-3,0,0,blueberry_full_control
1327,2,blueberry,115.5,-3,0,0,blueberry_full_control
1328,1,blueberry,129.0,-3,0,0,blueberry_full_control
1328,2,blueberry,122.5,-3,0,1,blueberry_full_control
1329,1,blueberry,120.0,-3,0,0,blueberry_full_control
1329,2,blueberry,129.0,-3,0,0,blueberry_full_control
1330,1,blueberry,137.5,-3,0,1,blueberry_full_control
1330,2,blueberry,123.0,-3,1,1,blueberry_full_control
1331,1,blueberry,119.0,-3,1,0,blueberry_full_control
1331,2,raspberry,180.0,2,1,1,time
1331,3,blueberry,175.0,-3,1,3,blueberry_full_control
1332,1,blueberry,125.0,-3,0,0,blueberry_full_control
1332,2,blueberry,141.5,-3,0,0,blueberry_full_control
1333,1,blueberry,141.0,-3,0,1,blueberry_full_control
1333,2,blueberry,133.5,-3,0,2,blueberry_full_control
1334,1,blueberry,146.0,-3,0,0,blueberry_full_control
1334,2,raspberry,180.0,2,1,0,time
1334,3,blueberry,180.0,-1,1,0,time
1335,1,blueberry,120.0,-3,0,0,blueberry_full_control
1335,2,blueberry,122.0,-3,0,0,blueberry_full_control
1336,1,raspberry,180.0,1,0,1,time
1336,2,blueberry,124.5,-3,0,1,blueberry_full_control
1336,3,raspberry,180.0,2,1,2,time
1337,1,raspberry,180.0,2,1,0,time
1337,2,raspberry,180.0,3,1,0,time
1338,1,blueberry,167.5,-3,0,1,blueberry_full_control
1338,2,blueberry,180.0,-3,0,1,time
1339,1,blueberry,143.5,-3,0,0,blueberry_full_control
1339,2,blueberry,136.5,-3,0,0,blueberry_full_control
1340,1,blueberry,180.0,-2,0,0,time
1340,2,raspberry,180.0,1,1,0,time
1340,3,raspberry,174.5,3,1,0,raspberry_full_control
1341,1,blueberry,126.0,-3,0,0,blueberry_full_control
1341,2,blueberry,123.0,-3,0,0,blueberry_full_control
1342,1,blueberry,129.0,-3,0,0,blueberry_full_control
1342,2,blueberry,135.5,-3,0,0,blueberry_full_control
1343,1,blueberry,180.0,-2,0,0,time
1343,2,blueberry,141.5,-3,0,0,blueberry_full_control
1344,1,blueberry,120.0,-3,0,0,blueberry_full_control
1344,2,blueberry,117.0,-3,0,0,blueberry_full_control
1345,1,blueberry,117.5,-3,0,0,blueberry_full_control
1345,2,blueberry,178.5,-3,0,0,blueberry_full_control
1346,1,blueberry,131.0,-3,0,0,blueberry_full_control
1346,2,blueberry,119.5,-3,0,0,blueberry_full_control
1347,1,blueberry,133.5,-3,0,0,blueberry_full_control
1347,2,blueberry,153.0,-3,1,2,blueberry_full_control
1348,1,blueberry,144.0,-3,0,1,blueberry_full_control
1348,2,blueberry,151.5,-3,0,1,blueberry_full_control
1349,1,blueberry,112.5,-3,0,1,blueberry_full_control
1349,2,blueberry,180.0,-3,0,2,time
1350,1,blueberry,136.5,-3,0,0,blueberry_full_control
1350,2,blueberry,128.5,-3,0,0,blueberry_full_control
1351,1,blueberry,117.0,-3,0,0,blueberry_full_control
1351,2,blueberry,118.0,-3,0,0,blueberry_full_control
1352,1,raspberry,180.0,1,0,0,time
1352,2,blueberry,128.5,-3,0,0,blueberry_full_control
1352,3,blueberry,129.5,-3,0,0,blueberry_full_control
1353,1,raspberry,180.0,1,0,1,time
1353,2,blueberry,127.0,-3,0,1,blueberry_full_control
1353,3,raspberry,180.0,2,1,1,time
1354,1,raspberry,180.0,1,0,1,time
1354,2,blueberry,114.0,-3,0,1,blueberry_full_control
1354,3,blueberry,158.5,-3,0,1,blueberry_full_control
1355,1,blueberry,170.0,-3,0,0,blueberry_full_control
1355,2,blueberry,137.5,-3,0,0,blueberry_full_control
1356,1,blueberry,134.5,-3,0,0,blueberry_full_control
1356,2,blueberry,131.0,-3,0,0,blueberry_full_control
1357,1,raspberry,180.0,3,0,0,time
1357,2,blueberry,160.5,-3,0,0,blueberry_full_control
1357,3,blueberry,180.0,-1,0,0,time
1358,1,blueberry,123.5,-3,0,1,blueberry_full_control
1358,2,blueberry,124.5,-3,0,1,blueberry_full_control
1359,1,raspberry,180.0,3,0,0,time
1359,2,blueberry,133.5,-3,0,1,blueberry_full_control
1359,3,raspberry,180.0,2,1,2,time
1360,1,blueberry,152.5,-3,0,1,blueberry_full_control
1360,2,blueberry,180.0,-3,0,1,time
1361,1,blueberry,165.0,-3,0,0,blueberry_full_control
1361,2,blueberry,146.5,-3,0,0,blueberry_full_control
1362,1,raspberry,180.0,0,0,0,time
1362,2,raspberry,180.0,1,0,0,time
1363,1,blueberry,138.0,-3,0,0,blueberry_full_control
1363,2,blueberry,136.5,-3,0,1,blueberry_full_control
1364,1,blueberry,115.5,-3,0,0,blueberry_full_control
1364,2,blueberry,120.5,-3,0,0,blueberry_full_control
1365,1,blueberry,129.5,-3,0,0,blueberry_full_control
1365,2,blueberry,142.5,-3,0,0,blueberry_full_control
1366,1,blueberry,180.0,-2,0,2,time
1366,2,blueberry,142.5,-3,0,2,blueberry_full_control
1367,1,blueberry,115.5,-3,0,1,blueberry_full_control
1367,2,blueberry,180.0,0,0,1,time
1368,1,blueberry,138.0,-3,0,0,blueberry_full_control
1368,2,blueberry,133.0,-3,0,1,blueberry_full_control
1369,1,raspberry,180.0,1,2,0,time
1369,2,raspberry,180.0,3,2,0,time
1370,1,raspberry,180.0,2,0,0,time
1370,2,raspberry,180.0,2,0,0,time
1371,1,blueberry,144.5,-3,0,1,blueberry_full_control
1371,2,raspberry,180.0,2,0,1,time
1371,3,blueberry,156.0,-3,0,1,blueberry_full_control
1372,1,raspberry,180.0,2,0,0,time
1372,2,blueberry,149.5,-3,0,1,blueberry_full_control
1372,3,blueberry,142.0,-3,0,1,blueberry_full_control
1373,1,blueberry,120.0,-3,0,0,blueberry_full_control
1373,2,blueberry,180.0,-2,0,1,time
1374,1,blueberry,121.5,-3,0,0,blueberry_full_control
1374,2,raspberry,180.0,2,0,0,time
1374,3,blueberry,123.5,-3,0,0,blueberry_full_control
1375,1,blueberry,126.0,-3,0,1,blueberry_full_control
1375,2,blueberry,180.0,-2,0,1,time
1376,1,blueberry,128.5,-3,0,0,blueberry_full_control
1376,2,raspberry,180.0,1,0,0,time
1376,3,blueberry,180.0,0,0,0,time
1377,1,blueberry,124.5,-3,0,0,blueberry_full_control
1377,2,blueberry,141.5,-3,0,1,blueberry_full_control
1378,1,blueberry,180.0,-1,0,0,time
1378,2,blueberry,123.0,-3,0,0,blueberry_full_control
1379,1,blueberry,116.5,-3,0,0,blueberry_full_control
1379,2,blueberry,117.0,-3,0,0,blueberry_full_control
1380,1,blueberry,114.0,-3,1,1,blueberry_full_control
1380,2,blueberry,156.0,-3,1,1,blueberry_full_control
1381,1,blueberry,124.5,-3,0,0,blueberry_full_control
1381,2,blueberry,122.0,-3,0,1,blueberry_full_control
1382,1,blueberry,124.5,-3,0,0,blueberry_full_control
1382,2,blueberry,125.0,-3,0,0,blueberry_full_control
1383,1,blueberry,123.0,-3,0,0,blueberry_full_control
1383,2,blueberry,123.0,-3,0,0,blueberry_full_control
1384,1,blueberry,142.5,-3,1,1,blueberry_full_control
1384,2,blueberry,134.0,-3,1,2,blueberry_full_control
1385,1,blueberry,124.5,-3,0,1,blueberry_full_control
1385,2,raspberry,180.0,3,0,1,time
1385,3,raspberry,180.0,0,0,1,time
1386,1,blueberry,127.5,-3,0,0,blueberry_full_control
1386,2,blueberry,120.5,-3,0,0,blueberry_full_control
1387,1,blueberry,127.0,-3,0,1,blueberry_full_control
1387,2,blueberry,180.0,-2,0,1,time
1388,1,blueberry,180.0,-3,0,0,time
1388,2,blueberry,117.0,-3,0,0,blueberry_full_control
1389,1,blueberry,132.5,-3,0,0,blueberry_full_control
1389,2,blueberry,132.5,-3,0,0,blueberry_full_control
1390,1,blueberry,172.0,-3,0,0,blueberry_full_control
1390,2,raspberry,180.0,1,0,0,time
1390,3,raspberry,180.0,1,0,0,time
1391,1,blueberry,142.0,-3,0,0,blueberry_full_control
1391,2,blueberry,123.0,-3,0,0,blueberry_full_control
1392,1,blueberry,141.0,-3,0,2,blueberry_full_control
1392,2,blueberry,137.5,-3,0,2,blueberry_full_control
1393,1,blueberry,148.0,-3,0,0,blueberry_full_control
1393,2,blueberry,180.0,-1,0,0,time
1394,1,blueberry,117.5,-3,0,0,blueberry_full_control
1394,2,blueberry,180.0,-1,0,0,time
1395,1,blueberry,116.0,-3,0,0,blueberry_full_control
1395,2,blueberry,143.0,-3,0,0,blueberry_full_control
1396,1,blueberry,159.0,-3,0,1,blueberry_full_control
1396,2,blueberry,180.0,-1,0,1,time
1397,1,blueberry,126.5,-3,0,0,blueberry_full_control
1397,2,blueberry,125.0,-3,0,0,blueberry_full_control
1398,1,blueberry,163.5,-3,0,0,blueberry_full_control
1398,2,blueberry,125.0,-3,0,0,blueberry_full_control
1399,1,raspberry,180.0,2,0,0,time
1399,2,raspberry,180.0,2,0,0,time
1400,1,blueberry,126.5,-3,0,0,blueberry_full_control
1400,2,raspberry,180.0,3,0,0,time
1400,3,blueberry,180.0,-1,0,0,time
1401,1,blueberry,122.5,-3,0,0,blueberry_full_control
1401,2,blueberry,164.0,-3,0,0,blueberry_full_control
1402,1,blueberry,180.0,-2,1,1,time
1402,2,blueberry,180.0,-3,1,1,time
1403,1,blueberry,118.5,-3,0,0,blueberry_full_control
1403,2,blueberry,127.5,-3,0,0,blueberry_full_control
1404,1,blueberry,145.0,-3,0,0,blueberry_full_control
1404,2,blueberry,125.0,-3,0,0,blueberry_full_control
1405,1,blueberry,132.0,-3,0,1,blueberry_full_control
1405,2,raspberry,180.0,0,1,1,time
1405,3,blueberry,180.0,-2,1,1,time
1406,1,blueberry,135.0,-3,0,0,blueberry_full_control
1406,2,blueberry,160.0,-3,0,0,blueberry_full_control
1407,1,raspberry,177.0,3,0,0,raspberry_full_control
1407,2,raspberry,180.0,1,0,0,time
1408,1,raspberry,180.0,3,0,0,time
1408,2,raspberry,180.0,3,0,0,time
1409,1,raspberry,180.0,3,0,0,time
1409,2,raspberry,170.5,3,0,0,raspberry_full_control
1410,1,raspberry,180.0,0,1,0,time
1410,2,raspberry,173.0,3,1,0,raspberry_full_control
1411,1,raspberry,180.0,2,0,0,time
1411,2,blueberry,180.0,0,0,0,time
1411,3,blueberry,180.0,-2,0,1,time
1412,1,blueberry,125.5,-3,0,1,blueberry_full_control
1412,2,blueberry,180.0,-3,0,1,time
1413,1,blueberry,120.0,-3,0,0,blueberry_full_control
1413,2,blueberry,165.0,-3,0,0,blueberry_full_control
1414,1,blueberry,135.5,-3,0,0,blueberry_full_control
1414,2,blueberry,132.5,-3,0,0,blueberry_full_control
1415,1,blueberry,143.5,-3,0,1,blueberry_full_control
1415,2,blueberry,138.5,-3,0,1,blueberry_full_control
1416,1,blueberry,137.5,-3,0,0,blueberry_full_control
1416,2,blueberry,178.0,-3,0,0,blueberry_full_control
1417,1,raspberry,167.0,3,0,0,raspberry_full_control
1417,2,blueberry,180.0,0,0,0,time
1417,3,raspberry,180.0,2,1,1,time
1418,1,raspberry,180.0,2,1,0,time
1418,2,raspberry,180.0,2,1,0,time
1419,1,blueberry,180.0,-3,0,0,time
1419,2,blueberry,180.0,-3,0,0,time
1420,1,blueberry,129.0,-3,0,0,blueberry_full_control
1420,2,blueberry,127.5,-3,0,0,blueberry_full_control
1421,1,raspberry,180.0,0,1,1,time
1421,2,blueberry,180.0,-2,1,2,time
1421,3,raspberry,180.0,3,1,3,time
1422,1,blueberry,118.0,-3,0,0,blueberry_full_control
1422,2,blueberry,123.0,-3,0,0,blueberry_full_control
1423,1,blueberry,156.0,-3,0,0,blueberry_full_control
1423,2,raspberry,180.0,1,0,0,time
1423,3,blueberry,150.0,-3,0,0,blueberry_full_control
1424,1,blueberry,180.0,-2,0,2,time
1424,2,blueberry,126.0,-3,0,2,blueberry_full_control
1425,1,blueberry,142.0,-3,0,0,blueberry_full_control
1425,2,blueberry,139.5,-3,0,0,blueberry_full_control
1426,1,raspberry,180.0,0,1,1,time
1426,2,raspberry,171.5,3,1,1,raspberry_full_control
1427,1,blueberry,133.5,-3,0,0,blueberry_full_control
1427,2,blueberry,126.0,-3,0,0,blueberry_full_control
1428,1,blueberry,130.5,-3,0,0,blueberry_full_control
1428,2,blueberry,126.0,-3,0,1,blueberry_full_control
1429,1,blueberry,126.0,-3,0,0,blueberry_full_control
1429,2,blueberry,122.5,-3,0,0,blueberry_full_control
1430,1,blueberry,126.0,-3,0,0,blueberry_full_control
1430,2,blueberry,126.0,-3,0,0,blueberry_full_control
1431,1,raspberry,180.0,1,0,0,time
1431,2,blueberry,161.5,-3,0,0,blueberry_full_control
1431,3,raspberry,180.0,2,0,0,time
1432,1,raspberry,180.0,3,0,0,time
1432,2,blueberry,156.0,-3,0,0,blueberry_full_control
1432,3,raspberry,180.0,3,0,0,time
1433,1,blueberry,124.5,-3,0,0,blueberry_full_control
1433,2,blueberry,124.5,-3,0,0,blueberry_full_control
1434,1,blueberry,137.5,-3,0,0,blueberry_full_control
1434,2,blueberry,132.0,-3,0,0,blueberry_full_control
1435,1,blueberry,129.0,-3,0,1,blueberry_full_control
1435,2,blueberry,180.0,-3,0,1,time
1436,1,blueberry,119.0,-3,0,0,blueberry_full_control
1436,2,blueberry,148.5,-3,0,0,blueberry_full_control
1437,1,blueberry,123.0,-3,0,0,blueberry_full_control
1437,2,blueberry,128.0,-3,0,0,blueberry_full_control
1438,1,blueberry,180.0,-1,1,1,time
1438,2,raspberry,180.0,0,1,3,time
1438,3,blueberry,137.5,-3,1,3,blueberry_full_control
1439,1,blueberry,127.5,-3,0,0,blueberry_full_control
1439,2,blueberry,152.0,-3,0,1,blueberry_full_control
1440,1,blueberry,131.5,-3,0,0,blueberry_full_control
1440,2,blueberry,139.5,-3,1,0,blueberry_full_control
1441,1,blueberry,127.5,-3,0,0,blueberry_full_control
1441,2,blueberry,135.0,-3,0,1,blueberry_full_control
1442,1,raspberry,180.0,2,0,0,time
1442,2,blueberry,125.5,-3,0,0,blueberry_full_control
1442,3,raspberry,180.0,0,0,1,time
1443,1,blueberry,155.5,-3,0,0,blueberry_full_control
1443,2,raspberry,180.0,0,0,0,time
1443,3,blueberry,152.0,-3,0,0,blueberry_full_control
1444,1,blueberry,126.0,-3,0,0,blueberry_full_control
1444,2,blueberry,120.5,-3,0,0,blueberry_full_control
1445,1,blueberry,138.0,-3,0,0,blueberry_full_control
1445,2,blueberry,164.5,-3,0,2,blueberry_full_control
1446,1,raspberry,180.0,2,0,0,time
1446,2,raspberry,180.0,1,0,1,time
1447,1,raspberry,180.0,3,0,0,time
1447,2,raspberry,180.0,2,0,1,time
1448,1,blueberry,172.5,-3,0,0,blueberry_full_control
1448,2,raspberry,180.0,3,0,0,time
1448,3,blueberry,180.0,-2,0,0,time
1449,1,blueberry,122.5,-3,0,1,blueberry_full_control
1449,2,blueberry,153.0,-3,0,1,blueberry_full_control
1450,1,blueberry,119.0,-3,0,0,blueberry_full_control
1450,2,blueberry,116.0,-3,0,0,blueberry_full_control
1451,1,raspberry,180.0,1,1,0,time
1451,2,raspberry,180.0,3,1,0,time
1452,1,blueberry,132.5,-3,0,0,blueberry_full_control
1452,2,raspberry,180.0,1,1,0,time
1452,3,raspberry,180.0,1,1,0,time
1453,1,blueberry,120.5,-3,0,0,blueberry_full_control
1453,2,blueberry,127.5,-3,0,0,blueberry_full_control
1454,1,blueberry,120.0,-3,0,0,blueberry_full_control
1454,2,blueberry,126.5,-3,0,1,blueberry_full_control
1455,1,blueberry,120.5,-3,0,0,blueberry_full_control
1455,2,blueberry,120.5,-3,0,0,blueberry_full_control
1456,1,blueberry,138.0,-3,0,0,blueberry_full_control
1456,2,blueberry,142.5,-3,0,0,blueberry_full_control
1457,1,blueberry,112.5,-3,1,0,blueberry_full_control
1457,2,blueberry,155.5,-3,1,0,blueberry_full_control
1458,1,blueberry,140.0,-3,0,0,blueberry_full_control
1458,2,blueberry,122.0,-3,0,1,blueberry_full_control
1459,1,blueberry,180.0,-2,0,0,time
1459,2,blueberry,141.0,-3,0,0,blueberry_full_control
1460,1,blueberry,124.0,-3,0,0,blueberry_full_control
1460,2,blueberry,123.0,-3,0,0,blueberry_full_control
1461,1,blueberry,128.5,-3,0,0,blueberry_full_control
1461,2,blueberry,180.0,-3,0,1,time
1462,1,blueberry,143.5,-3,0,1,blueberry_full_control
1462,2,blueberry,142.5,-3,0,1,blueberry_full_control
1463,1,raspberry,180.0,1,0,1,time
1463,2,raspberry,180.0,2,0,1,time
1464,1,raspberry,180.0,2,0,0,time
1464,2,raspberry,180.0,2,0,1,time
1465,1,blueberry,125.5,-3,0,0,blueberry_full_control
1465,2,blueberry,121.5,-3,0,0,blueberry_full_control
1466,1,blueberry,126.0,-3,0,0,blueberry_full_control
1466,2,blueberry,133.5,-3,0,0,blueberry_full_control
1467,1,blueberry,120.5,-3,0,0,blueberry_full_control
1467,2,blueberry,180.0,-2,0,0,time
1468,1,blueberry,121.5,-3,0,0,blueberry_full_control
1468,2,blueberry,127.5,-3,0,0,blueberry_full_control
1469,1,blueberry,135.0,-3,0,0,blueberry_full_control
1469,2,blueberry,141.0,-3,0,1,blueberry_full_control
1470,1,blueberry,131.0,-3,0,1,blueberry_full_control
1470,2,blueberry,155.0,-3,0,1,blueberry_full_control
1471,1,blueberry,149.0,-3,0,1,blueberry_full_control
1471,2,blueberry,140.5,-3,0,1,blueberry_full_control
1472,1,blueberry,180.0,-2,0,0,time
1472,2,blueberry,154.0,-3,0,1,blueberry_full_control
1473,1,blueberry,153.0,-3,0,0,blueberry_full_control
1473,2,blueberry,126.5,-3,0,0,blueberry_full_control
1474,1,blueberry,142.0,-3,0,0,blueberry_full_control
1474,2,blueberry,118.5,-3,0,0,blueberry_full_control
1475,1,blueberry,180.0,-1,0,1,time
1475,2,blueberry,135.0,-3,0,2,blueberry_full_control
1476,1,blueberry,150.5,-3,0,0,blueberry_full_control
1476,2,blueberry,180.0,-3,0,0,time
1477,1,blueberry,142.5,-3,0,1,blueberry_full_control
1477,2,blueberry,180.0,-1,0,2,time
1478,1,blueberry,168.0,-3,0,0,blueberry_full_control
1478,2,blueberry,134.5,-3,0,1,blueberry_full_control
1479,1,blueberry,154.5,-3,0,0,blueberry_full_control
1479,2,blueberry,120.0,-3,0,0,blueberry_full_control
1480,1,blueberry,126.0,-3,0,0,blueberry_full_control
1480,2,raspberry,180.0,2,1,0,time
1480,3,raspberry,180.0,2,1,0,time
1481,1,blueberry,144.5,-3,0,0,blueberry_full_control
1481,2,blueberry,120.5,-3,0,0,blueberry_full_control
1482,1,blueberry,126.5,-3,0,0,blueberry_full_control
1482,2,raspberry,180.0,1,0,0,time
1482,3,blueberry,119.5,-3,0,0,blueberry_full_control
1483,1,blueberry,128.0,-3,0,1,blueberry_full_control
1483,2,blueberry,166.0,-3,0,1,blueberry_full_control
1484,1,blueberry,136.0,-3,0,1,blueberry_full_control
1484,2,raspberry,180.0,1,0,1,time
1484,3,blueberry,115.5,-3,0,2,blueberry_full_control
1485,1,blueberry,126.0,-3,0,1,blueberry_full_control
1485,2,raspberry,180.0,3,1,3,time
1485,3,blueberry,116.5,-3,1,3,blueberry_full_control
1486,1,raspberry,180.0,1,0,0,time
1486,2,blueberry,148.0,-3,0,0,blueberry_full_control
1486,3,raspberry,180.0,3,1,0,time
1487,1,blueberry,153.5,-3,0,0,blueberry_full_control
1487,2,raspberry,156.5,3,1,0,raspberry_full_control
1487,3,raspberry,176.0,3,1,0,raspberry_full_control
1488,1,blueberry,136.0,-3,0,1,blueberry_full_control
1488,2,blueberry,153.5,-3,0,1,blueberry_full_control
1489,1,blueberry,128.5,-3,0,0,blueberry_full_control
1489,2,blueberry,138.0,-3,0,0,blueberry_full_control
1490,1,raspberry,155.0,3,0,0,raspberry_full_control
1490,2,blueberry,123.0,-3,0,0,blueberry_full_control
1490,3,blueberry,142.0,-3,0,1,blueberry_full_control
1491,1,blueberry,180.0,-3,1,0,time
1491,2,raspberry,180.0,1,1,1,time
1491,3,blueberry,180.0,-2,1,2,time
1492,1,blueberry,151.0,-3,0,1,blueberry_full_control
1492,2,blueberry,142.5,-3,0,1,blueberry_full_control
1493,1,blueberry,180.0,-2,1,2,time
1493,2,blueberry,173.5,-3,1,2,blueberry_full_control
1494,1,blueberry,114.0,-3,0,0,blueberry_full_control
1494,2,blueberry,132.0,-3,0,0,blueberry_full_control
1495,1,blueberry,118.5,-3,0,0,blueberry_full_control
1495,2,blueberry,117.0,-3,0,0,blueberry_full_control
1496,1,blueberry,169.5,-3,0,0,blueberry_full_control
1496,2,blueberry,120.0,-3,0,0,blueberry_full_control
1497,1,blueberry,151.5,-3,0,0,blueberry_full_control
1497,2,blueberry,121.5,-3,0,0,blueberry_full_control
1498,1,blueberry,129.0,-3,0,1,blueberry_full_control
1498,2,blueberry,180.0,0,1,1,time
1499,1,raspberry,160.5,3,0,0,raspberry_full_control
1499,2,blueberry,160.0,-3,0,1,blueberry_full_control
1499,3,blueberry,174.0,-3,0,1,blueberry_full_control
1500,1,raspberry,180.0,2,0,0,time
1500,2,blueberry,180.0,-1,1,0,time
1500,3,raspberry,180.0,1,1,0,time
