match_id,round_no,winner,duration,final_control,raspberry_upgrades,blueberry_upgrades,reason
1,1,raspberry,144.5,3,0,0,raspberry_full_control
1,2,raspberry,135.0,3,0,0,raspberry_full_control
2,1,raspberry,180.0,3,0,0,time
2,2,raspberry,180.0,3,0,0,time
3,1,raspberry,180.0,3,0,0,time
3,2,raspberry,180.0,3,0,0,time
4,1,blueberry,165.0,-3,0,0,blueberry_full_control
4,2,raspberry,180.0,1,0,0,time
4,3,blueberry,167.0,-3,0,0,blueberry_full_control
5,1,blueberry,174.5,-3,0,0,blueberry_full_control
5,2,raspberry,180.0,2,0,0,time
5,3,raspberry,180.0,2,0,0,time
6,1,raspberry,180.0,2,0,0,time
6,2,raspberry,180.0,2,0,0,time
7,1,blueberry,179.5,-3,0,0,blueberry_full_control
7,2,blueberry,151.0,-3,0,0,blueberry_full_control
8,1,raspberry,180.0,2,0,0,time
8,2,raspberry,180.0,3,0,0,time
9,1,blueberry,180.0,-3,0,0,time
9,2,blueberry,180.0,-2,0,0,time
10,1,blueberry,143.0,-3,0,0,blueberry_full_control
10,2,blueberry,137.0,-3,0,0,blueberry_full_control
11,1,blueberry,180.0,-1,0,0,time
11,2,raspberry,180.0,3,0,0,time
11,3,blueberry,180.0,-2,0,0,time
12,1,raspberry,180.0,0,0,0,time
12,2,raspberry,180.0,2,0,0,time
13,1,blueberry,104.5,-1,0,0,raspberry_full_control
13,2,raspberry,180.0,1,0,0,time
13,3,raspberry,180.0,2,0,0,time
14,1,raspberry,180.0,0,0,0,time
14,2,raspberry,165.5,3,0,0,raspberry_full_control
15,1,blueberry,180.0,-2,0,0,time
15,2,blueberry,180.0,-1,0,0,time
16,1,blueberry,163.5,-3,0,0,blueberry_full_control
16,2,blueberry,178.5,-3,0,0,blueberry_full_control
17,1,blueberry,154.5,-3,0,0,blueberry_full_control
17,2,raspberry,180.0,0,0,0,time
17,3,blueberry,180.0,-1,0,0,time
18,1,blueberry,180.0,-3,0,0,time
18,2,raspberry,180.0,3,0,0,time
18,3,blueberry,173.0,-3,0,0,blueberry_full_control
19,1,raspberry,180.0,1,0,0,time
19,2,blueberry,180.0,-2,0,0,time
19,3,blueberry,180.0,-2,0,0,time
20,1,raspberry,180.0,2,0,0,time
20,2,raspberry,180.0,1,0,0,time
21,1,blueberry,161.0,-3,0,0,blueberry_full_control
21,2,blueberry,163.5,-3,0,0,blueberry_full_control
22,1,blueberry,144.0,-3,0,0,blueberry_full_control
22,2,blueberry,170.0,-3,0,0,blueberry_full_control
23,1,blueberry,180.0,-1,0,0,time
23,2,raspberry,180.0,1,0,0,time
23,3,blueberry,180.0,-3,0,0,time
24,1,raspberry,180.0,2,0,1,time
24,2,raspberry,144.0,3,0,1,raspberry_full_control
25,1,blueberry,180.0,-1,0,0,time
25,2,raspberry,180.0,2,0,0,time
25,3,blueberry,180.0,-3,0,0,time
26,1,blueberry,180.0,-3,0,0,time
26,2,blueberry,180.0,-3,0,0,time
27,1,blueberry,180.0,-3,1,0,time
27,2,raspberry,137.0,3,1,0,raspberry_full_control
27,3,raspberry,157.0,3,1,0,raspberry_full_control
28,1,blueberry,180.0,-3,0,0,time
28,2,blueberry,174.0,-3,0,0,blueberry_full_control
29,1,raspberry,174.5,3,0,0,raspberry_full_control
29,2,raspberry,180.0,3,0,0,time
30,1,raspberry,180.0,2,0,0,time
30,2,blueberry,180.0,0,0,0,time
30,3,blueberry,180.0,-1,0,0,time
31,1,blueberry,167.0,-3,0,0,blueberry_full_control
31,2,blueberry,179.5,-3,0,0,blueberry_full_control
32,1,raspberry,180.0,1,0,0,time
32,2,raspberry,180.0,3,0,1,time
33,1,raspberry,180.0,2,0,0,time
33,2,blueberry,168.0,-3,0,0,blueberry_full_control
33,3,blueberry,180.0,-3,0,0,time
34,1,blueberry,142.5,-3,0,0,blueberry_full_control
34,2,blueberry,150.0,-3,0,0,blueberry_full_control
35,1,blueberry,135.0,-3,0,0,blueberry_full_control
35,2,blueberry,143.5,-3,0,0,blueberry_full_control
36,1,blueberry,180.0,-3,0,1,time
36,2,raspberry,162.5,3,0,1,raspberry_full_control
36,3,blueberry,141.0,-3,0,1,blueberry_full_control
37,1,blueberry,165.0,-3,0,0,blueberry_full_control
37,2,raspberry,180.0,1,0,0,time
37,3,blueberry,166.5,-3,0,0,blueberry_full_control
38,1,raspberry,81.0,2,0,0,raspberry_full_control
38,2,raspberry,176.0,3,0,0,raspberry_full_control
39,1,raspberry,180.0,3,0,0,time
39,2,raspberry,176.0,3,0,0,raspberry_full_control
40,1,raspberry,179.5,3,1,0,raspberry_full_control
40,2,raspberry,127.5,3,1,0,raspberry_full_control
41,1,blueberry,180.0,-3,0,0,time
41,2,blueberry,180.0,-3,1,0,time
42,1,blueberry,180.0,-2,0,0,time
42,2,raspberry,180.0,2,1,0,time
42,3,raspberry,140.5,3,1,0,raspberry_full_control
43,1,raspberry,180.0,1,0,0,time
43,2,raspberry,180.0,1,0,0,time
44,1,raspberry,180.0,3,1,0,time
44,2,raspberry,146.5,3,1,0,raspberry_full_control
45,1,raspberry,140.0,3,0,0,raspberry_full_control
45,2,raspberry,180.0,2,0,0,time
46,1,blueberry,180.0,-3,0,1,time
46,2,raspberry,155.0,3,0,1,raspberry_full_control
46,3,raspberry,162.0,3,0,1,raspberry_full_control
47,1,blueberry,180.0,-2,0,0,time
47,2,raspberry,180.0,3,0,0,time
47,3,blueberry,180.0,-3,0,0,time
48,1,raspberry,180.0,1,0,0,time
48,2,raspberry,180.0,3,0,0,time
49,1,blueberry,123.0,-3,0,0,blueberry_full_control
49,2,blueberry,123.0,-3,0,0,blueberry_full_control
50,1,raspberry,176.0,3,0,0,raspberry_full_control
50,2,raspberry,180.0,1,0,1,time
51,1,raspberry,165.5,3,0,0,raspberry_full_control
51,2,raspberry,180.0,3,0,0,time
52,1,blueberry,180.0,-3,0,0,time
52,2,blueberry,168.5,-3,0,0,blueberry_full_control
53,1,blueberry,172.5,-3,0,0,blueberry_full_control
53,2,raspberry,180.0,1,0,0,time
53,3,blueberry,132.0,-3,0,0,blueberry_full_control
54,1,raspberry,180.0,2,0,0,time
54,2,raspberry,149.5,3,0,0,raspberry_full_control
55,1,raspberry,180.0,2,0,0,time
55,2,raspberry,180.0,3,0,0,time
56,1,raspberry,180.0,1,0,0,time
56,2,raspberry,180.0,1,0,0,time
57,1,blueberry,174.0,-3,0,0,blueberry_full_control
57,2,blueberry,142.5,-3,0,0,blueberry_full_control
58,1,raspberry,180.0,3,0,0,time
58,2,blueberry,180.0,-1,0,0,time
58,3,raspberry,180.0,2,0,0,time
59,1,raspberry,180.0,3,0,1,time
59,2,blueberry,180.0,-3,0,1,time
59,3,raspberry,180.0,1,0,1,time
60,1,blueberry,180.0,-2,0,0,time
60,2,blueberry,135.0,-3,0,0,blueberry_full_control
61,1,blueberry,180.0,-2,0,0,time
61,2,raspberry,180.0,2,0,0,time
61,3,blueberry,180.0,-1,1,0,time
62,1,blueberry,153.5,-3,0,0,blueberry_full_control
62,2,blueberry,180.0,-2,0,0,time
63,1,blueberry,180.0,-3,0,0,time
63,2,raspberry,180.0,3,0,1,time
63,3,raspberry,180.0,0,0,1,time
64,1,blueberry,142.5,-3,0,0,blueberry_full_control
64,2,blueberry,180.0,-2,0,0,time
65,1,blueberry,172.5,-3,0,1,blueberry_full_control
65,2,blueberry,174.5,-3,0,1,blueberry_full_control
66,1,blueberry,180.0,-3,0,0,time
66,2,blueberry,180.0,-3,0,1,time
67,1,raspberry,180.0,1,0,0,time
67,2,raspberry,180.0,2,0,0,time
68,1,blueberry,169.0,-3,0,0,blueberry_full_control
68,2,blueberry,180.0,-3,0,0,time
69,1,blueberry,133.5,-3,0,0,blueberry_full_control
69,2,blueberry,148.0,-3,0,1,blueberry_full_control
70,1,raspberry,180.0,3,0,0,time
70,2,raspberry,180.0,3,1,0,time
71,1,raspberry,180.0,3,0,0,time
71,2,raspberry,180.0,3,0,0,time
72,1,blueberry,136.0,-3,0,0,blueberry_full_control
72,2,blueberry,136.5,-3,0,0,blueberry_full_control
73,1,raspberry,180.0,2,1,0,time
73,2,raspberry,180.0,2,1,0,time
74,1,raspberry,180.0,2,0,0,time
74,2,blueberry,180.0,-1,0,0,time
74,3,blueberry,130.5,-3,0,0,blueberry_full_control
75,1,blueberry,180.0,-2,0,0,time
75,2,raspberry,180.0,2,0,0,time
75,3,raspberry,180.0,3,0,0,time
76,1,raspberry,180.0,2,0,0,time
76,2,raspberry,180.0,0,0,0,time
77,1,raspberry,180.0,2,0,0,time
77,2,raspberry,180.0,2,0,0,time
78,1,raspberry,180.0,2,0,0,time
78,2,blueberry,180.0,-1,0,0,time
78,3,raspberry,180.0,0,0,0,time
79,1,raspberry,180.0,2,0,0,time
79,2,blueberry,180.0,-3,0,0,time
79,3,raspberry,180.0,3,0,0,time
80,1,raspberry,180.0,3,0,0,time
80,2,blueberry,180.0,-3,0,0,time
80,3,blueberry,180.0,-2,0,0,time
81,1,raspberry,180.0,2,0,0,time
81,2,blueberry,134.0,-3,0,0,blueberry_full_control
81,3,blueberry,150.0,-3,0,0,blueberry_full_control
82,1,raspberry,180.0,1,0,1,time
82,2,blueberry,133.5,-3,0,1,blueberry_full_control
82,3,blueberry,133.5,-3,0,1,blueberry_full_control
83,1,raspberry,180.0,3,0,0,time
83,2,raspberry,180.0,3,0,0,time
84,1,raspberry,180.0,2,0,0,time
84,2,blueberry,180.0,-3,0,0,time
84,3,blueberry,180.0,-1,0,0,time
85,1,raspberry,180.0,0,0,0,time
85,2,raspberry,180.0,2,0,1,time
86,1,blueberry,151.5,-3,0,1,blueberry_full_control
86,2,blueberry,180.0,-3,0,1,time
87,1,raspberry,180.0,2,1,0,time
87,2,raspberry,161.0,3,1,0,raspberry_full_control
88,1,blueberry,180.0,-2,0,0,time
88,2,raspberry,180.0,2,0,0,time
88,3,blueberry,104.0,-1,0,0,raspberry_full_control
89,1,blueberry,160.0,-3,0,1,blueberry_full_control
89,2,blueberry,147.5,-3,0,1,blueberry_full_control
90,1,blueberry,180.0,-3,0,0,time
90,2,raspberry,180.0,1,0,0,time
90,3,raspberry,180.0,2,0,0,time
91,1,blueberry,180.0,0,0,0,time
91,2,raspberry,180.0,2,0,0,time
91,3,raspberry,180.0,3,0,0,time
92,1,blueberry,156.5,-3,0,0,blueberry_full_control
92,2,raspberry,180.0,1,0,1,time
92,3,blueberry,154.0,-3,0,1,blueberry_full_control
93,1,blueberry,180.0,-1,0,0,time
93,2,blueberry,180.0,-3,0,0,time
94,1,raspberry,155.0,3,0,0,raspberry_full_control
94,2,raspberry,176.0,3,0,0,raspberry_full_control
95,1,raspberry,180.0,3,0,0,time
95,2,raspberry,180.0,2,0,0,time
96,1,raspberry,180.0,2,0,0,time
96,2,blueberry,180.0,-1,0,0,time
96,3,blueberry,155.5,-3,1,0,blueberry_full_control
97,1,raspberry,180.0,2,0,1,time
97,2,blueberry,180.0,-1,0,1,time
97,3,raspberry,180.0,3,0,1,time
98,1,raspberry,180.0,2,0,0,time
98,2,blueberry,180.0,-3,0,0,time
98,3,blueberry,180.0,-3,0,0,time
99,1,blueberry,160.0,-3,0,0,blueberry_full_control
99,2,blueberry,180.0,-3,0,1,time
100,1,blueberry,153.0,-3,0,0,blueberry_full_control
100,2,blueberry,180.0,-3,0,0,time
101,1,blueberry,180.0,-2,0,1,time
101,2,raspberry,180.0,1,0,1,time
101,3,raspberry,180.0,2,0,1,time
102,1,blueberry,180.0,-3,0,1,time
102,2,blueberry,180.0,-3,0,1,time
103,1,blueberry,180.0,-3,0,0,time
103,2,blueberry,173.0,-3,0,0,blueberry_full_control
104,1,raspberry,180.0,2,0,0,time
104,2,raspberry,180.0,1,0,1,time
105,1,blueberry,180.0,-3,0,0,time
105,2,raspberry,180.0,2,0,0,time
105,3,blueberry,180.0,-3,0,0,time
106,1,blueberry,180.0,0,0,1,time
106,2,blueberry,173.0,-3,0,1,blueberry_full_control
107,1,blueberry,180.0,-1,0,1,time
107,2,raspberry,180.0,3,0,1,time
107,3,blueberry,153.5,-3,0,1,blueberry_full_control
108,1,raspberry,180.0,2,0,0,time
108,2,raspberry,171.5,3,0,0,raspberry_full_control
109,1,blueberry,166.0,-3,0,0,blueberry_full_control
109,2,blueberry,171.0,-3,0,0,blueberry_full_control
110,1,blueberry,180.0,-2,0,0,time
110,2,blueberry,180.0,-1,0,0,time
111,1,blueberry,180.0,-2,0,0,time
111,2,blueberry,180.0,-3,0,0,time
112,1,blueberry,88.0,-1,0,0,raspberry_full_control
112,2,blueberry,180.0,-3,1,0,time
113,1,blueberry,137.5,-3,0,0,blueberry_full_control
113,2,blueberry,180.0,-2,0,0,time
114,1,blueberry,180.0,-2,0,0,time
114,2,blueberry,164.5,-3,0,0,blueberry_full_control
115,1,raspberry,180.0,2,0,0,time
115,2,blueberry,180.0,-2,0,0,time
115,3,blueberry,180.0,-2,0,0,time
116,1,raspberry,180.0,3,0,0,time
116,2,raspberry,171.0,3,0,0,raspberry_full_control
117,1,blueberry,180.0,-2,0,0,time
117,2,blueberry,180.0,-1,0,0,time
118,1,raspberry,180.0,3,0,0,time
118,2,blueberry,174.0,-3,0,0,blueberry_full_control
118,3,blueberry,171.5,-3,0,0,blueberry_full_control
119,1,raspberry,180.0,2,0,0,time
119,2,blueberry,177.0,-3,0,0,blueberry_full_control
119,3,raspberry,180.0,3,1,0,time
120,1,raspberry,180.0,2,0,0,time
120,2,raspberry,180.0,2,0,0,time
121,1,blueberry,159.5,-3,0,0,blueberry_full_control
121,2,blueberry,127.5,-3,0,1,blueberry_full_control
122,1,raspberry,180.0,1,0,0,time
122,2,raspberry,180.0,1,0,0,time
123,1,blueberry,156.0,-3,0,0,blueberry_full_control
123,2,blueberry,156.0,-3,0,0,blueberry_full_control
124,1,raspberry,180.0,2,0,0,time
124,2,blueberry,144.0,-3,0,0,blueberry_full_control
124,3,blueberry,155.0,-3,0,0,blueberry_full_control
125,1,raspberry,180.0,2,0,0,time
125,2,raspberry,180.0,2,0,0,time
126,1,blueberry,168.5,-3,0,0,blueberry_full_control
126,2,blueberry,180.0,-3,0,0,time
127,1,blueberry,180.0,-3,0,0,time
127,2,blueberry,147.0,-3,0,0,blueberry_full_control
128,1,raspberry,180.0,3,0,0,time
128,2,raspberry,180.0,1,0,1,time
129,1,raspberry,180.0,1,0,0,time
129,2,blueberry,180.0,-1,0,0,time
129,3,blueberry,180.0,-2,0,1,time
130,1,blueberry,180.0,-3,0,0,time
130,2,blueberry,164.5,-3,0,0,blueberry_full_control
131,1,blueberry,180.0,0,0,0,time
131,2,raspberry,180.0,3,0,0,time
131,3,blueberry,163.0,-3,0,0,blueberry_full_control
132,1,raspberry,180.0,1,0,0,time
132,2,blueberry,180.0,-2,0,0,time
132,3,raspberry,180.0,3,0,0,time
133,1,raspberry,180.0,3,0,0,time
133,2,raspberry,180.0,1,0,0,time
134,1,blueberry,180.0,-3,0,0,time
134,2,raspberry,180.0,1,0,0,time
134,3,blueberry,147.0,-3,0,0,blueberry_full_control
135,1,blueberry,122.0,-3,0,0,blueberry_full_control
135,2,blueberry,180.0,-3,0,0,time
136,1,blueberry,180.0,-2,0,0,time
136,2,blueberry,180.0,-2,0,0,time
137,1,raspberry,180.0,3,0,0,time
137,2,raspberry,180.0,2,0,0,time
138,1,blueberry,136.5,-3,0,0,blueberry_full_control
138,2,blueberry,134.5,-3,0,0,blueberry_full_control
139,1,raspberry,180.0,3,0,0,time
139,2,raspberry,164.5,3,0,0,raspberry_full_control
140,1,raspberry,180.0,3,0,0,time
140,2,raspberry,162.5,3,0,1,raspberry_full_control
141,1,raspberry,180.0,1,0,0,time
141,2,raspberry,180.0,1,1,0,time
142,1,raspberry,180.0,3,0,0,time
142,2,raspberry,180.0,3,0,0,time
143,1,raspberry,180.0,1,0,0,time
143,2,raspberry,180.0,1,0,0,time
144,1,raspberry,180.0,2,0,0,time
144,2,raspberry,180.0,2,0,0,time
145,1,raspberry,180.0,0,0,0,time
145,2,blueberry,180.0,-1,0,0,time
145,3,raspberry,180.0,3,0,0,time
146,1,blueberry,167.0,-3,0,0,blueberry_full_control
146,2,blueberry,149.5,-3,0,0,blueberry_full_control
147,1,raspberry,180.0,1,0,0,time
147,2,raspberry,180.0,2,0,0,time
148,1,raspberry,180.0,1,0,0,time
148,2,raspberry,180.0,1,0,0,time
149,1,raspberry,180.0,3,0,0,time
149,2,blueberry,158.0,-3,0,0,blueberry_full_control
149,3,blueberry,180.0,-3,0,0,time
150,1,raspberry,180.0,2,0,0,time
150,2,blueberry,180.0,-1,0,0,time
150,3,blueberry,180.0,-2,0,0,time
151,1,raspberry,175.0,3,0,0,raspberry_full_control
151,2,blueberry,180.0,-1,0,0,time
151,3,raspberry,180.0,3,0,0,time
152,1,raspberry,180.0,3,0,1,time
152,2,raspberry,180.0,2,0,1,time
153,1,raspberry,180.0,3,0,0,time
153,2,raspberry,180.0,2,0,0,time
154,1,blueberry,180.0,-2,0,0,time
154,2,blueberry,180.0,-3,0,0,time
155,1,raspberry,180.0,0,1,0,time
155,2,raspberry,173.5,3,1,0,raspberry_full_control
156,1,raspberry,180.0,2,0,0,time
156,2,blueberry,180.0,-3,0,0,time
156,3,raspberry,180.0,1,0,0,time
157,1,blueberry,180.0,-2,0,0,time
157,2,blueberry,180.0,-3,0,0,time
158,1,raspberry,180.0,1,1,0,time
158,2,raspberry,180.0,1,1,0,time
159,1,raspberry,180.0,2,0,0,time
159,2,raspberry,180.0,3,0,1,time
160,1,raspberry,180.0,0,0,1,time
160,2,blueberry,142.0,-3,0,1,blueberry_full_control
160,3,blueberry,180.0,-3,0,1,time
161,1,blueberry,180.0,-2,0,0,time
161,2,blueberry,163.0,-3,0,0,blueberry_full_control
162,1,blueberry,152.5,-3,0,0,blueberry_full_control
162,2,blueberry,142.5,-3,0,0,blueberry_full_control
163,1,raspberry,146.0,3,0,0,raspberry_full_control
163,2,raspberry,180.0,3,0,0,time
164,1,raspberry,180.0,3,0,0,time
164,2,raspberry,180.0,3,0,0,time
165,1,raspberry,128.5,3,0,0,raspberry_full_control
165,2,raspberry,180.0,2,0,1,time
166,1,raspberry,180.0,1,0,1,time
166,2,blueberry,180.0,-3,0,1,time
166,3,blueberry,143.0,-3,0,1,blueberry_full_control
167,1,blueberry,180.0,-3,0,0,time
167,2,blueberry,180.0,-3,0,0,time
168,1,raspberry,180.0,3,0,0,time
168,2,raspberry,180.0,3,0,0,time
169,1,blueberry,152.5,-3,0,0,blueberry_full_control
169,2,raspberry,180.0,3,0,0,time
169,3,raspberry,180.0,2,0,0,time
170,1,blueberry,142.0,-3,0,0,blueberry_full_control
170,2,blueberry,180.0,-1,0,0,time
171,1,blueberry,180.0,-3,0,0,time
171,2,blueberry,180.0,-2,0,0,time
172,1,raspberry,180.0,3,0,0,time
172,2,blueberry,180.0,-3,0,1,time
172,3,raspberry,180.0,3,0,1,time
173,1,raspberry,173.0,3,0,0,raspberry_full_control
173,2,raspberry,180.0,3,0,0,time
174,1,raspberry,149.0,3,0,0,raspberry_full_control
174,2,blueberry,175.5,-3,0,0,blueberry_full_control
174,3,blueberry,178.0,-3,0,0,blueberry_full_control
175,1,blueberry,142.5,-3,0,0,blueberry_full_control
175,2,blueberry,180.0,-3,0,0,time
176,1,raspberry,180.0,3,0,0,time
176,2,raspberry,180.0,3,0,0,time
177,1,blueberry,153.0,-3,0,0,blueberry_full_control
177,2,blueberry,180.0,-2,0,1,time
178,1,raspberry,180.0,3,0,0,time
178,2,raspberry,180.0,2,0,0,time
179,1,raspberry,176.0,3,0,1,raspberry_full_control
179,2,blueberry,142.5,-3,0,1,blueberry_full_control
179,3,blueberry,142.5,-3,0,1,blueberry_full_control
180,1,raspberry,180.0,3,0,1,time
180,2,blueberry,180.0,-2,0,1,time
180,3,raspberry,180.0,1,0,1,time
181,1,blueberry,153.0,-3,0,0,blueberry_full_control
181,2,raspberry,180.0,3,0,0,time
181,3,blueberry,180.0,-2,0,0,time
182,1,raspberry,180.0,1,0,0,time
182,2,blueberry,164.0,-3,0,0,blueberry_full_control
182,3,raspberry,180.0,2,0,1,time
183,1,blueberry,179.5,-3,0,0,blueberry_full_control
183,2,raspberry,180.0,1,0,0,time
183,3,raspberry,180.0,2,0,0,time
184,1,raspberry,180.0,2,0,0,time
184,2,blueberry,180.0,-3,0,0,time
184,3,raspberry,180.0,3,0,0,time
185,1,blueberry,154.5,-3,0,1,blueberry_full_control
185,2,blueberry,133.0,-3,0,1,blueberry_full_control
186,1,raspberry,180.0,3,0,0,time
186,2,raspberry,180.0,0,0,0,time
187,1,blueberry,172.5,-3,0,1,blueberry_full_control
187,2,blueberry,180.0,-3,0,1,time
188,1,raspberry,180.0,2,0,0,time
188,2,raspberry,180.0,1,0,0,time
189,1,raspberry,180.0,3,1,0,time
189,2,raspberry,180.0,2,1,0,time
190,1,raspberry,180.0,3,0,0,time
190,2,blueberry,180.0,-3,0,0,time
190,3,blueberry,180.0,-1,0,0,time
191,1,raspberry,166.0,2,0,0,raspberry_full_control
191,2,blueberry,180.0,-3,0,0,time
191,3,raspberry,180.0,2,0,1,time
192,1,raspberry,169.5,3,0,0,raspberry_full_control
192,2,raspberry,180.0,3,0,0,time
193,1,blueberry,180.0,-3,0,0,time
193,2,blueberry,180.0,0,0,0,time
194,1,raspberry,180.0,0,0,0,time
194,2,blueberry,180.0,-2,0,0,time
194,3,blueberry,180.0,-3,0,0,time
195,1,blueberry,180.0,-3,0,0,time
195,2,blueberry,155.0,-3,0,0,blueberry_full_control
196,1,raspberry,155.0,3,1,0,raspberry_full_control
196,2,blueberry,180.0,-2,1,0,time
196,3,blueberry,171.5,-3,1,0,blueberry_full_control
197,1,blueberry,180.0,-2,0,0,time
197,2,blueberry,180.0,-2,0,0,time
198,1,blueberry,155.5,-3,0,0,blueberry_full_control
198,2,blueberry,180.0,-2,0,0,time
199,1,raspberry,180.0,1,0,0,time
199,2,blueberry,180.0,-1,0,0,time
199,3,blueberry,180.0,-1,0,0,time
200,1,raspberry,180.0,2,0,0,time
200,2,blueberry,180.0,-1,0,1,time
200,3,raspberry,180.0,1,0,1,time
201,1,raspberry,180.0,3,0,0,time
201,2,blueberry,180.0,0,0,0,time
201,3,blueberry,180.0,0,0,0,time
202,1,blueberry,161.5,-3,0,1,blueberry_full_control
202,2,blueberry,142.5,-3,0,1,blueberry_full_control
203,1,raspberry,180.0,3,0,0,time
203,2,blueberry,109.5,-1,0,0,raspberry_full_control
203,3,raspberry,180.0,1,0,0,time
204,1,blueberry,177.0,-3,0,0,blueberry_full_control
204,2,blueberry,180.0,-2,0,0,time
205,1,blueberry,149.0,-3,0,0,blueberry_full_control
205,2,raspberry,180.0,2,0,1,time
205,3,blueberry,164.0,-3,0,1,blueberry_full_control
206,1,raspberry,87.5,1,0,0,raspberry_full_control
206,2,raspberry,180.0,1,0,0,time
207,1,blueberry,180.0,-3,0,0,time
207,2,blueberry,180.0,-3,0,0,time
208,1,raspberry,145.5,2,0,0,raspberry_full_control
208,2,raspberry,177.5,3,0,0,raspberry_full_control
209,1,raspberry,180.0,1,0,1,time
209,2,blueberry,168.0,-3,0,1,blueberry_full_control
209,3,blueberry,120.5,-3,0,1,blueberry_full_control
210,1,blueberry,156.5,-3,0,0,blueberry_full_control
210,2,raspberry,180.0,1,0,0,time
210,3,blueberry,180.0,-3,0,0,time
211,1,blueberry,156.5,-3,0,1,blueberry_full_control
211,2,raspberry,180.0,3,0,1,time
211,3,blueberry,163.5,-3,0,1,blueberry_full_control
212,1,blueberry,180.0,-3,0,0,time
212,2,blueberry,180.0,-2,0,0,time
213,1,raspberry,155.0,3,0,1,raspberry_full_control
213,2,raspberry,180.0,2,0,1,time
214,1,blueberry,174.0,-3,0,0,blueberry_full_control
214,2,raspberry,180.0,3,0,0,time
214,3,raspberry,173.0,3,0,0,raspberry_full_control
215,1,blueberry,135.0,-3,0,0,blueberry_full_control
215,2,raspberry,180.0,1,0,0,time
215,3,raspberry,180.0,3,0,1,time
216,1,blueberry,180.0,-3,0,0,time
216,2,blueberry,162.0,-3,0,0,blueberry_full_control
217,1,raspberry,180.0,3,1,1,time
217,2,blueberry,180.0,-2,1,1,time
217,3,blueberry,180.0,-3,1,1,time
218,1,blueberry,108.0,-2,0,0,raspberry_full_control
218,2,blueberry,171.5,-3,0,0,blueberry_full_control
219,1,blueberry,180.0,-3,1,0,time
219,2,raspberry,158.5,3,1,0,raspberry_full_control
219,3,raspberry,174.5,3,1,0,raspberry_full_control
220,1,raspberry,171.5,3,1,0,raspberry_full_control
220,2,raspberry,180.0,3,1,0,time
221,1,blueberry,142.5,-3,0,0,blueberry_full_control
221,2,blueberry,180.0,-3,0,0,time
222,1,raspberry,180.0,0,0,0,time
222,2,raspberry,180.0,3,0,0,time
223,1,blueberry,175.0,-3,0,0,blueberry_full_control
223,2,blueberry,144.0,-3,0,0,blueberry_full_control
224,1,raspberry,180.0,3,1,0,time
224,2,raspberry,180.0,3,1,0,time
225,1,raspberry,180.0,3,0,0,time
225,2,raspberry,180.0,2,0,0,time
226,1,blueberry,180.0,-1,0,0,time
226,2,blueberry,180.0,-1,0,0,time
227,1,blueberry,171.5,-3,0,0,blueberry_full_control
227,2,raspberry,180.0,2,0,0,time
227,3,blueberry,180.0,-1,0,0,time
228,1,raspberry,180.0,3,0,0,time
228,2,blueberry,180.0,-1,0,0,time
228,3,blueberry,180.0,-2,0,0,time
229,1,blueberry,180.0,-3,0,0,time
229,2,raspberry,180.0,1,1,0,time
229,3,raspberry,180.0,2,1,0,time
230,1,blueberry,175.5,-3,0,0,blueberry_full_control
230,2,raspberry,180.0,3,0,0,time
230,3,blueberry,180.0,-3,0,0,time
231,1,raspberry,180.0,3,0,0,time
231,2,blueberry,180.0,-3,0,1,time
231,3,raspberry,180.0,1,0,1,time
232,1,raspberry,145.0,3,0,0,raspberry_full_control
232,2,blueberry,99.5,-1,0,0,raspberry_full_control
232,3,raspberry,180.0,3,0,0,time
233,1,blueberry,180.0,0,0,0,time
233,2,blueberry,176.5,-3,0,0,blueberry_full_control
234,1,raspberry,180.0,2,0,0,time
234,2,raspberry,180.0,1,0,0,time
235,1,blueberry,180.0,-1,0,0,time
235,2,raspberry,180.0,1,0,0,time
235,3,blueberry,180.0,-3,0,0,time
236,1,blueberry,149.0,-3,0,1,blueberry_full_control
236,2,blueberry,180.0,-2,0,1,time
237,1,raspberry,180.0,0,0,0,time
237,2,raspberry,180.0,1,0,0,time
238,1,raspberry,180.0,3,0,0,time
238,2,raspberry,180.0,3,0,0,time
239,1,blueberry,180.0,-1,0,0,time
239,2,blueberry,124.5,-3,0,0,blueberry_full_control
240,1,blueberry,136.5,-3,0,0,blueberry_full_control
240,2,blueberry,144.0,-3,0,0,blueberry_full_control
241,1,raspberry,180.0,2,0,0,time
241,2,raspberry,177.5,3,0,0,raspberry_full_control
242,1,blueberry,180.0,-3,0,0,time
242,2,raspberry,180.0,0,0,0,time
242,3,blueberry,180.0,-2,0,0,time
243,1,raspberry,155.5,3,0,0,raspberry_full_control
243,2,raspberry,180.0,3,0,0,time
244,1,blueberry,173.5,-3,0,0,blueberry_full_control
244,2,blueberry,180.0,-3,0,0,time
245,1,blueberry,180.0,-3,0,1,time
245,2,blueberry,180.0,-1,0,1,time
246,1,blueberry,180.0,-1,0,0,time
246,2,blueberry,180.0,-1,0,0,time
247,1,raspberry,180.0,1,0,0,time
247,2,blueberry,180.0,-2,0,0,time
247,3,raspberry,152.5,1,0,0,raspberry_full_control
248,1,blueberry,154.0,-3,0,0,blueberry_full_control
248,2,blueberry,156.0,-3,0,0,blueberry_full_control
249,1,raspberry,180.0,1,0,0,time
249,2,raspberry,180.0,2,0,0,time
250,1,blueberry,126.0,-3,0,0,blueberry_full_control
250,2,blueberry,144.0,-3,0,0,blueberry_full_control
251,1,raspberry,180.0,3,0,0,time
251,2,raspberry,180.0,1,0,0,time
252,1,raspberry,180.0,3,0,0,time
252,2,raspberry,180.0,3,0,0,time
253,1,raspberry,180.0,2,0,0,time
253,2,raspberry,180.0,2,0,0,time
254,1,blueberry,180.0,-3,0,0,time
254,2,blueberry,180.0,-2,0,0,time
255,1,raspberry,180.0,1,0,0,time
255,2,blueberry,180.0,-3,0,0,time
255,3,blueberry,146.5,-3,0,0,blueberry_full_control
256,1,raspberry,171.5,3,0,0,raspberry_full_control
256,2,raspberry,180.0,2,0,0,time
257,1,blueberry,162.5,-3,0,1,blueberry_full_control
257,2,blueberry,133.5,-3,0,1,blueberry_full_control
258,1,blueberry,180.0,-1,0,0,time
258,2,raspberry,180.0,1,0,0,time
258,3,blueberry,163.5,-3,0,0,blueberry_full_control
259,1,blueberry,180.0,-3,0,0,time
259,2,blueberry,180.0,-3,0,0,time
260,1,raspberry,180.0,3,0,0,time
260,2,raspberry,180.0,3,0,0,time
261,1,blueberry,157.0,-3,0,0,blueberry_full_control
261,2,raspberry,180.0,1,0,0,time
261,3,blueberry,180.0,-3,0,0,time
262,1,raspberry,180.0,0,0,0,time
262,2,blueberry,180.0,-3,0,0,time
262,3,raspberry,180.0,1,0,0,time
263,1,raspberry,180.0,2,0,0,time
263,2,raspberry,180.0,2,0,0,time
264,1,blueberry,156.5,-3,0,0,blueberry_full_control
264,2,raspberry,180.0,1,0,0,time
264,3,blueberry,162.5,-3,0,0,blueberry_full_control
265,1,blueberry,170.5,-3,0,0,blueberry_full_control
265,2,blueberry,180.0,-2,0,0,time
266,1,raspberry,180.0,2,0,1,time
266,2,blueberry,145.5,-3,0,1,blueberry_full_control
266,3,blueberry,145.0,-3,0,1,blueberry_full_control
267,1,blueberry,180.0,-2,0,0,time
267,2,raspberry,104.0,0,0,0,raspberry_full_control
267,3,blueberry,180.0,-3,0,0,time
268,1,blueberry,180.0,-3,0,0,time
268,2,blueberry,180.0,-2,0,0,time
269,1,blueberry,180.0,-3,0,0,time
269,2,blueberry,161.0,-3,0,0,blueberry_full_control
270,1,raspberry,176.0,3,0,0,raspberry_full_control
270,2,raspberry,180.0,3,0,0,time
271,1,raspberry,180.0,2,0,0,time
271,2,raspberry,180.0,2,0,1,time
272,1,raspberry,180.0,3,0,0,time
272,2,raspberry,167.0,3,0,0,raspberry_full_control
273,1,blueberry,180.0,-2,0,0,time
273,2,raspberry,180.0,0,1,0,time
273,3,blueberry,160.0,-3,1,0,blueberry_full_control
274,1,raspberry,180.0,1,0,0,time
274,2,blueberry,180.0,-3,0,0,time
274,3,raspberry,180.0,2,0,0,time
275,1,blueberry,180.0,-2,0,0,time
275,2,blueberry,180.0,-3,0,0,time
276,1,blueberry,153.0,-3,0,0,blueberry_full_control
276,2,blueberry,169.0,-3,0,0,blueberry_full_control
277,1,blueberry,180.0,-3,0,0,time
277,2,blueberry,177.0,-3,0,0,blueberry_full_control
278,1,raspberry,180.0,3,0,0,time
278,2,raspberry,156.5,3,1,0,raspberry_full_control
279,1,blueberry,180.0,-3,0,0,time
279,2,raspberry,180.0,3,0,0,time
279,3,blueberry,132.5,-3,0,0,blueberry_full_control
280,1,blueberry,166.5,-3,0,0,blueberry_full_control
280,2,blueberry,180.0,-3,0,0,time
281,1,raspberry,180.0,2,0,0,time
281,2,raspberry,180.0,3,0,0,time
282,1,raspberry,180.0,0,0,0,time
282,2,blueberry,180.0,-2,0,0,time
282,3,raspberry,117.0,3,0,0,raspberry_full_control
283,1,blueberry,180.0,-3,0,0,time
283,2,blueberry,180.0,-1,0,0,time
284,1,blueberry,180.0,-3,0,0,time
284,2,blueberry,180.0,-3,0,0,time
285,1,raspberry,169.0,3,0,0,raspberry_full_control
285,2,raspberry,180.0,1,0,0,time
286,1,blueberry,180.0,-1,0,0,time
286,2,blueberry,148.0,-3,0,0,blueberry_full_control
287,1,blueberry,180.0,-3,0,0,time
287,2,blueberry,180.0,-2,0,0,time
288,1,blueberry,180.0,-3,0,0,time
288,2,raspberry,127.5,2,0,1,raspberry_full_control
288,3,blueberry,144.0,-3,0,1,blueberry_full_control
289,1,blueberry,180.0,-1,0,0,time
289,2,blueberry,180.0,-2,0,0,time
290,1,blueberry,180.0,-2,0,0,time
290,2,raspberry,180.0,3,0,0,time
290,3,blueberry,180.0,-1,0,0,time
291,1,blueberry,158.0,-3,0,0,blueberry_full_control
291,2,blueberry,142.5,-3,0,1,blueberry_full_control
292,1,blueberry,158.5,-3,0,0,blueberry_full_control
292,2,blueberry,142.5,-3,0,1,blueberry_full_control
293,1,raspberry,180.0,2,0,0,time
293,2,raspberry,180.0,3,0,0,time
294,1,blueberry,180.0,-3,0,0,time
294,2,blueberry,172.5,-3,0,0,blueberry_full_control
295,1,raspberry,180.0,1,0,0,time
295,2,raspberry,180.0,1,0,0,time
296,1,blueberry,180.0,-1,0,0,time
296,2,raspberry,180.0,1,0,0,time
296,3,blueberry,180.0,-3,0,0,time
297,1,raspberry,180.0,1,0,0,time
297,2,raspberry,180.0,3,1,0,time
298,1,raspberry,139.0,1,0,0,raspberry_full_control
298,2,raspberry,177.5,3,0,0,raspberry_full_control
299,1,raspberry,141.5,3,1,0,raspberry_full_control
299,2,blueberry,180.0,-3,1,0,time
299,3,blueberry,180.0,-3,1,0,time
300,1,raspberry,180.0,1,0,0,time
300,2,raspberry,180.0,2,1,0,time
301,1,blueberry,180.0,-3,0,0,time
301,2,raspberry,180.0,1,0,0,time
301,3,blueberry,165.0,-3,0,0,blueberry_full_control
302,1,raspberry,180.0,1,0,0,time
302,2,raspberry,180.0,1,0,0,time
303,1,raspberry,180.0,3,0,0,time
303,2,blueberry,172.5,-3,0,0,blueberry_full_control
303,3,blueberry,180.0,-3,0,0,time
304,1,raspberry,180.0,2,0,0,time
304,2,raspberry,180.0,1,0,0,time
305,1,blueberry,180.0,-2,0,0,time
305,2,blueberry,158.5,-3,0,0,blueberry_full_control
306,1,raspberry,180.0,1,0,0,time
306,2,blueberry,142.5,-3,0,0,blueberry_full_control
306,3,blueberry,180.0,-3,0,0,time
307,1,raspberry,180.0,3,0,0,time
307,2,raspberry,180.0,3,0,0,time
308,1,blueberry,180.0,-3,0,0,time
308,2,blueberry,180.0,-2,0,0,time
309,1,raspberry,180.0,2,0,0,time
309,2,raspberry,180.0,2,1,0,time
310,1,raspberry,180.0,1,0,0,time
310,2,blueberry,180.0,-2,0,0,time
310,3,raspberry,180.0,2,0,0,time
311,1,blueberry,147.5,-3,0,0,blueberry_full_control
311,2,blueberry,155.0,-3,0,0,blueberry_full_control
312,1,blueberry,149.5,-3,0,0,blueberry_full_control
312,2,blueberry,130.0,-3,0,0,blueberry_full_control
313,1,blueberry,154.0,-3,0,0,blueberry_full_control
313,2,blueberry,167.0,-3,0,0,blueberry_full_control
314,1,raspberry,180.0,3,0,0,time
314,2,blueberry,180.0,-3,0,0,time
314,3,raspberry,180.0,3,0,0,time
315,1,blueberry,180.0,-1,0,0,time
315,2,raspberry,180.0,3,0,0,time
315,3,blueberry,180.0,-3,0,1,time
316,1,raspberry,180.0,2,1,0,time
316,2,blueberry,139.5,-3,1,0,blueberry_full_control
316,3,blueberry,141.0,-3,1,1,blueberry_full_control
317,1,raspberry,180.0,2,0,0,time
317,2,raspberry,176.5,3,0,0,raspberry_full_control
318,1,raspberry,166.0,3,0,0,raspberry_full_control
318,2,raspberry,180.0,2,1,0,time
319,1,raspberry,180.0,2,0,0,time
319,2,raspberry,180.0,3,0,0,time
320,1,raspberry,180.0,3,0,0,time
320,2,blueberry,180.0,-3,0,0,time
320,3,raspberry,180.0,0,0,0,time
321,1,blueberry,112.0,-1,0,0,raspberry_full_control
321,2,blueberry,112.0,-1,0,0,raspberry_full_control
322,1,raspberry,180.0,2,0,0,time
322,2,raspberry,180.0,1,0,0,time
323,1,blueberry,180.0,-1,0,0,time
323,2,blueberry,169.0,-3,0,0,blueberry_full_control
324,1,blueberry,180.0,-1,0,0,time
324,2,blueberry,180.0,-3,0,0,time
325,1,raspberry,180.0,3,0,0,time
325,2,raspberry,180.0,2,0,0,time
326,1,blueberry,180.0,-3,0,0,time
326,2,raspberry,180.0,2,0,0,time
326,3,blueberry,177.0,-3,0,0,blueberry_full_control
327,1,raspberry,180.0,0,0,0,time
327,2,blueberry,113.0,-1,0,0,raspberry_full_control
327,3,blueberry,134.0,-3,0,0,blueberry_full_control
328,1,raspberry,180.0,1,0,0,time
328,2,raspberry,180.0,1,0,0,time
329,1,raspberry,180.0,3,1,1,time
329,2,raspberry,177.5,3,1,1,raspberry_full_control
330,1,blueberry,180.0,-3,0,0,time
330,2,blueberry,180.0,-2,0,0,time
331,1,blueberry,180.0,-2,0,0,time
331,2,raspberry,180.0,2,0,0,time
331,3,blueberry,180.0,-3,0,0,time
332,1,blueberry,166.0,-3,1,0,blueberry_full_control
332,2,blueberry,180.0,-2,1,0,time
333,1,blueberry,180.0,-2,0,0,time
333,2,blueberry,180.0,-3,0,0,time
334,1,raspberry,180.0,2,0,0,time
334,2,raspberry,180.0,2,0,0,time
335,1,raspberry,180.0,3,0,0,time
335,2,blueberry,94.5,-1,0,0,raspberry_full_control
335,3,raspberry,180.0,0,1,0,time
336,1,blueberry,180.0,-3,0,0,time
336,2,raspberry,179.5,2,0,0,raspberry_full_control
336,3,blueberry,180.0,-2,0,0,time
337,1,raspberry,180.0,1,0,0,time
337,2,raspberry,180.0,2,0,0,time
338,1,blueberry,134.5,-3,0,0,blueberry_full_control
338,2,blueberry,143.5,-3,0,0,blueberry_full_control
339,1,raspberry,176.0,3,0,0,raspberry_full_control
339,2,raspberry,180.0,3,0,0,time
340,1,raspberry,180.0,2,0,1,time
340,2,blueberry,124.5,-3,0,1,blueberry_full_control
340,3,blueberry,180.0,-1,0,1,time
341,1,blueberry,180.0,-1,1,0,time
341,2,raspberry,180.0,3,1,0,time
341,3,raspberry,176.0,3,1,0,raspberry_full_control
342,1,raspberry,180.0,1,0,0,time
342,2,raspberry,180.0,0,0,0,time
343,1,blueberry,180.0,-3,0,0,time
343,2,blueberry,156.5,-3,0,0,blueberry_full_control
344,1,raspberry,180.0,3,0,0,time
344,2,raspberry,180.0,3,0,0,time
345,1,blueberry,180.0,-3,0,0,time
345,2,blueberry,147.0,-3,0,0,blueberry_full_control
346,1,raspberry,180.0,1,0,0,time
346,2,raspberry,180.0,1,0,0,time
347,1,blueberry,151.5,-3,0,0,blueberry_full_control
347,2,raspberry,176.0,3,0,0,raspberry_full_control
347,3,raspberry,180.0,1,0,0,time
348,1,blueberry,168.5,-3,0,0,blueberry_full_control
348,2,blueberry,151.5,-3,0,0,blueberry_full_control
349,1,blueberry,180.0,-3,0,0,time
349,2,raspberry,180.0,2,0,0,time
349,3,raspberry,105.0,1,0,0,raspberry_full_control
350,1,raspberry,180.0,2,0,0,time
350,2,raspberry,180.0,2,0,0,time
351,1,raspberry,180.0,2,0,0,time
351,2,raspberry,180.0,2,0,0,time
352,1,blueberry,180.0,-3,0,0,time
352,2,raspberry,180.0,1,0,0,time
352,3,blueberry,66.5,0,0,0,raspberry_full_control
353,1,raspberry,180.0,3,0,0,time
353,2,raspberry,180.0,1,0,0,time
354,1,raspberry,180.0,3,0,0,time
354,2,raspberry,180.0,2,0,0,time
355,1,blueberry,180.0,-3,0,0,time
355,2,blueberry,169.0,-3,0,0,blueberry_full_control
356,1,raspberry,180.0,3,0,0,time
356,2,blueberry,158.5,-3,0,0,blueberry_full_control
356,3,raspberry,180.0,3,0,0,time
357,1,blueberry,163.0,-3,0,0,blueberry_full_control
357,2,blueberry,146.5,-3,0,0,blueberry_full_control
358,1,raspberry,180.0,3,0,0,time
358,2,blueberry,180.0,0,0,0,time
358,3,blueberry,180.0,-1,0,0,time
359,1,blueberry,134.0,-3,0,0,blueberry_full_control
359,2,raspberry,180.0,2,1,0,time
359,3,raspberry,180.0,2,1,0,time
360,1,raspberry,180.0,1,0,0,time
360,2,raspberry,180.0,2,0,0,time
361,1,blueberry,180.0,-3,0,0,time
361,2,blueberry,180.0,-1,0,0,time
362,1,blueberry,162.5,-3,0,0,blueberry_full_control
362,2,blueberry,165.5,-3,0,0,blueberry_full_control
363,1,blueberry,180.0,-2,0,0,time
363,2,blueberry,180.0,-3,0,0,time
364,1,blueberry,154.0,-3,0,0,blueberry_full_control
364,2,blueberry,144.0,-3,0,0,blueberry_full_control
365,1,blueberry,144.0,-3,0,0,blueberry_full_control
365,2,raspberry,180.0,3,0,0,time
365,3,blueberry,166.5,-3,0,0,blueberry_full_control
366,1,blueberry,180.0,-2,0,0,time
366,2,blueberry,180.0,-2,0,0,time
367,1,blueberry,113.0,-1,0,0,raspberry_full_control
367,2,blueberry,163.0,-3,0,0,blueberry_full_control
368,1,blueberry,180.0,-2,0,0,time
368,2,raspberry,162.0,3,0,0,raspberry_full_control
368,3,raspberry,180.0,1,0,0,time
369,1,raspberry,166.5,3,0,0,raspberry_full_control
369,2,blueberry,180.0,0,0,0,time
369,3,raspberry,180.0,3,0,0,time
370,1,blueberry,145.0,-3,0,0,blueberry_full_control
370,2,raspberry,180.0,1,0,0,time
370,3,blueberry,166.0,-3,0,0,blueberry_full_control
371,1,raspberry,180.0,2,0,0,time
371,2,raspberry,180.0,2,0,0,time
372,1,blueberry,174.0,-3,0,0,blueberry_full_control
372,2,raspberry,180.0,1,0,1,time
372,3,raspberry,180.0,1,0,1,time
373,1,raspberry,180.0,3,0,0,time
373,2,raspberry,180.0,3,0,0,time
374,1,blueberry,180.0,-3,0,0,time
374,2,blueberry,180.0,-2,0,0,time
375,1,blueberry,161.5,-3,0,0,blueberry_full_control
375,2,raspberry,180.0,2,0,0,time
375,3,raspberry,180.0,1,0,0,time
376,1,blueberry,180.0,-1,0,0,time
376,2,blueberry,180.0,-3,0,0,time
377,1,blueberry,180.0,-3,0,0,time
377,2,blueberry,180.0,-3,0,0,time
378,1,raspberry,180.0,1,0,0,time
378,2,raspberry,180.0,2,0,0,time
379,1,blueberry,180.0,-3,0,0,time
379,2,blueberry,180.0,-1,0,1,time
380,1,blueberry,180.0,-1,0,0,time
380,2,raspberry,180.0,3,0,0,time
380,3,blueberry,180.0,-1,0,1,time
381,1,raspberry,180.0,1,0,0,time
381,2,raspberry,180.0,0,0,0,time
382,1,blueberry,180.0,-2,0,1,time
382,2,blueberry,131.0,-3,0,1,blueberry_full_control
383,1,raspberry,180.0,3,0,0,time
383,2,blueberry,180.0,-3,0,0,time
383,3,raspberry,165.0,2,0,1,raspberry_full_control
384,1,blueberry,180.0,-2,0,0,time
384,2,blueberry,180.0,-2,0,0,time
385,1,blueberry,180.0,-1,0,0,time
385,2,blueberry,180.0,-2,0,0,time
386,1,blueberry,180.0,-1,0,0,time
386,2,raspberry,180.0,1,0,0,time
386,3,raspberry,180.0,3,0,0,time
387,1,blueberry,147.5,-3,0,0,blueberry_full_control
387,2,blueberry,142.0,-3,0,0,blueberry_full_control
388,1,blueberry,180.0,-2,0,0,time
388,2,blueberry,180.0,-1,1,0,time
389,1,raspberry,180.0,0,0,0,time
389,2,blueberry,166.0,-3,0,0,blueberry_full_control
389,3,blueberry,180.0,-3,0,0,time
390,1,blueberry,174.0,-3,0,0,blueberry_full_control
390,2,blueberry,180.0,-2,0,0,time
391,1,blueberry,180.0,-3,0,0,time
391,2,blueberry,158.0,-3,0,0,blueberry_full_control
392,1,raspberry,180.0,3,0,0,time
392,2,raspberry,164.0,3,0,0,raspberry_full_control
393,1,raspberry,180.0,2,0,0,time
393,2,blueberry,161.0,-3,0,0,blueberry_full_control
393,3,blueberry,157.0,-3,0,0,blueberry_full_control
394,1,blueberry,137.5,-3,0,0,blueberry_full_control
394,2,blueberry,127.5,-3,0,0,blueberry_full_control
395,1,raspberry,180.0,0,0,0,time
395,2,raspberry,180.0,2,0,0,time
396,1,raspberry,180.0,2,0,0,time
396,2,blueberry,180.0,-1,1,0,time
396,3,raspberry,180.0,2,1,0,time
397,1,raspberry,180.0,3,0,0,time
397,2,raspberry,180.0,3,0,0,time
398,1,blueberry,162.0,-3,0,0,blueberry_full_control
398,2,blueberry,180.0,-2,0,0,time
399,1,raspberry,180.0,1,0,0,time
399,2,blueberry,180.0,-2,0,0,time
399,3,blueberry,133.5,-3,1,0,blueberry_full_control
400,1,raspberry,180.0,2,0,0,time
400,2,raspberry,180.0,3,0,0,time
401,1,blueberry,180.0,-3,0,0,time
401,2,blueberry,176.0,-3,0,0,blueberry_full_control
402,1,blueberry,180.0,-3,0,0,time
402,2,raspberry,180.0,1,1,0,time
402,3,blueberry,180.0,-2,1,0,time
403,1,raspberry,180.0,2,0,0,time
403,2,blueberry,180.0,-1,0,0,time
403,3,blueberry,180.0,-1,0,0,time
404,1,blueberry,161.0,-3,0,0,blueberry_full_control
404,2,blueberry,180.0,-1,0,0,time
405,1,blueberry,164.5,-3,0,0,blueberry_full_control
405,2,raspberry,165.0,3,0,1,raspberry_full_control
405,3,blueberry,180.0,-1,0,1,time
406,1,raspberry,180.0,0,0,0,time
406,2,blueberry,180.0,-2,0,0,time
406,3,blueberry,175.5,-3,0,0,blueberry_full_control
407,1,raspberry,180.0,1,0,1,time
407,2,raspberry,180.0,2,0,1,time
408,1,raspberry,104.0,3,0,0,raspberry_full_control
408,2,raspberry,180.0,0,0,0,time
409,1,blueberry,180.0,-3,0,0,time
409,2,blueberry,180.0,-3,0,0,time
410,1,raspberry,180.0,1,0,0,time
410,2,raspberry,180.0,3,0,0,time
411,1,raspberry,145.0,3,0,0,raspberry_full_control
411,2,raspberry,144.0,3,0,0,raspberry_full_control
412,1,raspberry,180.0,2,0,0,time
412,2,raspberry,180.0,2,0,0,time
413,1,raspberry,180.0,2,0,0,time
413,2,blueberry,180.0,0,0,0,time
413,3,raspberry,180.0,0,0,0,time
414,1,raspberry,180.0,3,0,0,time
414,2,raspberry,180.0,2,0,0,time
415,1,raspberry,180.0,2,0,0,time
415,2,blueberry,164.0,-3,0,0,blueberry_full_control
415,3,raspberry,180.0,1,0,0,time
416,1,blueberry,180.0,-1,0,1,time
416,2,blueberry,157.5,-3,0,1,blueberry_full_control
417,1,raspberry,180.0,1,0,0,time
417,2,blueberry,180.0,-2,0,0,time
417,3,blueberry,163.5,-3,0,0,blueberry_full_control
418,1,raspberry,180.0,2,0,0,time
418,2,blueberry,162.0,-3,1,0,blueberry_full_control
418,3,raspberry,180.0,2,1,1,time
419,1,raspberry,180.0,1,0,0,time
419,2,raspberry,180.0,1,0,0,time
420,1,blueberry,180.0,-2,0,0,time
420,2,raspberry,180.0,1,0,0,time
420,3,raspberry,180.0,1,0,0,time
421,1,blueberry,180.0,-3,0,0,time
421,2,blueberry,162.5,-3,0,0,blueberry_full_control
422,1,raspberry,152.5,3,0,0,raspberry_full_control
422,2,raspberry,180.0,2,0,0,time
423,1,blueberry,180.0,-2,0,0,time
423,2,blueberry,180.0,0,0,0,time
424,1,blueberry,180.0,-3,0,0,time
424,2,blueberry,180.0,-3,0,0,time
425,1,raspberry,180.0,3,0,0,time
425,2,blueberry,160.5,-3,0,0,blueberry_full_control
425,3,raspberry,180.0,3,0,0,time
426,1,blueberry,137.5,-3,0,0,blueberry_full_control
426,2,blueberry,178.0,-3,0,0,blueberry_full_control
427,1,blueberry,180.0,-2,0,0,time
427,2,blueberry,180.0,-3,0,0,time
428,1,blueberry,180.0,-1,0,0,time
428,2,raspberry,180.0,1,0,1,time
428,3,blueberry,163.0,-3,0,1,blueberry_full_control
429,1,raspberry,180.0,3,0,0,time
429,2,raspberry,180.0,3,0,0,time
430,1,raspberry,180.0,2,0,0,time
430,2,blueberry,180.0,-3,0,0,time
430,3,raspberry,166.5,2,0,0,raspberry_full_control
431,1,raspberry,156.0,2,0,0,raspberry_full_control
431,2,blueberry,104.5,-1,0,0,raspberry_full_control
431,3,blueberry,174.0,-3,0,0,blueberry_full_control
432,1,raspberry,180.0,3,0,0,time
432,2,raspberry,180.0,1,0,0,time
433,1,blueberry,149.5,-3,0,0,blueberry_full_control
433,2,blueberry,147.0,-3,0,0,blueberry_full_control
434,1,blueberry,146.5,-3,0,0,blueberry_full_control
434,2,blueberry,159.0,-3,0,0,blueberry_full_control
435,1,blueberry,180.0,-3,0,0,time
435,2,blueberry,180.0,-2,0,0,time
436,1,blueberry,180.0,-1,0,0,time
436,2,blueberry,180.0,-1,0,0,time
437,1,blueberry,166.0,-3,1,0,blueberry_full_control
437,2,raspberry,180.0,1,1,0,time
437,3,raspberry,180.0,3,1,0,time
438,1,raspberry,180.0,1,0,0,time
438,2,blueberry,164.0,-3,0,0,blueberry_full_control
438,3,raspberry,180.0,1,0,0,time
439,1,raspberry,180.0,3,0,0,time
439,2,raspberry,149.5,2,0,0,raspberry_full_control
440,1,raspberry,180.0,2,0,0,time
440,2,raspberry,180.0,2,0,0,time
441,1,blueberry,180.0,-3,0,0,time
441,2,blueberry,180.0,-3,0,0,time
442,1,blueberry,180.0,-3,0,0,time
442,2,blueberry,180.0,0,0,0,time
443,1,blueberry,149.0,-3,0,0,blueberry_full_control
443,2,blueberry,160.5,-3,0,0,blueberry_full_control
444,1,blueberry,180.0,-3,0,0,time
444,2,blueberry,180.0,-2,0,0,time
445,1,raspberry,180.0,2,0,0,time
445,2,raspberry,180.0,1,0,1,time
446,1,raspberry,180.0,1,0,0,time
446,2,raspberry,165.5,3,0,0,raspberry_full_control
447,1,blueberry,180.0,-2,0,0,time
447,2,blueberry,180.0,-1,0,0,time
448,1,blueberry,180.0,-2,0,0,time
448,2,raspberry,180.0,1,1,0,time
448,3,raspberry,180.0,3,1,0,time
449,1,blueberry,180.0,-2,0,0,time
449,2,blueberry,180.0,-2,0,0,time
450,1,blueberry,180.0,-2,0,0,time
450,2,blueberry,180.0,-2,0,0,time
451,1,blueberry,146.0,-3,0,0,blueberry_full_control
451,2,blueberry,136.5,-3,0,0,blueberry_full_control
452,1,blueberry,175.0,-3,0,0,blueberry_full_control
452,2,blueberry,180.0,-3,0,0,time
453,1,raspberry,180.0,0,0,0,time
453,2,raspberry,174.5,3,0,0,raspberry_full_control
454,1,raspberry,180.0,3,1,0,time
454,2,raspberry,180.0,2,1,0,time
455,1,raspberry,174.5,3,0,0,raspberry_full_control
455,2,blueberry,180.0,-3,0,0,time
455,3,blueberry,180.0,-3,0,0,time
456,1,raspberry,180.0,3,0,0,time
456,2,raspberry,180.0,2,0,0,time
457,1,blueberry,180.0,-3,0,0,time
457,2,blueberry,180.0,0,0,0,time
458,1,raspberry,180.0,2,0,0,time
458,2,blueberry,180.0,-3,0,0,time
458,3,blueberry,180.0,-3,0,0,time
459,1,raspberry,180.0,3,0,0,time
459,2,raspberry,180.0,3,0,0,time
460,1,blueberry,180.0,-3,0,0,time
460,2,raspberry,156.5,3,0,0,raspberry_full_control
460,3,blueberry,180.0,-1,0,0,time
461,1,blueberry,174.0,-3,0,0,blueberry_full_control
461,2,raspberry,180.0,3,0,0,time
461,3,blueberry,180.0,-2,0,0,time
462,1,blueberry,180.0,-3,0,0,time
462,2,blueberry,163.5,-3,0,0,blueberry_full_control
463,1,raspberry,173.5,3,0,0,raspberry_full_control
463,2,raspberry,180.0,1,0,0,time
464,1,blueberry,103.5,-1,0,0,raspberry_full_control
464,2,raspberry,180.0,2,0,0,time
464,3,blueberry,174.0,-3,0,0,blueberry_full_control
465,1,raspberry,180.0,3,0,0,time
465,2,raspberry,149.0,2,0,0,raspberry_full_control
466,1,raspberry,180.0,2,0,0,time
466,2,blueberry,180.0,-2,0,0,time
466,3,blueberry,180.0,-3,0,0,time
467,1,raspberry,138.0,3,0,1,raspberry_full_control
467,2,raspberry,180.0,3,0,1,time
468,1,raspberry,180.0,1,1,0,time
468,2,raspberry,180.0,3,1,0,time
469,1,raspberry,169.0,3,0,0,raspberry_full_control
469,2,raspberry,180.0,2,0,0,time
470,1,blueberry,180.0,-2,0,0,time
470,2,blueberry,180.0,-3,0,0,time
471,1,raspberry,180.0,1,0,0,time
471,2,blueberry,180.0,-2,1,0,time
471,3,raspberry,180.0,1,1,0,time
472,1,blueberry,127.5,-3,0,0,blueberry_full_control
472,2,blueberry,136.5,-3,0,0,blueberry_full_control
473,1,blueberry,144.0,-3,0,0,blueberry_full_control
473,2,blueberry,143.5,-3,0,0,blueberry_full_control
474,1,blueberry,180.0,-2,1,1,time
474,2,blueberry,127.0,-3,1,1,blueberry_full_control
475,1,blueberry,180.0,-1,0,0,time
475,2,raspberry,180.0,1,0,0,time
475,3,raspberry,180.0,2,0,1,time
476,1,raspberry,180.0,2,0,0,time
476,2,blueberry,180.0,-3,0,0,time
476,3,blueberry,180.0,-3,0,0,time
477,1,blueberry,151.0,-3,0,0,blueberry_full_control
477,2,blueberry,180.0,-3,1,0,time
478,1,blueberry,180.0,-1,0,0,time
478,2,raspberry,180.0,3,0,0,time
478,3,blueberry,180.0,-2,0,0,time
479,1,raspberry,180.0,1,0,0,time
479,2,raspberry,164.0,3,0,0,raspberry_full_control
480,1,raspberry,180.0,3,0,0,time
480,2,raspberry,180.0,3,0,0,time
481,1,raspberry,180.0,1,0,0,time
481,2,blueberry,180.0,-1,0,0,time
481,3,blueberry,180.0,0,0,0,time
482,1,raspberry,180.0,1,0,0,time
482,2,blueberry,180.0,-3,0,0,time
482,3,raspberry,180.0,1,0,0,time
483,1,blueberry,180.0,-3,0,0,time
483,2,blueberry,166.5,-3,0,0,blueberry_full_control
484,1,raspberry,180.0,2,0,2,time
484,2,raspberry,171.0,3,0,2,raspberry_full_control
485,1,blueberry,180.0,-3,0,0,time
485,2,blueberry,180.0,-1,0,0,time
486,1,raspberry,180.0,1,0,0,time
486,2,raspberry,180.0,2,0,0,time
487,1,blueberry,180.0,-2,0,0,time
487,2,raspberry,180.0,2,0,0,time
487,3,raspberry,180.0,1,0,0,time
488,1,blueberry,180.0,-3,0,0,time
488,2,blueberry,150.0,-3,0,0,blueberry_full_control
489,1,blueberry,180.0,-3,0,0,time
489,2,blueberry,180.0,-3,0,0,time
490,1,raspberry,180.0,3,0,0,time
490,2,raspberry,180.0,2,0,0,time
491,1,blueberry,148.5,-3,0,0,blueberry_full_control
491,2,blueberry,142.0,-3,0,0,blueberry_full_control
492,1,blueberry,180.0,-1,0,0,time
492,2,raspberry,180.0,3,0,0,time
492,3,blueberry,180.0,-1,0,0,time
493,1,raspberry,180.0,1,0,0,time
493,2,raspberry,180.0,1,0,0,time
494,1,blueberry,180.0,-3,0,1,time
494,2,raspberry,180.0,1,0,1,time
494,3,raspberry,180.0,2,0,1,time
495,1,raspberry,180.0,3,0,0,time
495,2,raspberry,180.0,3,0,0,time
496,1,blueberry,180.0,-2,0,0,time
496,2,blueberry,180.0,-3,0,0,time
497,1,blueberry,180.0,-2,0,0,time
497,2,blueberry,177.5,-3,0,0,blueberry_full_control
498,1,raspberry,180.0,3,0,0,time
498,2,blueberry,180.0,-3,0,0,time
498,3,blueberry,180.0,-2,0,0,time
499,1,blueberry,180.0,-2,0,0,time
499,2,raspberry,176.5,3,0,0,raspberry_full_control
499,3,blueberry,169.5,-3,0,0,blueberry_full_control
500,1,blueberry,157.0,-3,0,0,blueberry_full_control
500,2,raspberry,180.0,2,0,0,time
500,3,blueberry,180.0,-1,0,0,time
501,1,raspberry,180.0,3,0,0,time
501,2,raspberry,174.5,3,0,0,raspberry_full_control
502,1,blueberry,171.0,-3,0,0,blueberry_full_control
502,2,blueberry,176.5,-3,0,0,blueberry_full_control
503,1,blueberry,162.5,-3,0,1,blueberry_full_control
503,2,blueberry,180.0,-1,0,1,time
504,1,blueberry,180.0,-3,0,0,time
504,2,blueberry,180.0,-1,0,0,time
505,1,raspberry,162.5,3,0,0,raspberry_full_control
505,2,raspberry,172.5,3,0,0,raspberry_full_control
506,1,raspberry,158.5,3,0,0,raspberry_full_control
506,2,raspberry,180.0,1,0,0,time
507,1,blueberry,180.0,0,0,0,time
507,2,raspberry,180.0,1,0,0,time
507,3,blueberry,166.5,-3,0,0,blueberry_full_control
508,1,raspberry,180.0,3,0,0,time
508,2,raspberry,180.0,3,0,0,time
509,1,blueberry,176.0,-3,0,0,blueberry_full_control
509,2,raspberry,165.5,3,0,0,raspberry_full_control
509,3,raspberry,180.0,1,0,0,time
510,1,blueberry,180.0,0,0,0,time
510,2,blueberry,180.0,-3,0,0,time
511,1,raspberry,180.0,3,1,1,time
511,2,raspberry,142.0,3,1,1,raspberry_full_control
512,1,blueberry,154.5,-3,0,0,blueberry_full_control
512,2,blueberry,179.5,-3,0,0,blueberry_full_control
513,1,blueberry,165.0,-3,0,0,blueberry_full_control
513,2,blueberry,180.0,-3,0,0,time
514,1,blueberry,180.0,-2,0,0,time
514,2,blueberry,180.0,-2,0,0,time
515,1,blueberry,180.0,0,0,0,time
515,2,blueberry,180.0,-1,0,0,time
516,1,raspberry,180.0,2,0,0,time
516,2,blueberry,180.0,-2,0,1,time
516,3,raspberry,180.0,1,0,1,time
517,1,blueberry,180.0,-2,0,0,time
517,2,raspberry,180.0,3,1,0,time
517,3,raspberry,177.5,3,1,0,raspberry_full_control
518,1,blueberry,180.0,-1,1,0,time
518,2,raspberry,180.0,3,1,0,time
518,3,raspberry,180.0,3,1,0,time
519,1,blueberry,158.5,-3,0,0,blueberry_full_control
519,2,blueberry,141.5,-1,0,0,raspberry_full_control
520,1,raspberry,180.0,2,0,1,time
520,2,blueberry,164.5,-3,0,2,blueberry_full_control
520,3,raspberry,174.0,3,0,2,raspberry_full_control
521,1,blueberry,180.0,-3,0,0,time
521,2,blueberry,136.5,-3,0,0,blueberry_full_control
522,1,blueberry,153.0,-3,0,0,blueberry_full_control
522,2,blueberry,125.5,-3,0,0,blueberry_full_control
523,1,raspberry,180.0,3,0,0,time
523,2,raspberry,121.5,2,0,0,raspberry_full_control
524,1,raspberry,180.0,3,0,0,time
524,2,raspberry,180.0,2,0,0,time
525,1,raspberry,180.0,0,0,0,time
525,2,raspberry,123.5,1,0,0,raspberry_full_control
526,1,raspberry,180.0,2,0,0,time
526,2,raspberry,180.0,2,0,0,time
527,1,blueberry,164.5,-3,0,0,blueberry_full_control
527,2,blueberry,180.0,-2,0,0,time
528,1,blueberry,180.0,-3,0,1,time
528,2,blueberry,180.0,-1,0,1,time
529,1,blueberry,180.0,-2,0,1,time
529,2,blueberry,180.0,-1,0,1,time
530,1,blueberry,145.5,-3,0,0,blueberry_full_control
530,2,blueberry,155.5,-3,0,0,blueberry_full_control
531,1,raspberry,180.0,3,0,0,time
531,2,raspberry,174.0,3,0,0,raspberry_full_control
532,1,blueberry,180.0,-1,1,0,time
532,2,raspberry,167.0,3,1,0,raspberry_full_control
532,3,raspberry,164.0,3,1,0,raspberry_full_control
533,1,raspberry,180.0,3,0,0,time
533,2,blueberry,180.0,-1,0,0,time
533,3,raspberry,180.0,3,0,0,time
534,1,raspberry,180.0,1,0,0,time
534,2,raspberry,180.0,1,0,0,time
535,1,blueberry,180.0,-3,0,0,time
535,2,blueberry,180.0,-2,0,0,time
536,1,blueberry,180.0,-3,0,0,time
536,2,blueberry,180.0,-3,0,0,time
537,1,blueberry,161.5,-3,0,0,blueberry_full_control
537,2,blueberry,163.5,-3,0,0,blueberry_full_control
538,1,raspberry,180.0,3,0,0,time
538,2,blueberry,180.0,-1,0,0,time
538,3,raspberry,180.0,1,0,0,time
539,1,raspberry,180.0,1,0,0,time
539,2,raspberry,180.0,2,0,0,time
540,1,raspberry,180.0,1,0,0,time
540,2,raspberry,180.0,3,0,0,time
541,1,raspberry,166.5,3,0,0,raspberry_full_control
541,2,raspberry,180.0,1,0,0,time
542,1,raspberry,144.0,3,0,0,raspberry_full_control
542,2,raspberry,180.0,1,0,0,time
543,1,raspberry,180.0,1,0,0,time
543,2,raspberry,180.0,1,0,0,time
544,1,raspberry,180.0,1,0,0,time
544,2,raspberry,180.0,2,0,1,time
545,1,blueberry,180.0,-3,0,0,time
545,2,blueberry,180.0,-2,0,0,time
546,1,blueberry,172.5,-3,0,0,blueberry_full_control
546,2,blueberry,172.5,-3,0,0,blueberry_full_control
547,1,blueberry,163.5,-3,0,0,blueberry_full_control
547,2,blueberry,180.0,-3,0,0,time
548,1,blueberry,158.0,-3,0,0,blueberry_full_control
548,2,blueberry,180.0,-3,0,0,time
549,1,raspberry,180.0,0,0,0,time
549,2,raspberry,180.0,0,0,0,time
550,1,raspberry,180.0,3,0,0,time
550,2,blueberry,180.0,-3,0,0,time
550,3,raspberry,180.0,3,0,0,time
551,1,raspberry,164.5,3,0,0,raspberry_full_control
551,2,blueberry,173.0,-3,0,0,blueberry_full_control
551,3,blueberry,180.0,-3,0,0,time
552,1,blueberry,180.0,-3,0,0,time
552,2,raspberry,180.0,3,0,0,time
552,3,raspberry,180.0,3,0,0,time
553,1,blueberry,180.0,-3,0,0,time
553,2,raspberry,153.0,3,0,0,raspberry_full_control
553,3,blueberry,180.0,-1,0,0,time
554,1,blueberry,180.0,-3,0,0,time
554,2,raspberry,177.5,3,0,0,raspberry_full_control
554,3,raspberry,176.0,3,0,0,raspberry_full_control
555,1,blueberry,156.5,-3,0,0,blueberry_full_control
555,2,blueberry,180.0,-3,0,0,time
556,1,blueberry,180.0,-3,0,0,time
556,2,raspberry,180.0,3,0,0,time
556,3,blueberry,140.0,-3,0,0,blueberry_full_control
557,1,blueberry,180.0,-2,0,0,time
557,2,raspberry,180.0,2,0,0,time
557,3,raspberry,180.0,3,0,0,time
558,1,blueberry,152.5,-3,1,0,blueberry_full_control
558,2,raspberry,180.0,2,1,0,time
558,3,raspberry,180.0,3,1,0,time
559,1,blueberry,180.0,-1,0,0,time
559,2,blueberry,180.0,-2,0,1,time
560,1,blueberry,155.5,-3,0,0,blueberry_full_control
560,2,blueberry,153.0,-3,0,0,blueberry_full_control
561,1,blueberry,146.0,-3,0,0,blueberry_full_control
561,2,blueberry,156.0,-3,0,0,blueberry_full_control
562,1,raspberry,176.0,3,0,0,raspberry_full_control
562,2,blueberry,180.0,-2,0,0,time
562,3,blueberry,180.0,-2,0,0,time
563,1,blueberry,180.0,-3,0,0,time
563,2,raspberry,180.0,1,0,0,time
563,3,raspberry,180.0,3,0,0,time
564,1,blueberry,154.5,-3,0,0,blueberry_full_control
564,2,blueberry,145.5,-3,0,0,blueberry_full_control
565,1,blueberry,180.0,-3,0,0,time
565,2,raspberry,180.0,0,0,0,time
565,3,blueberry,180.0,-1,0,0,time
566,1,raspberry,162.0,3,0,0,raspberry_full_control
566,2,raspberry,179.0,3,0,0,raspberry_full_control
567,1,blueberry,180.0,-1,0,1,time
567,2,blueberry,136.5,-3,0,1,blueberry_full_control
568,1,raspberry,180.0,2,0,0,time
568,2,raspberry,180.0,3,0,0,time
569,1,blueberry,179.0,-3,0,0,blueberry_full_control
569,2,blueberry,166.0,-3,0,0,blueberry_full_control
570,1,blueberry,180.0,-3,0,0,time
570,2,blueberry,180.0,-1,0,0,time
571,1,blueberry,180.0,-2,0,0,time
571,2,blueberry,123.0,-3,0,0,blueberry_full_control
572,1,blueberry,180.0,-1,0,0,time
572,2,blueberry,180.0,-3,0,0,time
573,1,raspberry,180.0,3,0,0,time
573,2,blueberry,144.5,-3,0,0,blueberry_full_control
573,3,raspberry,180.0,2,0,0,time
574,1,blueberry,180.0,-3,0,0,time
574,2,blueberry,180.0,-1,0,0,time
575,1,blueberry,106.0,-1,0,0,raspberry_full_control
575,2,raspberry,180.0,1,0,0,time
575,3,blueberry,154.0,-3,0,0,blueberry_full_control
576,1,blueberry,154.5,-3,0,0,blueberry_full_control
576,2,blueberry,180.0,-3,0,0,time
577,1,raspberry,180.0,2,0,0,time
577,2,raspberry,180.0,3,0,0,time
578,1,blueberry,180.0,0,0,0,time
578,2,blueberry,180.0,-1,0,0,time
579,1,blueberry,157.5,-3,0,0,blueberry_full_control
579,2,blueberry,154.0,-3,0,0,blueberry_full_control
580,1,raspberry,180.0,2,0,0,time
580,2,blueberry,180.0,-2,0,0,time
580,3,raspberry,180.0,1,0,0,time
581,1,blueberry,153.0,-3,0,0,blueberry_full_control
581,2,raspberry,180.0,2,0,0,time
581,3,blueberry,154.0,-3,0,0,blueberry_full_control
582,1,blueberry,180.0,-3,0,0,time
582,2,raspberry,163.0,3,0,0,raspberry_full_control
582,3,blueberry,173.5,-3,0,0,blueberry_full_control
583,1,blueberry,180.0,-3,0,0,time
583,2,raspberry,180.0,1,0,0,time
583,3,raspberry,180.0,3,0,0,time
584,1,blueberry,180.0,-3,0,0,time
584,2,blueberry,180.0,-1,0,0,time
585,1,raspberry,180.0,1,0,0,time
585,2,raspberry,180.0,0,0,0,time
586,1,raspberry,164.5,3,1,1,raspberry_full_control
586,2,raspberry,146.0,3,1,1,raspberry_full_control
587,1,raspberry,171.0,3,0,0,raspberry_full_control
587,2,raspberry,171.0,3,0,0,raspberry_full_control
588,1,blueberry,172.5,-3,1,0,blueberry_full_control
588,2,raspberry,180.0,3,1,0,time
588,3,raspberry,180.0,3,1,0,time
589,1,raspberry,176.0,3,0,0,raspberry_full_control
589,2,raspberry,165.5,3,0,0,raspberry_full_control
590,1,raspberry,180.0,3,0,0,time
590,2,raspberry,156.5,3,0,0,raspberry_full_control
591,1,raspberry,180.0,3,0,0,time
591,2,raspberry,180.0,1,0,0,time
592,1,raspberry,180.0,1,0,0,time
592,2,raspberry,180.0,3,0,0,time
593,1,raspberry,180.0,2,0,0,time
593,2,raspberry,165.0,3,0,0,raspberry_full_control
594,1,blueberry,161.5,-3,0,1,blueberry_full_control
594,2,blueberry,134.0,-3,0,1,blueberry_full_control
595,1,blueberry,180.0,-3,0,0,time
595,2,blueberry,180.0,0,0,1,time
596,1,blueberry,180.0,-2,0,1,time
596,2,blueberry,180.0,-3,0,1,time
597,1,raspberry,180.0,3,0,1,time
597,2,blueberry,142.5,-3,0,1,blueberry_full_control
597,3,raspberry,180.0,2,0,1,time
598,1,blueberry,180.0,-3,0,0,time
598,2,blueberry,180.0,-2,0,0,time
599,1,blueberry,105.0,-1,0,0,raspberry_full_control
599,2,blueberry,142.5,-3,0,0,blueberry_full_control
600,1,blueberry,176.5,-3,0,0,blueberry_full_control
600,2,raspberry,180.0,0,0,0,time
600,3,raspberry,180.0,3,0,0,time
601,1,blueberry,180.0,-2,0,0,time
601,2,raspberry,180.0,2,0,0,time
601,3,raspberry,180.0,2,0,0,time
602,1,blueberry,164.0,-3,0,0,blueberry_full_control
602,2,raspberry,180.0,2,0,1,time
602,3,blueberry,144.0,-3,0,1,blueberry_full_control
603,1,blueberry,180.0,-3,0,0,time
603,2,blueberry,180.0,-1,0,0,time
604,1,raspberry,154.5,3,0,0,raspberry_full_control
604,2,raspberry,180.0,3,0,0,time
605,1,blueberry,180.0,-1,0,0,time
605,2,raspberry,180.0,3,0,1,time
605,3,blueberry,117.0,-3,0,1,blueberry_full_control
606,1,raspberry,126.0,2,0,0,raspberry_full_control
606,2,raspberry,141.0,3,0,0,raspberry_full_control
607,1,raspberry,180.0,2,0,0,time
607,2,raspberry,97.0,1,0,0,raspberry_full_control
608,1,raspberry,164.5,3,0,0,raspberry_full_control
608,2,raspberry,175.5,3,0,0,raspberry_full_control
609,1,raspberry,172.0,3,0,0,raspberry_full_control
609,2,raspberry,180.0,2,0,0,time
610,1,blueberry,180.0,-3,0,0,time
610,2,blueberry,177.0,-3,0,0,blueberry_full_control
611,1,blueberry,180.0,-1,0,0,time
611,2,blueberry,180.0,-2,0,0,time
612,1,blueberry,180.0,-3,0,0,time
612,2,blueberry,173.5,-3,0,0,blueberry_full_control
613,1,raspberry,172.5,3,0,0,raspberry_full_control
613,2,raspberry,180.0,3,0,0,time
614,1,raspberry,180.0,0,0,0,time
614,2,blueberry,174.0,-3,0,0,blueberry_full_control
614,3,blueberry,180.0,-2,0,0,time
615,1,blueberry,172.5,-3,0,0,blueberry_full_control
615,2,blueberry,180.0,-3,0,0,time
616,1,blueberry,180.0,-2,0,0,time
616,2,blueberry,180.0,0,0,0,time
617,1,raspberry,149.0,3,0,1,raspberry_full_control
617,2,blueberry,174.0,-3,0,1,blueberry_full_control
617,3,blueberry,180.0,-3,0,1,time
618,1,raspberry,180.0,1,0,0,time
618,2,blueberry,180.0,-3,0,0,time
618,3,blueberry,166.0,-3,0,0,blueberry_full_control
619,1,raspberry,180.0,1,0,0,time
619,2,raspberry,180.0,3,0,0,time
620,1,blueberry,180.0,-3,0,0,time
620,2,raspberry,174.5,3,0,0,raspberry_full_control
620,3,blueberry,180.0,-3,1,0,time
621,1,raspberry,180.0,1,1,0,time
621,2,raspberry,165.5,3,1,0,raspberry_full_control
622,1,blueberry,180.0,-3,0,0,time
622,2,blueberry,180.0,-3,0,0,time
623,1,raspberry,180.0,2,0,0,time
623,2,blueberry,102.5,-1,0,0,raspberry_full_control
623,3,blueberry,174.0,-3,0,0,blueberry_full_control
624,1,raspberry,135.0,2,0,0,raspberry_full_control
624,2,raspberry,176.0,3,0,0,raspberry_full_control
625,1,blueberry,163.5,-3,0,0,blueberry_full_control
625,2,blueberry,163.0,-3,0,0,blueberry_full_control
626,1,blueberry,126.5,-3,0,0,blueberry_full_control
626,2,blueberry,133.5,-3,0,0,blueberry_full_control
627,1,raspberry,180.0,0,0,0,time
627,2,blueberry,180.0,-1,0,0,time
627,3,blueberry,154.0,-3,0,0,blueberry_full_control
628,1,blueberry,180.0,-2,0,0,time
628,2,blueberry,180.0,-2,0,0,time
629,1,blueberry,180.0,-2,0,0,time
629,2,blueberry,180.0,-2,0,0,time
630,1,raspberry,180.0,3,0,0,time
630,2,raspberry,180.0,3,0,0,time
631,1,blueberry,180.0,-2,0,0,time
631,2,blueberry,156.5,-3,0,0,blueberry_full_control
632,1,blueberry,180.0,-1,0,0,time
632,2,blueberry,180.0,-1,0,0,time
633,1,raspberry,180.0,1,0,0,time
633,2,raspberry,180.0,3,0,0,time
634,1,blueberry,155.0,-3,0,1,blueberry_full_control
634,2,blueberry,180.0,-2,0,1,time
635,1,blueberry,180.0,-3,0,0,time
635,2,raspberry,180.0,0,0,0,time
635,3,blueberry,180.0,-3,0,0,time
636,1,blueberry,170.5,-3,0,0,blueberry_full_control
636,2,blueberry,180.0,-3,0,0,time
637,1,blueberry,165.0,-3,0,0,blueberry_full_control
637,2,blueberry,180.0,-3,0,0,time
638,1,blueberry,180.0,-1,0,1,time
638,2,blueberry,180.0,-2,0,1,time
639,1,raspberry,180.0,2,0,0,time
639,2,blueberry,153.0,-3,0,0,blueberry_full_control
639,3,blueberry,180.0,0,0,0,time
640,1,raspberry,180.0,2,0,0,time
640,2,raspberry,180.0,2,0,0,time
641,1,blueberry,180.0,-1,0,0,time
641,2,blueberry,180.0,0,0,0,time
642,1,blueberry,169.5,-3,0,0,blueberry_full_control
642,2,blueberry,178.0,-3,0,0,blueberry_full_control
643,1,raspberry,180.0,3,0,0,time
643,2,raspberry,180.0,1,0,0,time
644,1,raspberry,180.0,1,0,0,time
644,2,raspberry,180.0,0,0,1,time
645,1,blueberry,104.5,-1,0,0,raspberry_full_control
645,2,raspberry,180.0,1,0,0,time
645,3,blueberry,180.0,-3,0,0,time
646,1,blueberry,180.0,-1,0,0,time
646,2,raspberry,171.5,3,0,0,raspberry_full_control
646,3,raspberry,176.0,3,0,0,raspberry_full_control
647,1,blueberry,137.0,-3,0,0,blueberry_full_control
647,2,blueberry,144.0,-3,0,0,blueberry_full_control
648,1,blueberry,180.0,-3,0,0,time
648,2,blueberry,180.0,-2,0,0,time
649,1,blueberry,170.5,-3,0,0,blueberry_full_control
649,2,blueberry,180.0,-2,0,0,time
650,1,blueberry,149.0,-3,0,0,blueberry_full_control
650,2,raspberry,172.5,3,0,0,raspberry_full_control
650,3,blueberry,158.5,-3,0,0,blueberry_full_control
651,1,raspberry,180.0,2,0,0,time
651,2,raspberry,171.5,3,0,0,raspberry_full_control
652,1,raspberry,180.0,3,0,0,time
652,2,blueberry,180.0,0,0,1,time
652,3,blueberry,180.0,-3,0,1,time
653,1,raspberry,180.0,3,0,0,time
653,2,blueberry,180.0,-1,0,0,time
653,3,raspberry,180.0,1,0,0,time
654,1,raspberry,180.0,1,0,0,time
654,2,raspberry,179.0,3,0,0,raspberry_full_control
655,1,blueberry,171.5,-3,0,0,blueberry_full_control
655,2,raspberry,156.5,3,0,0,raspberry_full_control
655,3,raspberry,180.0,2,0,0,time
656,1,raspberry,180.0,3,1,0,time
656,2,raspberry,171.5,3,1,0,raspberry_full_control
657,1,raspberry,169.0,3,0,0,raspberry_full_control
657,2,blueberry,180.0,-1,0,0,time
657,3,raspberry,180.0,3,0,0,time
658,1,blueberry,180.0,-3,0,0,time
658,2,raspberry,172.5,3,0,0,raspberry_full_control
658,3,raspberry,164.0,3,0,0,raspberry_full_control
659,1,blueberry,180.0,-1,0,0,time
659,2,blueberry,172.5,-3,0,0,blueberry_full_control
660,1,blueberry,143.5,-3,0,0,blueberry_full_control
660,2,blueberry,132.0,-3,0,0,blueberry_full_control
661,1,raspberry,180.0,2,0,0,time
661,2,raspberry,180.0,3,0,0,time
662,1,blueberry,180.0,-3,0,0,time
662,2,raspberry,180.0,1,0,0,time
662,3,blueberry,180.0,-1,0,0,time
663,1,blueberry,144.0,-3,0,0,blueberry_full_control
663,2,blueberry,168.5,-3,0,0,blueberry_full_control
664,1,blueberry,148.0,-3,0,0,blueberry_full_control
664,2,blueberry,156.0,-3,0,0,blueberry_full_control
665,1,blueberry,180.0,-3,0,0,time
665,2,raspberry,180.0,2,0,0,time
665,3,blueberry,115.0,-1,0,0,raspberry_full_control
666,1,blueberry,149.0,-3,0,0,blueberry_full_control
666,2,blueberry,148.0,-3,0,0,blueberry_full_control
667,1,raspberry,180.0,2,0,0,time
667,2,raspberry,180.0,2,0,0,time
668,1,raspberry,180.0,3,0,0,time
668,2,blueberry,180.0,0,0,0,time
668,3,blueberry,180.0,-3,0,0,time
669,1,blueberry,180.0,-3,0,0,time
669,2,blueberry,180.0,-2,0,0,time
670,1,blueberry,180.0,-3,0,0,time
670,2,raspberry,180.0,2,0,0,time
670,3,blueberry,180.0,-2,0,0,time
671,1,blueberry,160.0,-3,0,0,blueberry_full_control
671,2,raspberry,180.0,1,0,0,time
671,3,raspberry,145.0,3,0,0,raspberry_full_control
672,1,blueberry,151.0,-3,0,0,blueberry_full_control
672,2,blueberry,180.0,-2,0,0,time
673,1,raspberry,180.0,3,0,0,time
673,2,raspberry,180.0,3,0,0,time
674,1,raspberry,173.0,3,0,0,raspberry_full_control
674,2,raspberry,164.0,3,0,0,raspberry_full_control
675,1,raspberry,180.0,1,0,0,time
675,2,raspberry,180.0,3,0,0,time
676,1,blueberry,180.0,-3,0,0,time
676,2,blueberry,180.0,-3,0,0,time
677,1,raspberry,174.5,3,0,0,raspberry_full_control
677,2,raspberry,180.0,2,0,0,time
678,1,blueberry,180.0,-1,0,0,time
678,2,blueberry,180.0,-1,0,0,time
679,1,raspberry,180.0,3,0,0,time
679,2,blueberry,166.5,-3,0,0,blueberry_full_control
679,3,raspberry,180.0,3,0,0,time
680,1,blueberry,180.0,-3,0,0,time
680,2,blueberry,180.0,-3,0,0,time
681,1,blueberry,180.0,-3,0,0,time
681,2,blueberry,153.5,-3,0,1,blueberry_full_control
682,1,raspberry,174.0,3,0,0,raspberry_full_control
682,2,raspberry,180.0,0,0,0,time
683,1,raspberry,180.0,3,0,0,time
683,2,blueberry,180.0,-3,0,0,time
683,3,raspberry,180.0,1,0,0,time
684,1,blueberry,160.5,-3,0,0,blueberry_full_control
684,2,blueberry,147.0,-3,0,1,blueberry_full_control
685,1,blueberry,180.0,-2,0,0,time
685,2,blueberry,180.0,-3,0,0,time
686,1,blueberry,180.0,-3,0,0,time
686,2,raspberry,180.0,3,0,0,time
686,3,raspberry,180.0,1,0,0,time
687,1,blueberry,180.0,-1,0,0,time
687,2,blueberry,180.0,-3,0,1,time
688,1,raspberry,180.0,3,0,0,time
688,2,blueberry,175.5,-3,0,0,blueberry_full_control
688,3,blueberry,171.0,-3,0,0,blueberry_full_control
689,1,raspberry,180.0,3,0,0,time
689,2,raspberry,162.5,3,0,0,raspberry_full_control
690,1,blueberry,155.5,-3,0,1,blueberry_full_control
690,2,raspberry,180.0,3,0,1,time
690,3,blueberry,180.0,-2,0,1,time
691,1,raspberry,180.0,3,0,0,time
691,2,blueberry,178.5,-3,0,0,blueberry_full_control
691,3,raspberry,180.0,1,0,0,time
692,1,blueberry,158.0,-3,0,0,blueberry_full_control
692,2,blueberry,158.5,-3,0,0,blueberry_full_control
693,1,blueberry,143.5,-3,0,0,blueberry_full_control
693,2,raspberry,180.0,1,0,0,time
693,3,blueberry,164.0,-3,0,0,blueberry_full_control
694,1,blueberry,180.0,-3,0,0,time
694,2,blueberry,180.0,-3,0,0,time
695,1,blueberry,180.0,-1,0,0,time
695,2,blueberry,180.0,-2,0,0,time
696,1,blueberry,180.0,-1,1,0,time
696,2,raspberry,180.0,1,1,0,time
696,3,raspberry,173.5,3,1,0,raspberry_full_control
697,1,raspberry,138.5,3,0,0,raspberry_full_control
697,2,raspberry,180.0,3,0,0,time
698,1,raspberry,177.5,3,0,0,raspberry_full_control
698,2,blueberry,154.5,-3,0,0,blueberry_full_control
698,3,blueberry,163.5,-3,0,0,blueberry_full_control
699,1,blueberry,180.0,-3,0,0,time
699,2,blueberry,165.5,-3,0,0,blueberry_full_control
700,1,blueberry,168.0,-3,0,0,blueberry_full_control
700,2,blueberry,180.0,-3,0,0,time
701,1,raspberry,180.0,2,0,1,time
701,2,blueberry,155.0,-3,0,1,blueberry_full_control
701,3,blueberry,180.0,-1,0,1,time
702,1,raspberry,176.5,3,0,0,raspberry_full_control
702,2,raspberry,180.0,3,0,0,time
703,1,raspberry,180.0,3,0,0,time
703,2,raspberry,180.0,3,0,0,time
704,1,blueberry,157.0,-3,0,0,blueberry_full_control
704,2,blueberry,180.0,-1,0,1,time
705,1,blueberry,180.0,-3,0,0,time
705,2,blueberry,153.5,-3,0,0,blueberry_full_control
706,1,blueberry,180.0,-1,0,0,time
706,2,blueberry,180.0,-3,0,0,time
707,1,blueberry,145.5,-3,0,0,blueberry_full_control
707,2,blueberry,145.5,-3,0,0,blueberry_full_control
708,1,raspberry,180.0,2,1,0,time
708,2,raspberry,176.0,3,1,0,raspberry_full_control
709,1,blueberry,180.0,-3,0,1,time
709,2,blueberry,146.5,-3,0,1,blueberry_full_control
710,1,blueberry,180.0,-3,0,0,time
710,2,raspberry,180.0,1,0,0,time
710,3,blueberry,180.0,-2,0,0,time
711,1,blueberry,171.0,-3,0,0,blueberry_full_control
711,2,raspberry,164.0,3,0,0,raspberry_full_control
711,3,blueberry,178.0,-3,0,0,blueberry_full_control
712,1,blueberry,180.0,-3,0,0,time
712,2,blueberry,180.0,-1,0,0,time
713,1,raspberry,180.0,3,1,0,time
713,2,raspberry,180.0,3,1,0,time
714,1,raspberry,180.0,2,1,0,time
714,2,blueberry,180.0,-1,1,0,time
714,3,blueberry,180.0,-1,1,0,time
715,1,raspberry,180.0,2,0,0,time
715,2,blueberry,180.0,-1,0,0,time
715,3,blueberry,180.0,-1,0,0,time
716,1,blueberry,180.0,-3,0,0,time
716,2,blueberry,167.0,-3,0,0,blueberry_full_control
717,1,blueberry,159.5,-3,0,0,blueberry_full_control
717,2,blueberry,179.0,-3,0,0,blueberry_full_control
718,1,blueberry,180.0,0,0,0,time
718,2,raspberry,180.0,1,0,0,time
718,3,blueberry,180.0,0,0,0,time
719,1,blueberry,180.0,-2,0,0,time
719,2,raspberry,180.0,1,0,0,time
719,3,blueberry,180.0,-1,0,1,time
720,1,blueberry,180.0,-2,1,0,time
720,2,raspberry,166.0,3,1,0,raspberry_full_control
720,3,blueberry,180.0,-3,1,0,time
721,1,raspberry,180.0,1,0,0,time
721,2,raspberry,180.0,2,0,1,time
722,1,raspberry,180.0,0,0,0,time
722,2,blueberry,139.5,-3,0,0,blueberry_full_control
722,3,blueberry,140.0,-3,0,0,blueberry_full_control
723,1,blueberry,180.0,-1,0,0,time
723,2,blueberry,180.0,-3,0,0,time
724,1,raspberry,180.0,3,0,0,time
724,2,raspberry,180.0,2,0,0,time
725,1,raspberry,180.0,1,0,0,time
725,2,blueberry,180.0,-2,0,0,time
725,3,raspberry,180.0,2,0,0,time
726,1,blueberry,180.0,-1,0,1,time
726,2,raspberry,180.0,2,0,1,time
726,3,raspberry,180.0,1,0,1,time
727,1,blueberry,150.0,-3,0,0,blueberry_full_control
727,2,blueberry,180.0,-2,0,0,time
728,1,blueberry,180.0,-3,0,0,time
728,2,blueberry,169.0,-3,0,0,blueberry_full_control
729,1,raspberry,162.5,3,0,0,raspberry_full_control
729,2,blueberry,162.0,-3,0,0,blueberry_full_control
729,3,blueberry,158.5,-3,0,0,blueberry_full_control
730,1,blueberry,166.0,-3,0,0,blueberry_full_control
730,2,blueberry,166.0,-3,0,0,blueberry_full_control
731,1,blueberry,180.0,-3,0,0,time
731,2,blueberry,180.0,-3,0,0,time
732,1,raspberry,180.0,2,0,0,time
732,2,blueberry,180.0,-3,0,0,time
732,3,blueberry,180.0,-2,0,0,time
733,1,raspberry,138.5,3,0,0,raspberry_full_control
733,2,blueberry,155.0,-3,0,0,blueberry_full_control
733,3,raspberry,156.5,3,0,0,raspberry_full_control
734,1,blueberry,163.0,-3,0,0,blueberry_full_control
734,2,blueberry,153.0,-3,0,0,blueberry_full_control
735,1,blueberry,170.0,-3,0,0,blueberry_full_control
735,2,blueberry,180.0,-2,0,0,time
736,1,raspberry,180.0,3,0,0,time
736,2,raspberry,180.0,3,0,0,time
737,1,blueberry,180.0,-3,0,0,time
737,2,blueberry,180.0,-3,0,0,time
738,1,blueberry,168.0,-3,0,0,blueberry_full_control
738,2,raspberry,180.0,2,0,0,time
738,3,raspberry,180.0,3,0,0,time
739,1,blueberry,144.0,-3,0,0,blueberry_full_control
739,2,blueberry,140.5,-3,0,0,blueberry_full_control
740,1,blueberry,180.0,-2,0,0,time
740,2,blueberry,180.0,-2,0,0,time
741,1,raspberry,180.0,0,1,0,time
741,2,raspberry,180.0,2,1,0,time
742,1,blueberry,154.5,-3,0,0,blueberry_full_control
742,2,raspberry,180.0,2,0,0,time
742,3,blueberry,180.0,-1,0,0,time
743,1,raspberry,180.0,2,0,0,time
743,2,blueberry,180.0,-1,0,0,time
743,3,blueberry,180.0,-3,0,0,time
744,1,blueberry,180.0,-1,0,0,time
744,2,raspberry,174.5,3,0,0,raspberry_full_control
744,3,raspberry,176.5,3,0,0,raspberry_full_control
745,1,blueberry,164.5,-3,0,0,blueberry_full_control
745,2,raspberry,180.0,3,0,0,time
745,3,blueberry,165.5,-3,0,0,blueberry_full_control
746,1,blueberry,176.5,-3,0,0,blueberry_full_control
746,2,blueberry,164.0,-3,0,0,blueberry_full_control
747,1,blueberry,180.0,-3,0,0,time
747,2,blueberry,180.0,-2,0,0,time
748,1,blueberry,180.0,-1,0,0,time
748,2,blueberry,180.0,-2,0,0,time
749,1,raspberry,180.0,2,0,0,time
749,2,raspberry,180.0,2,0,0,time
750,1,blueberry,180.0,-2,0,0,time
750,2,raspberry,180.0,3,0,0,time
750,3,blueberry,113.5,-1,0,0,raspberry_full_control
751,1,raspberry,180.0,0,0,0,time
751,2,blueberry,180.0,-3,0,0,time
751,3,raspberry,148.0,3,0,0,raspberry_full_control
752,1,raspberry,157.0,3,0,0,raspberry_full_control
752,2,raspberry,172.5,3,0,0,raspberry_full_control
753,1,blueberry,154.0,-3,0,0,blueberry_full_control
753,2,raspberry,177.5,3,0,0,raspberry_full_control
753,3,blueberry,180.0,-3,0,0,time
754,1,raspberry,180.0,3,0,0,time
754,2,raspberry,180.0,3,0,0,time
755,1,blueberry,180.0,0,0,0,time
755,2,raspberry,176.0,3,0,0,raspberry_full_control
755,3,raspberry,173.5,3,0,0,raspberry_full_control
756,1,blueberry,160.5,-3,0,0,blueberry_full_control
756,2,blueberry,180.0,-3,0,0,time
757,1,raspberry,176.0,3,0,0,raspberry_full_control
757,2,raspberry,140.0,3,0,0,raspberry_full_control
758,1,blueberry,163.5,-3,0,0,blueberry_full_control
758,2,blueberry,148.0,-3,0,0,blueberry_full_control
759,1,blueberry,180.0,-1,0,1,time
759,2,raspberry,180.0,2,0,1,time
759,3,blueberry,180.0,-2,0,1,time
760,1,blueberry,180.0,-1,0,0,time
760,2,blueberry,180.0,-3,0,0,time
761,1,raspberry,173.0,3,0,0,raspberry_full_control
761,2,raspberry,173.0,3,0,0,raspberry_full_control
762,1,raspberry,180.0,2,0,0,time
762,2,raspberry,180.0,3,0,0,time
763,1,blueberry,180.0,-3,0,0,time
763,2,blueberry,163.5,-3,0,0,blueberry_full_control
764,1,raspberry,180.0,3,0,0,time
764,2,raspberry,180.0,3,0,0,time
765,1,raspberry,180.0,1,0,0,time
765,2,raspberry,180.0,1,0,0,time
766,1,raspberry,180.0,3,0,0,time
766,2,raspberry,158.0,3,0,0,raspberry_full_control
767,1,raspberry,180.0,2,0,0,time
767,2,blueberry,162.5,-3,0,0,blueberry_full_control
767,3,blueberry,162.5,-3,0,0,blueberry_full_control
768,1,blueberry,180.0,-3,0,0,time
768,2,blueberry,180.0,-3,0,0,time
769,1,raspberry,165.5,3,0,0,raspberry_full_control
769,2,raspberry,175.0,3,0,0,raspberry_full_control
770,1,blueberry,146.5,-3,0,0,blueberry_full_control
770,2,blueberry,180.0,-3,0,0,time
771,1,blueberry,180.0,-3,0,0,time
771,2,blueberry,180.0,-3,0,0,time
772,1,blueberry,180.0,-2,0,0,time
772,2,blueberry,180.0,-3,0,0,time
773,1,raspberry,180.0,3,0,0,time
773,2,raspberry,180.0,2,1,0,time
774,1,blueberry,156.0,-3,0,0,blueberry_full_control
774,2,raspberry,180.0,0,0,0,time
774,3,blueberry,145.5,-3,0,0,blueberry_full_control
775,1,raspberry,180.0,2,0,0,time
775,2,blueberry,175.5,-3,0,0,blueberry_full_control
775,3,blueberry,180.0,-3,0,0,time
776,1,raspberry,180.0,3,0,0,time
776,2,raspberry,166.0,3,0,0,raspberry_full_control
777,1,raspberry,145.5,3,0,0,raspberry_full_control
777,2,raspberry,180.0,3,0,0,time
778,1,blueberry,180.0,-3,0,0,time
778,2,blueberry,180.0,-3,0,0,time
779,1,blueberry,180.0,-1,0,0,time
779,2,blueberry,172.0,-3,0,0,blueberry_full_control
780,1,blueberry,180.0,-2,0,0,time
780,2,raspberry,180.0,0,0,0,time
780,3,blueberry,177.5,-3,0,0,blueberry_full_control
781,1,raspberry,180.0,3,0,0,time
781,2,raspberry,180.0,0,0,0,time
782,1,raspberry,180.0,1,0,0,time
782,2,blueberry,180.0,-2,0,0,time
782,3,blueberry,180.0,-1,0,0,time
783,1,raspberry,180.0,3,0,0,time
783,2,blueberry,178.0,-3,0,0,blueberry_full_control
783,3,blueberry,180.0,0,0,0,time
784,1,blueberry,180.0,-3,0,0,time
784,2,blueberry,180.0,-3,0,0,time
785,1,raspberry,180.0,1,0,0,time
785,2,raspberry,180.0,2,0,0,time
786,1,raspberry,180.0,1,0,0,time
786,2,raspberry,180.0,0,0,1,time
787,1,raspberry,180.0,3,0,0,time
787,2,raspberry,180.0,3,0,0,time
788,1,blueberry,176.5,-3,0,0,blueberry_full_control
788,2,blueberry,180.0,-3,0,0,time
789,1,blueberry,146.0,-3,0,0,blueberry_full_control
789,2,blueberry,145.0,-3,0,0,blueberry_full_control
790,1,blueberry,114.0,-2,0,0,raspberry_full_control
790,2,raspberry,127.0,1,0,0,raspberry_full_control
790,3,raspberry,180.0,3,1,0,time
791,1,raspberry,172.5,3,0,0,raspberry_full_control
791,2,blueberry,180.0,-3,0,0,time
791,3,blueberry,171.5,-3,0,0,blueberry_full_control
792,1,blueberry,180.0,-3,0,0,time
792,2,raspberry,180.0,1,0,0,time
792,3,blueberry,158.5,-3,0,0,blueberry_full_control
793,1,blueberry,180.0,-3,0,0,time
793,2,blueberry,180.0,-1,0,0,time
794,1,raspberry,180.0,0,0,0,time
794,2,raspberry,180.0,3,0,0,time
795,1,raspberry,164.0,3,0,0,raspberry_full_control
795,2,raspberry,180.0,0,0,0,time
796,1,blueberry,175.0,-3,0,0,blueberry_full_control
796,2,blueberry,153.0,-3,0,0,blueberry_full_control
797,1,blueberry,180.0,-3,0,0,time
797,2,blueberry,165.5,-3,0,0,blueberry_full_control
798,1,blueberry,158.5,-3,0,0,blueberry_full_control
798,2,blueberry,173.5,-3,0,0,blueberry_full_control
799,1,raspberry,180.0,1,0,0,time
799,2,raspberry,180.0,3,1,0,time
800,1,blueberry,149.0,-3,0,0,blueberry_full_control
800,2,blueberry,144.0,-3,0,0,blueberry_full_control
801,1,blueberry,180.0,-3,0,0,time
801,2,blueberry,180.0,-2,0,0,time
802,1,blueberry,153.5,-3,1,1,blueberry_full_control
802,2,blueberry,146.0,-3,1,1,blueberry_full_control
803,1,blueberry,180.0,-3,0,0,time
803,2,raspberry,165.5,3,0,0,raspberry_full_control
803,3,blueberry,180.0,-2,0,0,time
804,1,blueberry,180.0,-1,0,0,time
804,2,blueberry,147.0,-3,0,0,blueberry_full_control
805,1,blueberry,174.0,-3,0,0,blueberry_full_control
805,2,blueberry,180.0,-1,0,0,time
806,1,raspberry,180.0,0,0,0,time
806,2,blueberry,180.0,-3,0,0,time
806,3,blueberry,180.0,-1,0,0,time
807,1,blueberry,144.0,-3,0,0,blueberry_full_control
807,2,raspberry,180.0,1,0,0,time
807,3,raspberry,180.0,1,0,0,time
808,1,blueberry,137.5,-3,0,0,blueberry_full_control
808,2,blueberry,143.0,-3,0,0,blueberry_full_control
809,1,blueberry,152.5,-3,0,0,blueberry_full_control
809,2,blueberry,180.0,0,0,0,time
810,1,blueberry,180.0,-3,0,0,time
810,2,blueberry,142.5,-3,0,0,blueberry_full_control
811,1,blueberry,180.0,-3,0,0,time
811,2,raspberry,180.0,2,0,0,time
811,3,raspberry,180.0,2,0,0,time
812,1,raspberry,180.0,3,0,0,time
812,2,raspberry,180.0,2,0,0,time
813,1,raspberry,180.0,2,0,0,time
813,2,raspberry,180.0,1,0,0,time
814,1,raspberry,180.0,2,0,0,time
814,2,blueberry,180.0,-3,0,0,time
814,3,blueberry,180.0,-2,0,0,time
815,1,blueberry,153.5,-3,0,0,blueberry_full_control
815,2,blueberry,161.0,-3,0,0,blueberry_full_control
816,1,raspberry,180.0,3,0,0,time
816,2,raspberry,180.0,1,0,0,time
817,1,raspberry,180.0,3,0,0,time
817,2,raspberry,180.0,2,0,0,time
818,1,blueberry,154.5,-3,0,0,blueberry_full_control
818,2,blueberry,154.5,-3,0,0,blueberry_full_control
819,1,blueberry,144.0,-3,0,0,blueberry_full_control
819,2,blueberry,180.0,-2,0,0,time
820,1,blueberry,146.5,-3,0,0,blueberry_full_control
820,2,blueberry,158.0,-3,0,0,blueberry_full_control
821,1,blueberry,134.0,-3,0,0,blueberry_full_control
821,2,blueberry,147.5,-3,0,0,blueberry_full_control
822,1,raspberry,129.5,1,0,0,raspberry_full_control
822,2,raspberry,180.0,3,0,0,time
823,1,blueberry,180.0,-3,0,0,time
823,2,blueberry,180.0,-3,0,0,time
824,1,blueberry,180.0,-3,0,0,time
824,2,blueberry,180.0,-1,0,0,time
825,1,blueberry,137.0,-3,0,0,blueberry_full_control
825,2,blueberry,137.0,-3,0,0,blueberry_full_control
826,1,blueberry,180.0,-3,0,0,time
826,2,blueberry,180.0,-3,0,0,time
827,1,blueberry,161.0,-3,0,0,blueberry_full_control
827,2,blueberry,180.0,-2,0,0,time
828,1,blueberry,180.0,-1,0,0,time
828,2,blueberry,180.0,-2,0,0,time
829,1,raspberry,180.0,1,0,0,time
829,2,blueberry,174.0,-3,0,1,blueberry_full_control
829,3,raspberry,180.0,1,0,1,time
830,1,blueberry,152.5,-3,0,0,blueberry_full_control
830,2,raspberry,180.0,1,0,0,time
830,3,raspberry,180.0,2,0,0,time
831,1,raspberry,180.0,3,0,0,time
831,2,raspberry,180.0,1,0,0,time
832,1,blueberry,147.0,-3,0,1,blueberry_full_control
832,2,blueberry,134.0,-3,0,1,blueberry_full_control
833,1,blueberry,180.0,-2,0,0,time
833,2,raspberry,180.0,2,0,0,time
833,3,blueberry,180.0,-3,0,1,time
834,1,blueberry,142.5,-3,0,0,blueberry_full_control
834,2,blueberry,180.0,-2,0,0,time
835,1,blueberry,164.5,-3,0,0,blueberry_full_control
835,2,blueberry,169.5,-3,0,0,blueberry_full_control
836,1,raspberry,180.0,2,0,0,time
836,2,raspberry,176.0,3,1,0,raspberry_full_control
837,1,blueberry,180.0,-1,0,0,time
837,2,raspberry,158.5,3,0,0,raspberry_full_control
837,3,blueberry,176.5,-3,0,0,blueberry_full_control
838,1,raspberry,180.0,3,0,0,time
838,2,raspberry,180.0,1,0,0,time
839,1,blueberry,146.0,-3,0,0,blueberry_full_control
839,2,blueberry,133.5,-3,0,0,blueberry_full_control
840,1,blueberry,168.0,-3,0,1,blueberry_full_control
840,2,blueberry,180.0,-2,0,2,time
841,1,raspberry,180.0,2,0,0,time
841,2,raspberry,180.0,1,0,0,time
842,1,raspberry,180.0,1,0,0,time
842,2,raspberry,167.0,3,0,0,raspberry_full_control
843,1,blueberry,146.0,-3,0,0,blueberry_full_control
843,2,blueberry,180.0,-1,0,0,time
844,1,blueberry,180.0,-3,0,0,time
844,2,blueberry,164.5,-3,0,0,blueberry_full_control
845,1,blueberry,142.5,-3,0,0,blueberry_full_control
845,2,blueberry,180.0,-3,0,0,time
846,1,blueberry,180.0,-3,0,0,time
846,2,blueberry,180.0,-2,0,0,time
847,1,blueberry,180.0,-2,0,0,time
847,2,blueberry,177.0,-3,0,0,blueberry_full_control
848,1,raspberry,180.0,0,0,0,time
848,2,raspberry,180.0,3,0,0,time
849,1,raspberry,174.0,3,0,0,raspberry_full_control
849,2,blueberry,180.0,-1,0,0,time
849,3,raspberry,180.0,3,0,0,time
850,1,blueberry,180.0,-1,0,0,time
850,2,raspberry,168.5,3,0,0,raspberry_full_control
850,3,raspberry,180.0,1,0,0,time
851,1,blueberry,180.0,-3,0,0,time
851,2,blueberry,149.5,-3,0,0,blueberry_full_control
852,1,raspberry,170.5,3,1,0,raspberry_full_control
852,2,raspberry,180.0,3,1,1,time
853,1,raspberry,180.0,2,0,0,time
853,2,raspberry,180.0,1,1,0,time
854,1,blueberry,156.5,-3,0,0,blueberry_full_control
854,2,blueberry,180.0,-3,0,0,time
855,1,raspberry,153.0,3,0,0,raspberry_full_control
855,2,blueberry,180.0,-1,0,0,time
855,3,blueberry,180.0,-3,0,0,time
856,1,blueberry,180.0,-3,0,0,time
856,2,blueberry,156.0,-3,0,0,blueberry_full_control
857,1,raspberry,180.0,3,0,0,time
857,2,blueberry,161.0,-3,0,0,blueberry_full_control
857,3,raspberry,180.0,0,0,1,time
858,1,blueberry,138.5,-3,0,0,blueberry_full_control
858,2,raspberry,180.0,2,0,0,time
858,3,raspberry,180.0,3,0,0,time
859,1,blueberry,180.0,-3,0,0,time
859,2,raspberry,162.0,3,0,0,raspberry_full_control
859,3,blueberry,173.0,-3,0,0,blueberry_full_control
860,1,raspberry,180.0,1,0,0,time
860,2,blueberry,121.5,-2,0,0,raspberry_full_control
860,3,raspberry,151.5,3,0,0,raspberry_full_control
861,1,raspberry,180.0,2,0,0,time
861,2,blueberry,174.5,-3,0,0,blueberry_full_control
861,3,blueberry,162.0,-3,0,0,blueberry_full_control
862,1,raspberry,167.0,3,0,0,raspberry_full_control
862,2,blueberry,157.5,-3,0,0,blueberry_full_control
862,3,raspberry,180.0,3,0,0,time
863,1,blueberry,163.0,-3,0,0,blueberry_full_control
863,2,blueberry,149.5,-3,0,0,blueberry_full_control
864,1,blueberry,180.0,-2,0,0,time
864,2,raspberry,176.5,3,0,0,raspberry_full_control
864,3,blueberry,166.0,-3,0,0,blueberry_full_control
865,1,blueberry,144.0,-3,0,0,blueberry_full_control
865,2,blueberry,144.0,-3,0,0,blueberry_full_control
866,1,raspberry,180.0,2,0,0,time
866,2,raspberry,180.0,1,0,0,time
867,1,blueberry,180.0,-3,0,0,time
867,2,blueberry,153.5,-3,0,0,blueberry_full_control
868,1,raspberry,166.0,3,0,0,raspberry_full_control
868,2,blueberry,146.5,-3,0,0,blueberry_full_control
868,3,blueberry,104.0,-1,0,0,raspberry_full_control
869,1,raspberry,168.5,3,0,0,raspberry_full_control
869,2,raspberry,180.0,2,0,0,time
870,1,blueberry,180.0,-1,0,0,time
870,2,blueberry,180.0,-3,0,0,time
871,1,blueberry,180.0,-2,0,0,time
871,2,blueberry,154.5,-3,0,0,blueberry_full_control
872,1,raspberry,155.0,3,0,0,raspberry_full_control
872,2,blueberry,180.0,-3,0,0,time
872,3,raspberry,174.5,3,0,0,raspberry_full_control
873,1,blueberry,180.0,-3,0,0,time
873,2,blueberry,158.5,-3,0,0,blueberry_full_control
874,1,blueberry,163.0,-3,0,0,blueberry_full_control
874,2,raspberry,180.0,2,0,0,time
874,3,blueberry,172.5,-3,0,0,blueberry_full_control
875,1,blueberry,180.0,-3,0,0,time
875,2,blueberry,180.0,-3,0,0,time
876,1,raspberry,180.0,2,0,0,time
876,2,raspberry,169.5,3,0,0,raspberry_full_control
877,1,blueberry,180.0,0,0,0,time
877,2,raspberry,180.0,3,0,0,time
877,3,raspberry,180.0,3,1,1,time
878,1,raspberry,180.0,2,0,0,time
878,2,raspberry,180.0,2,0,0,time
879,1,blueberry,180.0,-3,0,0,time
879,2,blueberry,160.0,-3,0,0,blueberry_full_control
880,1,raspberry,180.0,1,0,0,time
880,2,blueberry,167.0,-3,0,0,blueberry_full_control
880,3,blueberry,180.0,-3,0,0,time
881,1,blueberry,122.0,-1,0,0,raspberry_full_control
881,2,blueberry,180.0,-1,0,0,time
882,1,blueberry,180.0,-3,0,0,time
882,2,blueberry,147.0,-3,0,0,blueberry_full_control
883,1,raspberry,180.0,2,0,0,time
883,2,blueberry,180.0,-3,0,0,time
883,3,raspberry,180.0,1,0,0,time
884,1,blueberry,171.0,-3,0,0,blueberry_full_control
884,2,blueberry,153.0,-3,0,0,blueberry_full_control
885,1,blueberry,144.0,-3,0,0,blueberry_full_control
885,2,raspberry,180.0,2,1,0,time
885,3,blueberry,180.0,-1,1,0,time
886,1,blueberry,180.0,-3,0,0,time
886,2,raspberry,180.0,2,0,0,time
886,3,blueberry,180.0,-2,0,0,time
887,1,raspberry,180.0,1,0,0,time
887,2,blueberry,142.5,-3,0,0,blueberry_full_control
887,3,raspberry,180.0,1,0,0,time
888,1,raspberry,180.0,3,0,0,time
888,2,blueberry,180.0,-2,0,0,time
888,3,blueberry,158.0,-3,0,0,blueberry_full_control
889,1,raspberry,180.0,3,0,0,time
889,2,raspberry,180.0,2,0,0,time
890,1,blueberry,151.0,-3,0,0,blueberry_full_control
890,2,blueberry,163.0,-3,0,0,blueberry_full_control
891,1,raspberry,151.5,3,0,0,raspberry_full_control
891,2,blueberry,168.5,-3,0,0,blueberry_full_control
891,3,blueberry,166.5,-3,0,0,blueberry_full_control
892,1,blueberry,180.0,0,0,1,time
892,2,blueberry,145.5,-3,0,2,blueberry_full_control
893,1,raspberry,176.5,3,0,0,raspberry_full_control
893,2,blueberry,158.0,-3,0,0,blueberry_full_control
893,3,blueberry,180.0,-1,0,0,time
894,1,raspberry,180.0,2,0,0,time
894,2,blueberry,175.5,-3,0,0,blueberry_full_control
894,3,raspberry,180.0,1,0,0,time
895,1,blueberry,180.0,-3,0,0,time
895,2,blueberry,180.0,-3,0,0,time
896,1,raspberry,180.0,3,0,0,time
896,2,raspberry,142.5,3,0,0,raspberry_full_control
897,1,blueberry,180.0,-2,0,0,time
897,2,raspberry,133.5,3,0,0,raspberry_full_control
897,3,raspberry,180.0,3,0,0,time
898,1,raspberry,180.0,2,0,0,time
898,2,raspberry,135.0,3,0,0,raspberry_full_control
899,1,blueberry,114.0,-1,0,0,raspberry_full_control
899,2,raspberry,180.0,1,0,0,time
899,3,raspberry,180.0,1,0,0,time
900,1,raspberry,159.5,3,0,0,raspberry_full_control
900,2,blueberry,180.0,-3,0,0,time
900,3,blueberry,180.0,-2,0,0,time
901,1,blueberry,180.0,-3,0,0,time
901,2,raspberry,180.0,2,0,0,time
901,3,blueberry,180.0,-3,0,0,time
902,1,raspberry,148.5,2,0,0,raspberry_full_control
902,2,raspberry,142.0,3,0,0,raspberry_full_control
903,1,raspberry,180.0,2,0,0,time
903,2,raspberry,180.0,3,0,0,time
904,1,blueberry,152.0,-3,0,0,blueberry_full_control
904,2,blueberry,167.5,-3,0,0,blueberry_full_control
905,1,blueberry,159.5,-3,0,1,blueberry_full_control
905,2,blueberry,166.5,-3,0,2,blueberry_full_control
906,1,blueberry,164.5,-3,0,0,blueberry_full_control
906,2,raspberry,161.5,3,0,0,raspberry_full_control
906,3,blueberry,157.0,-3,0,0,blueberry_full_control
907,1,blueberry,155.0,-3,0,0,blueberry_full_control
907,2,blueberry,143.0,-3,0,0,blueberry_full_control
908,1,raspberry,180.0,1,0,0,time
908,2,blueberry,153.5,-3,0,0,blueberry_full_control
908,3,raspberry,163.5,3,0,0,raspberry_full_control
909,1,raspberry,180.0,3,0,0,time
909,2,blueberry,180.0,-3,0,0,time
909,3,raspberry,180.0,3,0,0,time
910,1,blueberry,143.5,-3,0,0,blueberry_full_control
910,2,blueberry,136.0,-3,0,0,blueberry_full_control
911,1,blueberry,163.5,-3,0,0,blueberry_full_control
911,2,blueberry,180.0,-3,0,0,time
912,1,blueberry,180.0,-1,0,0,time
912,2,raspberry,180.0,3,0,0,time
912,3,raspberry,180.0,1,0,0,time
913,1,blueberry,180.0,-2,0,0,time
913,2,blueberry,180.0,-3,0,0,time
914,1,raspberry,180.0,1,0,0,time
914,2,raspberry,180.0,1,0,0,time
915,1,blueberry,145.5,-3,0,0,blueberry_full_control
915,2,blueberry,145.5,-3,0,0,blueberry_full_control
916,1,raspberry,172.0,3,0,0,raspberry_full_control
916,2,raspberry,153.0,3,0,0,raspberry_full_control
917,1,raspberry,180.0,3,0,0,time
917,2,raspberry,159.0,2,1,0,raspberry_full_control
918,1,blueberry,148.0,-3,0,0,blueberry_full_control
918,2,blueberry,180.0,-2,0,0,time
919,1,blueberry,180.0,-1,0,0,time
919,2,blueberry,180.0,-1,0,0,time
920,1,blueberry,180.0,-3,0,0,time
920,2,blueberry,180.0,-2,0,0,time
921,1,raspberry,180.0,3,0,0,time
921,2,blueberry,142.5,-3,0,0,blueberry_full_control
921,3,raspberry,180.0,2,0,0,time
922,1,blueberry,180.0,-1,0,0,time
922,2,raspberry,180.0,3,0,0,time
922,3,blueberry,180.0,-1,0,0,time
923,1,raspberry,180.0,2,0,0,time
923,2,blueberry,180.0,-3,0,1,time
923,3,blueberry,144.0,-3,0,1,blueberry_full_control
924,1,blueberry,180.0,-3,0,0,time
924,2,blueberry,180.0,-3,0,0,time
925,1,raspberry,180.0,3,0,0,time
925,2,raspberry,180.0,3,0,0,time
926,1,blueberry,180.0,-1,0,0,time
926,2,blueberry,171.5,-3,0,1,blueberry_full_control
927,1,blueberry,157.5,-3,0,1,blueberry_full_control
927,2,blueberry,127.0,-3,0,1,blueberry_full_control
928,1,blueberry,180.0,-1,0,0,time
928,2,blueberry,174.5,-3,0,0,blueberry_full_control
929,1,raspberry,180.0,1,0,0,time
929,2,blueberry,180.0,-3,1,0,time
929,3,raspberry,180.0,2,1,0,time
930,1,raspberry,180.0,2,0,0,time
930,2,blueberry,166.0,-3,0,0,blueberry_full_control
930,3,blueberry,142.5,-3,0,0,blueberry_full_control
931,1,blueberry,173.0,-3,0,0,blueberry_full_control
931,2,blueberry,167.0,-3,0,0,blueberry_full_control
932,1,raspberry,180.0,3,0,0,time
932,2,raspberry,146.5,3,1,0,raspberry_full_control
933,1,raspberry,180.0,2,0,0,time
933,2,raspberry,180.0,3,0,0,time
934,1,blueberry,180.0,-1,0,0,time
934,2,blueberry,172.5,-3,0,0,blueberry_full_control
935,1,raspberry,180.0,1,0,0,time
935,2,blueberry,175.5,-3,0,0,blueberry_full_control
935,3,blueberry,180.0,-1,0,0,time
936,1,raspberry,180.0,3,0,1,time
936,2,blueberry,180.0,-2,0,1,time
936,3,raspberry,175.5,3,0,1,raspberry_full_control
937,1,raspberry,180.0,3,0,0,time
937,2,raspberry,180.0,2,0,0,time
938,1,raspberry,180.0,0,0,0,time
938,2,raspberry,180.0,3,0,1,time
939,1,blueberry,164.0,-3,0,0,blueberry_full_control
939,2,raspberry,180.0,3,0,0,time
939,3,raspberry,180.0,3,0,0,time
940,1,blueberry,180.0,-2,0,0,time
940,2,raspberry,180.0,1,1,0,time
940,3,raspberry,180.0,1,1,0,time
941,1,raspberry,180.0,2,0,0,time
941,2,blueberry,165.0,-3,0,0,blueberry_full_control
941,3,blueberry,155.5,-3,0,0,blueberry_full_control
942,1,blueberry,174.0,-3,0,0,blueberry_full_control
942,2,raspberry,180.0,2,0,0,time
942,3,blueberry,180.0,0,0,0,time
943,1,blueberry,180.0,0,0,0,time
943,2,blueberry,165.0,-3,0,1,blueberry_full_control
944,1,blueberry,166.0,-3,0,0,blueberry_full_control
944,2,blueberry,168.5,-3,0,0,blueberry_full_control
945,1,blueberry,180.0,-3,0,0,time
945,2,raspberry,180.0,1,1,0,time
945,3,raspberry,180.0,2,1,1,time
946,1,raspberry,180.0,1,0,0,time
946,2,blueberry,172.5,-3,0,0,blueberry_full_control
946,3,raspberry,180.0,1,0,0,time
947,1,blueberry,180.0,-3,0,0,time
947,2,blueberry,156.5,-3,0,0,blueberry_full_control
948,1,blueberry,152.0,-3,0,0,blueberry_full_control
948,2,blueberry,174.5,-3,0,0,blueberry_full_control
949,1,blueberry,175.0,-3,0,0,blueberry_full_control
949,2,blueberry,180.0,-3,0,0,time
950,1,blueberry,172.5,-3,0,0,blueberry_full_control
950,2,blueberry,180.0,-1,0,0,time
951,1,raspberry,180.0,2,0,0,time
951,2,blueberry,157.0,-3,0,0,blueberry_full_control
951,3,blueberry,180.0,-2,0,0,time
952,1,blueberry,180.0,-2,0,0,time
952,2,blueberry,173.0,-3,0,0,blueberry_full_control
953,1,blueberry,152.0,-3,0,0,blueberry_full_control
953,2,blueberry,165.0,-3,0,0,blueberry_full_control
954,1,blueberry,180.0,-2,0,0,time
954,2,blueberry,180.0,-3,0,0,time
955,1,blueberry,180.0,-3,0,0,time
955,2,raspberry,180.0,3,0,0,time
955,3,raspberry,180.0,3,0,0,time
956,1,blueberry,180.0,-1,0,0,time
956,2,raspberry,151.5,3,0,0,raspberry_full_control
956,3,blueberry,180.0,-2,0,0,time
957,1,raspberry,180.0,3,0,0,time
957,2,raspberry,180.0,1,0,0,time
958,1,blueberry,180.0,0,0,0,time
958,2,raspberry,180.0,1,0,0,time
958,3,blueberry,180.0,0,0,0,time
959,1,raspberry,180.0,2,1,0,time
959,2,blueberry,180.0,-2,1,0,time
959,3,raspberry,180.0,2,1,0,time
960,1,blueberry,180.0,-2,0,0,time
960,2,raspberry,168.5,3,0,0,raspberry_full_control
960,3,blueberry,180.0,-1,0,0,time
961,1,blueberry,180.0,-3,0,0,time
961,2,blueberry,103.0,0,0,1,raspberry_full_control
962,1,blueberry,180.0,-3,0,0,time
962,2,blueberry,180.0,-3,0,1,time
963,1,blueberry,180.0,-2,0,2,time
963,2,blueberry,144.0,-3,0,2,blueberry_full_control
964,1,blueberry,180.0,-1,0,0,time
964,2,raspberry,180.0,2,0,0,time
964,3,raspberry,180.0,2,0,0,time
965,1,raspberry,129.0,2,0,0,raspberry_full_control
965,2,blueberry,163.0,-3,0,1,blueberry_full_control
965,3,raspberry,180.0,2,0,1,time
966,1,raspberry,180.0,2,0,0,time
966,2,raspberry,180.0,3,0,0,time
967,1,raspberry,156.0,3,0,0,raspberry_full_control
967,2,raspberry,156.5,3,0,0,raspberry_full_control
968,1,blueberry,152.5,-3,0,0,blueberry_full_control
968,2,blueberry,167.5,-3,0,0,blueberry_full_control
969,1,raspberry,180.0,3,0,0,time
969,2,blueberry,180.0,-2,0,1,time
969,3,blueberry,180.0,0,0,1,time
970,1,blueberry,177.0,-3,0,0,blueberry_full_control
970,2,blueberry,155.0,-3,0,0,blueberry_full_control
971,1,blueberry,155.0,-3,0,0,blueberry_full_control
971,2,raspberry,158.5,3,0,0,raspberry_full_control
971,3,blueberry,151.5,-3,0,0,blueberry_full_control
972,1,blueberry,174.0,-3,0,0,blueberry_full_control
972,2,raspberry,180.0,2,0,0,time
972,3,blueberry,180.0,-3,0,0,time
973,1,blueberry,180.0,-3,0,0,time
973,2,blueberry,177.0,-3,0,0,blueberry_full_control
974,1,raspberry,180.0,2,0,0,time
974,2,raspberry,180.0,3,0,0,time
975,1,raspberry,180.0,0,0,0,time
975,2,blueberry,180.0,-3,0,1,time
975,3,blueberry,114.0,-3,0,1,blueberry_full_control
976,1,raspberry,180.0,3,0,0,time
976,2,raspberry,158.5,3,0,0,raspberry_full_control
977,1,raspberry,180.0,3,0,0,time
977,2,raspberry,180.0,2,0,0,time
978,1,raspberry,140.5,2,0,0,raspberry_full_control
978,2,raspberry,180.0,2,0,0,time
979,1,raspberry,180.0,2,0,0,time
979,2,raspberry,180.0,3,0,0,time
980,1,blueberry,180.0,-3,0,0,time
980,2,raspberry,180.0,1,0,0,time
980,3,blueberry,180.0,0,0,0,time
981,1,blueberry,128.5,-3,0,0,blueberry_full_control
981,2,blueberry,120.0,-3,0,0,blueberry_full_control
982,1,blueberry,147.5,-3,0,0,blueberry_full_control
982,2,blueberry,180.0,0,0,0,time
983,1,raspberry,180.0,1,0,0,time
983,2,blueberry,163.5,-3,0,0,blueberry_full_control
983,3,blueberry,180.0,-3,0,0,time
984,1,raspberry,180.0,2,0,1,time
984,2,raspberry,180.0,1,0,1,time
985,1,raspberry,180.0,3,0,0,time
985,2,raspberry,153.5,3,0,0,raspberry_full_control
986,1,blueberry,180.0,-1,0,1,time
986,2,blueberry,135.0,-3,0,1,blueberry_full_control
987,1,raspberry,180.0,3,0,0,time
987,2,blueberry,156.5,-3,0,0,blueberry_full_control
987,3,blueberry,180.0,-1,0,1,time
988,1,blueberry,180.0,-1,0,0,time
988,2,blueberry,180.0,-1,0,0,time
989,1,raspberry,144.5,3,0,0,raspberry_full_control
989,2,raspberry,180.0,1,0,0,time
990,1,raspberry,180.0,2,0,0,time
990,2,blueberry,180.0,-2,0,0,time
990,3,blueberry,180.0,-2,0,0,time
991,1,raspberry,180.0,1,0,0,time
991,2,blueberry,180.0,-1,0,0,time
991,3,raspberry,162.0,3,0,0,raspberry_full_control
992,1,raspberry,180.0,0,0,0,time
992,2,blueberry,154.5,-3,0,0,blueberry_full_control
992,3,blueberry,152.0,-3,0,0,blueberry_full_control
993,1,blueberry,180.0,-3,0,0,time
993,2,raspberry,180.0,2,0,0,time
993,3,blueberry,180.0,-2,0,0,time
994,1,raspberry,180.0,3,0,0,time
994,2,raspberry,180.0,2,0,0,time
995,1,blueberry,180.0,0,0,0,time
995,2,blueberry,180.0,-2,0,0,time
996,1,raspberry,153.0,3,0,0,raspberry_full_control
996,2,raspberry,141.5,3,0,0,raspberry_full_control
997,1,raspberry,138.0,3,0,0,raspberry_full_control
997,2,raspberry,155.5,3,0,0,raspberry_full_control
998,1,blueberry,138.5,-3,0,0,blueberry_full_control
998,2,raspberry,180.0,3,1,1,time
998,3,raspberry,180.0,3,1,1,time
999,1,blueberry,180.0,0,0,1,time
999,2,raspberry,180.0,2,0,1,time
999,3,blueberry,134.0,-3,0,1,blueberry_full_control
1000,1,raspberry,180.0,2,0,0,time
1000,2,raspberry,180.0,2,0,0,time
1001,1,blueberry,180.0,-1,0,0,time
1001,2,raspberry,180.0,1,0,0,time
1001,3,blueberry,180.0,-3,0,0,time
1002,1,blueberry,178.0,-3,0,0,blueberry_full_control
1002,2,raspberry,180.0,3,0,0,time
1002,3,blueberry,180.0,-2,0,1,time
1003,1,blueberry,113.5,-1,0,0,raspberry_full_control
1003,2,blueberry,180.0,-3,0,0,time
1004,1,raspberry,180.0,1,0,0,time
1004,2,raspberry,180.0,3,0,0,time
1005,1,raspberry,180.0,1,1,0,time
1005,2,blueberry,180.0,-2,1,0,time
1005,3,blueberry,146.0,-3,1,1,blueberry_full_control
1006,1,raspberry,162.0,3,0,0,raspberry_full_control
1006,2,raspberry,180.0,3,0,0,time
1007,1,blueberry,108.0,-1,0,0,raspberry_full_control
1007,2,blueberry,151.5,-3,0,0,blueberry_full_control
1008,1,blueberry,180.0,-3,0,0,time
1008,2,raspberry,180.0,2,0,0,time
1008,3,raspberry,180.0,2,0,0,time
1009,1,raspberry,180.0,3,0,1,time
1009,2,raspberry,180.0,2,0,1,time
1010,1,blueberry,165.0,-3,0,0,blueberry_full_control
1010,2,raspberry,148.0,3,0,0,raspberry_full_control
1010,3,raspberry,180.0,1,0,0,time
1011,1,raspberry,180.0,2,0,0,time
1011,2,raspberry,180.0,2,0,0,time
1012,1,blueberry,137.5,-3,0,0,blueberry_full_control
1012,2,blueberry,142.5,-3,0,0,blueberry_full_control
1013,1,blueberry,180.0,-2,0,0,time
1013,2,blueberry,176.5,-3,0,1,blueberry_full_control
1014,1,raspberry,176.5,3,0,0,raspberry_full_control
1014,2,raspberry,164.5,3,0,0,raspberry_full_control
1015,1,blueberry,145.5,-3,0,0,blueberry_full_control
1015,2,raspberry,180.0,3,0,0,time
1015,3,blueberry,164.0,-3,0,1,blueberry_full_control
1016,1,blueberry,180.0,-3,0,0,time
1016,2,raspberry,180.0,3,0,0,time
1016,3,blueberry,180.0,-3,0,0,time
1017,1,raspberry,155.0,3,0,0,raspberry_full_control
1017,2,raspberry,153.5,3,0,0,raspberry_full_control
1018,1,blueberry,180.0,-3,0,0,time
1018,2,blueberry,180.0,-1,0,0,time
1019,1,raspberry,165.5,3,0,0,raspberry_full_control
1019,2,raspberry,180.0,2,0,0,time
1020,1,blueberry,174.0,-3,0,0,blueberry_full_control
1020,2,blueberry,158.0,-3,0,0,blueberry_full_control
1021,1,blueberry,154.5,-3,0,0,blueberry_full_control
1021,2,raspberry,180.0,1,0,0,time
1021,3,blueberry,165.5,-3,0,0,blueberry_full_control
1022,1,blueberry,180.0,-2,0,0,time
1022,2,raspberry,180.0,1,0,0,time
1022,3,blueberry,180.0,0,0,0,time
1023,1,blueberry,141.0,-3,0,0,blueberry_full_control
1023,2,blueberry,146.5,-3,0,0,blueberry_full_control
1024,1,blueberry,180.0,-3,0,0,time
1024,2,blueberry,180.0,-1,0,0,time
1025,1,blueberry,180.0,-2,0,0,time
1025,2,blueberry,180.0,-1,0,0,time
1026,1,raspberry,180.0,2,0,0,time
1026,2,raspberry,180.0,0,0,0,time
1027,1,raspberry,180.0,0,0,0,time
1027,2,raspberry,180.0,3,0,0,time
1028,1,blueberry,142.0,-3,0,1,blueberry_full_control
1028,2,raspberry,180.0,1,0,1,time
1028,3,blueberry,156.5,-3,0,2,blueberry_full_control
1029,1,raspberry,180.0,0,0,1,time
1029,2,blueberry,180.0,-3,0,1,time
1029,3,blueberry,174.0,-3,0,1,blueberry_full_control
1030,1,blueberry,142.5,-3,0,0,blueberry_full_control
1030,2,raspberry,178.0,3,0,0,raspberry_full_control
1030,3,blueberry,150.5,-3,0,0,blueberry_full_control
1031,1,raspberry,180.0,3,0,0,time
1031,2,raspberry,180.0,3,0,0,time
1032,1,raspberry,160.0,3,0,0,raspberry_full_control
1032,2,raspberry,167.5,3,0,0,raspberry_full_control
1033,1,blueberry,180.0,-3,0,0,time
1033,2,blueberry,180.0,-3,1,1,time
1034,1,blueberry,180.0,-1,0,0,time
1034,2,raspberry,173.0,3,0,0,raspberry_full_control
1034,3,blueberry,180.0,-3,0,0,time
1035,1,raspberry,162.5,3,0,0,raspberry_full_control
1035,2,raspberry,180.0,3,0,0,time
1036,1,blueberry,152.0,-1,0,0,raspberry_full_control
1036,2,raspberry,165.5,3,0,0,raspberry_full_control
1036,3,blueberry,180.0,-2,0,2,time
1037,1,blueberry,180.0,-3,0,1,time
1037,2,blueberry,117.0,-3,0,1,blueberry_full_control
1038,1,blueberry,180.0,-3,0,0,time
1038,2,blueberry,166.5,-3,0,0,blueberry_full_control
1039,1,blueberry,180.0,-3,0,0,time
1039,2,blueberry,174.0,-3,0,0,blueberry_full_control
1040,1,blueberry,180.0,-1,0,0,time
1040,2,raspberry,180.0,3,0,0,time
1040,3,raspberry,180.0,2,0,0,time
1041,1,blueberry,149.5,-3,0,0,blueberry_full_control
1041,2,blueberry,146.5,-3,0,0,blueberry_full_control
1042,1,blueberry,180.0,-3,0,0,time
1042,2,blueberry,180.0,-2,0,0,time
1043,1,raspberry,180.0,0,0,0,time
1043,2,raspberry,180.0,1,0,0,time
1044,1,raspberry,158.5,3,0,0,raspberry_full_control
1044,2,raspberry,141.5,3,0,0,raspberry_full_control
1045,1,blueberry,180.0,-3,0,0,time
1045,2,blueberry,174.5,-3,0,0,blueberry_full_control
1046,1,blueberry,154.5,-3,0,0,blueberry_full_control
1046,2,blueberry,154.5,-3,0,0,blueberry_full_control
1047,1,blueberry,154.5,-3,0,0,blueberry_full_control
1047,2,blueberry,172.0,-3,0,0,blueberry_full_control
1048,1,blueberry,180.0,-3,0,0,time
1048,2,blueberry,180.0,-3,0,0,time
1049,1,raspberry,180.0,2,0,0,time
1049,2,raspberry,180.0,3,0,0,time
1050,1,blueberry,176.0,-3,0,0,blueberry_full_control
1050,2,blueberry,143.5,-3,0,0,blueberry_full_control
1051,1,blueberry,166.0,-3,0,0,blueberry_full_control
1051,2,blueberry,128.5,-3,0,0,blueberry_full_control
1052,1,raspberry,135.5,3,0,0,raspberry_full_control
1052,2,blueberry,135.0,-3,0,0,blueberry_full_control
1052,3,blueberry,143.0,-3,0,0,blueberry_full_control
1053,1,raspberry,180.0,1,0,0,time
1053,2,blueberry,180.0,-2,0,0,time
1053,3,blueberry,180.0,-3,0,0,time
1054,1,blueberry,158.5,-3,0,0,blueberry_full_control
1054,2,blueberry,180.0,-1,0,0,time
1055,1,raspberry,167.0,3,0,0,raspberry_full_control
1055,2,raspberry,154.0,3,0,0,raspberry_full_control
1056,1,blueberry,164.5,-3,0,0,blueberry_full_control
1056,2,blueberry,156.0,-3,0,0,blueberry_full_control
1057,1,blueberry,135.5,-3,0,0,blueberry_full_control
1057,2,blueberry,144.5,-3,0,0,blueberry_full_control
1058,1,blueberry,154.5,-3,0,0,blueberry_full_control
1058,2,blueberry,155.5,-3,0,0,blueberry_full_control
1059,1,blueberry,133.5,-3,0,0,blueberry_full_control
1059,2,raspberry,180.0,3,0,0,time
1059,3,blueberry,146.0,-3,0,0,blueberry_full_control
1060,1,blueberry,180.0,-3,0,0,time
1060,2,blueberry,180.0,-3,0,0,time
1061,1,blueberry,158.5,-3,0,0,blueberry_full_control
1061,2,blueberry,157.5,-3,0,0,blueberry_full_control
1062,1,raspberry,180.0,1,0,0,time
1062,2,blueberry,176.5,-3,0,0,blueberry_full_control
1062,3,blueberry,156.5,-3,0,0,blueberry_full_control
1063,1,blueberry,155.0,-3,0,0,blueberry_full_control
1063,2,blueberry,150.0,-3,0,0,blueberry_full_control
1064,1,blueberry,180.0,-3,0,0,time
1064,2,blueberry,180.0,-1,0,0,time
1065,1,raspberry,166.0,3,0,0,raspberry_full_control
1065,2,raspberry,180.0,3,0,0,time
1066,1,raspberry,169.0,3,0,1,raspberry_full_control
1066,2,blueberry,94.0,-1,0,1,raspberry_full_control
1066,3,raspberry,180.0,2,0,1,time
1067,1,blueberry,131.0,-3,0,0,blueberry_full_control
1067,2,raspberry,165.5,3,0,0,raspberry_full_control
1067,3,blueberry,180.0,-3,0,0,time
1068,1,raspberry,180.0,3,0,0,time
1068,2,blueberry,180.0,-3,0,1,time
1068,3,raspberry,180.0,3,1,1,time
1069,1,raspberry,168.5,3,0,0,raspberry_full_control
1069,2,raspberry,180.0,0,1,0,time
1070,1,raspberry,180.0,2,0,0,time
1070,2,blueberry,180.0,-3,0,0,time
1070,3,raspberry,180.0,3,0,0,time
1071,1,raspberry,174.0,3,0,0,raspberry_full_control
1071,2,raspberry,180.0,1,0,0,time
1072,1,blueberry,180.0,-2,0,0,time
1072,2,blueberry,100.5,-1,0,0,raspberry_full_control
1073,1,raspberry,180.0,3,0,0,time
1073,2,raspberry,174.5,3,0,0,raspberry_full_control
1074,1,blueberry,180.0,-1,0,0,time
1074,2,blueberry,94.0,-1,0,0,raspberry_full_control
1075,1,blueberry,180.0,-2,0,0,time
1075,2,blueberry,180.0,-2,0,0,time
1076,1,blueberry,180.0,-1,0,0,time
1076,2,raspberry,155.0,3,0,0,raspberry_full_control
1076,3,raspberry,180.0,3,0,0,time
1077,1,raspberry,180.0,2,0,0,time
1077,2,blueberry,180.0,-1,0,0,time
1077,3,raspberry,180.0,3,0,0,time
1078,1,raspberry,164.0,3,0,0,raspberry_full_control
1078,2,raspberry,171.5,3,0,0,raspberry_full_control
1079,1,blueberry,180.0,-3,0,0,time
1079,2,blueberry,180.0,-3,0,0,time
1080,1,blueberry,152.0,-3,0,0,blueberry_full_control
1080,2,blueberry,135.0,-3,0,0,blueberry_full_control
1081,1,blueberry,141.5,-3,0,0,blueberry_full_control
1081,2,blueberry,171.0,-3,0,0,blueberry_full_control
1082,1,blueberry,154.5,-3,0,0,blueberry_full_control
1082,2,blueberry,137.5,-3,0,0,blueberry_full_control
1083,1,blueberry,180.0,-1,0,0,time
1083,2,raspberry,180.0,2,0,0,time
1083,3,blueberry,172.5,-3,0,0,blueberry_full_control
1084,1,blueberry,180.0,-1,0,0,time
1084,2,blueberry,180.0,-3,0,0,time
1085,1,blueberry,180.0,-1,0,0,time
1085,2,raspberry,180.0,3,0,0,time
1085,3,blueberry,180.0,-3,0,0,time
1086,1,raspberry,180.0,2,0,0,time
1086,2,blueberry,164.0,-3,0,0,blueberry_full_control
1086,3,blueberry,145.5,-3,0,0,blueberry_full_control
1087,1,blueberry,180.0,-3,0,0,time
1087,2,blueberry,164.5,-3,0,0,blueberry_full_control
1088,1,blueberry,180.0,-2,0,1,time
1088,2,blueberry,118.0,-3,0,1,blueberry_full_control
1089,1,blueberry,154.0,-3,0,0,blueberry_full_control
1089,2,raspberry,180.0,1,0,0,time
1089,3,blueberry,166.5,-3,0,0,blueberry_full_control
1090,1,blueberry,148.0,-3,0,0,blueberry_full_control
1090,2,blueberry,146.0,-3,0,0,blueberry_full_control
1091,1,blueberry,152.0,-3,0,0,blueberry_full_control
1091,2,blueberry,156.0,-3,0,0,blueberry_full_control
1092,1,raspberry,174.5,3,0,0,raspberry_full_control
1092,2,raspberry,174.5,3,0,0,raspberry_full_control
1093,1,raspberry,180.0,3,0,0,time
1093,2,raspberry,176.5,3,0,0,raspberry_full_control
1094,1,raspberry,180.0,3,0,0,time
1094,2,raspberry,180.0,3,0,0,time
1095,1,raspberry,180.0,0,0,0,time
1095,2,blueberry,180.0,-3,0,0,time
1095,3,blueberry,180.0,-3,0,0,time
1096,1,blueberry,180.0,-2,0,0,time
1096,2,blueberry,180.0,-3,0,0,time
1097,1,raspberry,180.0,1,1,0,time
1097,2,raspberry,180.0,1,1,0,time
1098,1,blueberry,180.0,-2,0,0,time
1098,2,raspberry,180.0,2,0,0,time
1098,3,blueberry,180.0,-1,0,0,time
1099,1,raspberry,180.0,2,0,0,time
1099,2,raspberry,180.0,3,0,0,time
1100,1,raspberry,154.5,3,0,0,raspberry_full_control
1100,2,raspberry,146.0,3,0,0,raspberry_full_control
1101,1,blueberry,180.0,-3,0,0,time
1101,2,blueberry,173.5,-3,0,0,blueberry_full_control
1102,1,blueberry,145.5,-3,0,0,blueberry_full_control
1102,2,blueberry,145.5,-3,0,0,blueberry_full_control
1103,1,blueberry,145.5,-3,0,0,blueberry_full_control
1103,2,blueberry,148.0,-3,0,0,blueberry_full_control
1104,1,blueberry,154.0,-3,0,0,blueberry_full_control
1104,2,blueberry,180.0,-1,0,0,time
1105,1,blueberry,152.0,-3,1,1,blueberry_full_control
1105,2,blueberry,153.5,-3,1,1,blueberry_full_control
1106,1,blueberry,180.0,-3,0,0,time
1106,2,raspberry,180.0,3,0,0,time
1106,3,blueberry,138.5,-3,1,0,blueberry_full_control
1107,1,blueberry,180.0,-3,1,0,time
1107,2,raspberry,180.0,1,1,0,time
1107,3,raspberry,180.0,2,1,0,time
1108,1,raspberry,180.0,3,0,0,time
1108,2,raspberry,180.0,3,0,0,time
1109,1,raspberry,180.0,3,0,0,time
1109,2,raspberry,180.0,3,0,0,time
1110,1,raspberry,144.5,3,0,0,raspberry_full_control
1110,2,raspberry,142.5,3,0,0,raspberry_full_control
1111,1,blueberry,171.5,-3,0,0,blueberry_full_control
1111,2,blueberry,160.0,-3,0,0,blueberry_full_control
1112,1,blueberry,178.0,-3,0,0,blueberry_full_control
1112,2,blueberry,180.0,-3,0,0,time
1113,1,raspberry,180.0,1,0,0,time
1113,2,raspberry,180.0,1,0,0,time
1114,1,blueberry,180.0,-1,1,0,time
1114,2,blueberry,180.0,-1,1,0,time
1115,1,blueberry,176.5,-3,0,0,blueberry_full_control
1115,2,blueberry,179.0,-3,0,0,blueberry_full_control
1116,1,raspberry,180.0,2,0,0,time
1116,2,raspberry,180.0,2,0,0,time
1117,1,blueberry,180.0,-3,0,0,time
1117,2,blueberry,109.5,-1,0,0,raspberry_full_control
1118,1,raspberry,180.0,3,0,0,time
1118,2,blueberry,180.0,-3,0,0,time
1118,3,blueberry,180.0,-3,0,0,time
1119,1,blueberry,156.0,-3,0,0,blueberry_full_control
1119,2,blueberry,180.0,-1,0,0,time
1120,1,raspberry,180.0,3,0,0,time
1120,2,raspberry,174.5,3,0,0,raspberry_full_control
1121,1,raspberry,180.0,3,0,0,time
1121,2,blueberry,180.0,-2,0,0,time
1121,3,blueberry,180.0,-3,0,0,time
1122,1,blueberry,180.0,-3,0,0,time
1122,2,blueberry,180.0,-3,0,0,time
1123,1,blueberry,158.0,-3,0,0,blueberry_full_control
1123,2,raspberry,180.0,0,0,0,time
1123,3,blueberry,180.0,-1,0,0,time
1124,1,raspberry,166.5,3,0,0,raspberry_full_control
1124,2,raspberry,144.5,3,0,0,raspberry_full_control
1125,1,raspberry,162.0,3,0,0,raspberry_full_control
1125,2,raspberry,180.0,0,0,0,time
1126,1,blueberry,153.0,-3,0,0,blueberry_full_control
1126,2,blueberry,155.5,-3,0,0,blueberry_full_control
1127,1,raspberry,180.0,1,0,0,time
1127,2,blueberry,180.0,-2,0,0,time
1127,3,blueberry,180.0,-3,0,0,time
1128,1,blueberry,180.0,-1,0,0,time
1128,2,blueberry,180.0,-2,0,0,time
1129,1,raspberry,180.0,0,0,0,time
1129,2,raspberry,180.0,3,0,0,time
1130,1,raspberry,180.0,2,0,0,time
1130,2,raspberry,180.0,2,0,0,time
1131,1,blueberry,180.0,-3,0,0,time
1131,2,raspberry,180.0,0,0,0,time
1131,3,raspberry,180.0,2,0,0,time
1132,1,blueberry,180.0,-1,0,0,time
1132,2,raspberry,180.0,3,0,0,time
1132,3,raspberry,180.0,1,0,0,time
1133,1,blueberry,180.0,-3,0,0,time
1133,2,blueberry,151.5,-3,0,0,blueberry_full_control
1134,1,blueberry,180.0,-3,0,0,time
1134,2,blueberry,180.0,-3,0,0,time
1135,1,raspberry,168.5,3,0,0,raspberry_full_control
1135,2,raspberry,157.0,3,0,0,raspberry_full_control
1136,1,raspberry,180.0,3,0,0,time
1136,2,blueberry,153.0,-3,0,0,blueberry_full_control
1136,3,raspberry,180.0,3,0,0,time
1137,1,blueberry,173.5,-3,0,0,blueberry_full_control
1137,2,blueberry,180.0,-3,0,0,time
1138,1,raspberry,171.5,3,0,0,raspberry_full_control
1138,2,raspberry,157.5,2,0,0,raspberry_full_control
1139,1,blueberry,176.0,-3,0,0,blueberry_full_control
1139,2,blueberry,159.5,-3,0,0,blueberry_full_control
1140,1,blueberry,139.5,-3,0,0,blueberry_full_control
1140,2,blueberry,149.5,-3,0,0,blueberry_full_control
1141,1,raspberry,180.0,0,0,0,time
1141,2,blueberry,134.5,-3,0,0,blueberry_full_control
1141,3,blueberry,147.5,-3,0,0,blueberry_full_control
1142,1,blueberry,166.0,-3,0,0,blueberry_full_control
1142,2,blueberry,157.0,-3,0,0,blueberry_full_control
1143,1,blueberry,139.0,-3,0,0,blueberry_full_control
1143,2,blueberry,142.5,-3,0,0,blueberry_full_control
1144,1,blueberry,176.0,-3,0,0,blueberry_full_control
1144,2,blueberry,180.0,-3,0,0,time
1145,1,blueberry,180.0,-1,0,0,time
1145,2,blueberry,180.0,-2,0,0,time
1146,1,blueberry,180.0,-3,0,0,time
1146,2,blueberry,180.0,-3,0,0,time
1147,1,blueberry,156.0,-3,0,0,blueberry_full_control
1147,2,blueberry,161.0,-3,0,0,blueberry_full_control
1148,1,blueberry,153.0,-3,0,0,blueberry_full_control
1148,2,blueberry,180.0,-3,0,0,time
1149,1,blueberry,167.0,-3,0,0,blueberry_full_control
1149,2,blueberry,180.0,-2,0,0,time
1150,1,blueberry,180.0,-2,0,0,time
1150,2,blueberry,139.0,-3,0,0,blueberry_full_control
1151,1,blueberry,180.0,-3,0,0,time
1151,2,raspberry,180.0,0,0,0,time
1151,3,blueberry,158.5,-3,0,0,blueberry_full_control
1152,1,raspberry,177.5,3,0,0,raspberry_full_control
1152,2,blueberry,154.5,-3,0,0,blueberry_full_control
1152,3,blueberry,155.0,-3,0,0,blueberry_full_control
1153,1,blueberry,180.0,-3,0,0,time
1153,2,blueberry,180.0,-2,0,0,time
1154,1,blueberry,148.0,-3,0,0,blueberry_full_control
1154,2,blueberry,180.0,-2,0,0,time
1155,1,blueberry,178.0,-3,1,0,blueberry_full_control
1155,2,raspberry,154.0,3,1,0,raspberry_full_control
1155,3,raspberry,156.5,3,1,0,raspberry_full_control
1156,1,blueberry,124.5,-3,0,0,blueberry_full_control
1156,2,blueberry,133.5,-3,0,0,blueberry_full_control
1157,1,raspberry,180.0,0,1,0,time
1157,2,raspberry,180.0,2,1,0,time
1158,1,raspberry,142.0,3,0,0,raspberry_full_control
1158,2,blueberry,180.0,-3,0,0,time
1158,3,blueberry,180.0,-1,0,1,time
1159,1,blueberry,180.0,-2,0,0,time
1159,2,blueberry,164.5,-3,0,0,blueberry_full_control
1160,1,raspberry,180.0,1,0,0,time
1160,2,raspberry,180.0,2,0,0,time
1161,1,blueberry,180.0,-2,0,0,time
1161,2,blueberry,180.0,-3,0,0,time
1162,1,blueberry,180.0,-1,0,0,time
1162,2,raspberry,152.0,3,0,0,raspberry_full_control
1162,3,blueberry,180.0,-3,0,0,time
1163,1,raspberry,166.5,3,0,0,raspberry_full_control
1163,2,blueberry,180.0,-3,0,0,time
1163,3,raspberry,155.0,3,0,0,raspberry_full_control
1164,1,blueberry,180.0,-2,0,1,time
1164,2,blueberry,180.0,-2,0,1,time
1165,1,raspberry,146.0,3,0,0,raspberry_full_control
1165,2,raspberry,155.5,3,0,0,raspberry_full_control
1166,1,blueberry,177.0,-3,0,0,blueberry_full_control
1166,2,blueberry,164.0,-3,0,0,blueberry_full_control
1167,1,raspberry,180.0,2,0,0,time
1167,2,raspberry,180.0,3,0,0,time
1168,1,blueberry,148.0,-3,0,0,blueberry_full_control
1168,2,blueberry,147.5,-3,0,0,blueberry_full_control
1169,1,blueberry,147.0,-3,0,0,blueberry_full_control
1169,2,blueberry,145.0,-3,0,0,blueberry_full_control
1170,1,blueberry,180.0,-2,0,0,time
1170,2,blueberry,180.0,-2,0,0,time
1171,1,blueberry,148.5,-3,0,0,blueberry_full_control
1171,2,blueberry,156.5,-3,0,0,blueberry_full_control
1172,1,raspberry,180.0,3,0,0,time
1172,2,blueberry,155.5,-3,0,0,blueberry_full_control
1172,3,raspberry,177.5,3,0,0,raspberry_full_control
1173,1,blueberry,178.0,-3,0,0,blueberry_full_control
1173,2,raspberry,180.0,1,0,0,time
1173,3,blueberry,144.5,-3,0,0,blueberry_full_control
1174,1,blueberry,166.5,-3,0,0,blueberry_full_control
1174,2,blueberry,172.0,-3,0,0,blueberry_full_control
1175,1,blueberry,180.0,-3,1,0,time
1175,2,blueberry,180.0,-1,1,0,time
1176,1,raspberry,180.0,1,0,0,time
1176,2,blueberry,180.0,-3,0,0,time
1176,3,blueberry,180.0,-3,0,0,time
1177,1,blueberry,157.0,-3,0,0,blueberry_full_control
1177,2,blueberry,151.5,-3,0,0,blueberry_full_control
1178,1,blueberry,142.5,-3,0,0,blueberry_full_control
1178,2,blueberry,156.0,-3,0,0,blueberry_full_control
1179,1,blueberry,180.0,-1,0,0,time
1179,2,blueberry,145.5,-3,0,0,blueberry_full_control
1180,1,blueberry,129.5,-3,0,0,blueberry_full_control
1180,2,blueberry,129.5,-3,0,0,blueberry_full_control
1181,1,raspberry,165.5,3,0,0,raspberry_full_control
1181,2,raspberry,180.0,2,0,0,time
1182,1,blueberry,180.0,-3,0,0,time
1182,2,raspberry,164.0,3,0,0,raspberry_full_control
1182,3,blueberry,180.0,-1,0,0,time
1183,1,blueberry,142.0,-3,0,0,blueberry_full_control
1183,2,blueberry,151.5,-3,0,0,blueberry_full_control
1184,1,raspberry,156.5,3,0,0,raspberry_full_control
1184,2,blueberry,180.0,-3,0,0,time
1184,3,blueberry,180.0,-3,0,0,time
1185,1,blueberry,180.0,-3,0,0,time
1185,2,blueberry,180.0,-3,1,0,time
1186,1,blueberry,153.0,-3,0,0,blueberry_full_control
1186,2,blueberry,165.0,-3,0,0,blueberry_full_control
1187,1,blueberry,180.0,-1,0,0,time
1187,2,blueberry,180.0,-1,0,0,time
1188,1,blueberry,175.5,-3,0,0,blueberry_full_control
1188,2,raspberry,180.0,2,0,0,time
1188,3,blueberry,161.5,-3,0,0,blueberry_full_control
1189,1,blueberry,180.0,-2,0,0,time
1189,2,raspberry,180.0,1,0,0,time
1189,3,raspberry,180.0,0,0,0,time
1190,1,blueberry,146.0,-3,0,0,blueberry_full_control
1190,2,blueberry,152.0,-3,0,0,blueberry_full_control
1191,1,blueberry,179.5,-3,0,0,blueberry_full_control
1191,2,blueberry,180.0,-1,0,0,time
1192,1,blueberry,157.0,-3,0,0,blueberry_full_control
1192,2,blueberry,173.5,-3,0,0,blueberry_full_control
1193,1,raspberry,154.0,3,0,0,raspberry_full_control
1193,2,blueberry,166.0,-3,0,0,blueberry_full_control
1193,3,raspberry,180.0,1,0,0,time
1194,1,blueberry,180.0,-3,0,1,time
1194,2,raspberry,180.0,3,0,1,time
1194,3,blueberry,180.0,-1,0,1,time
1195,1,raspberry,180.0,1,1,0,time
1195,2,raspberry,180.0,1,1,0,time
1196,1,blueberry,180.0,-2,0,0,time
1196,2,blueberry,180.0,-3,0,0,time
1197,1,raspberry,171.5,3,0,0,raspberry_full_control
1197,2,blueberry,177.0,-3,0,0,blueberry_full_control
1197,3,raspberry,153.0,3,0,0,raspberry_full_control
1198,1,raspberry,180.0,2,0,0,time
1198,2,blueberry,180.0,-3,0,0,time
1198,3,blueberry,142.5,-3,0,0,blueberry_full_control
1199,1,blueberry,146.5,-3,0,0,blueberry_full_control
1199,2,blueberry,153.0,-3,0,0,blueberry_full_control
1200,1,raspberry,180.0,2,1,0,time
1200,2,raspberry,180.0,3,1,0,time
1201,1,raspberry,180.0,2,0,0,time
1201,2,blueberry,180.0,-2,0,1,time
1201,3,blueberry,171.5,-3,0,2,blueberry_full_control
1202,1,raspberry,180.0,2,0,0,time
1202,2,raspberry,163.5,3,0,0,raspberry_full_control
1203,1,raspberry,180.0,3,0,0,time
1203,2,raspberry,180.0,2,0,0,time
1204,1,blueberry,180.0,-3,0,0,time
1204,2,blueberry,180.0,-3,0,0,time
1205,1,raspberry,180.0,2,0,0,time
1205,2,raspberry,180.0,2,0,0,time
1206,1,blueberry,180.0,-1,0,1,time
1206,2,blueberry,133.0,-3,0,1,blueberry_full_control
1207,1,blueberry,159.5,-3,0,0,blueberry_full_control
1207,2,blueberry,178.0,-3,0,0,blueberry_full_control
1208,1,raspberry,174.0,3,0,1,raspberry_full_control
1208,2,raspberry,172.0,3,1,1,raspberry_full_control
1209,1,raspberry,180.0,2,0,0,time
1209,2,raspberry,180.0,2,0,0,time
1210,1,blueberry,142.5,-3,0,0,blueberry_full_control
1210,2,raspberry,180.0,3,0,0,time
1210,3,blueberry,144.0,-3,0,0,blueberry_full_control
1211,1,blueberry,180.0,-1,0,0,time
1211,2,raspberry,180.0,3,0,0,time
1211,3,raspberry,180.0,2,0,0,time
1212,1,blueberry,147.0,-3,0,0,blueberry_full_control
1212,2,raspberry,154.5,3,0,0,raspberry_full_control
1212,3,raspberry,144.0,3,0,0,raspberry_full_control
1213,1,raspberry,143.5,3,0,0,raspberry_full_control
1213,2,raspberry,154.5,3,0,0,raspberry_full_control
1214,1,raspberry,171.5,3,0,0,raspberry_full_control
1214,2,blueberry,180.0,-3,0,0,time
1214,3,raspberry,180.0,3,0,0,time
1215,1,blueberry,180.0,-2,0,0,time
1215,2,blueberry,150.0,-3,0,0,blueberry_full_control
1216,1,raspberry,180.0,1,0,1,time
1216,2,blueberry,172.5,-3,0,1,blueberry_full_control
1216,3,blueberry,170.5,-3,0,1,blueberry_full_control
1217,1,blueberry,180.0,-1,0,0,time
1217,2,raspberry,180.0,2,0,0,time
1217,3,blueberry,180.0,-2,0,0,time
1218,1,blueberry,164.0,-3,0,0,blueberry_full_control
1218,2,blueberry,167.0,-3,1,1,blueberry_full_control
1219,1,raspberry,180.0,1,0,0,time
1219,2,blueberry,180.0,0,0,0,time
1219,3,blueberry,180.0,-1,0,0,time
1220,1,blueberry,155.0,-3,0,0,blueberry_full_control
1220,2,blueberry,155.5,-3,0,0,blueberry_full_control
1221,1,raspberry,180.0,0,0,0,time
1221,2,blueberry,154.5,-3,0,0,blueberry_full_control
1221,3,blueberry,180.0,0,0,0,time
1222,1,raspberry,174.0,3,0,0,raspberry_full_control
1222,2,raspberry,176.0,3,0,0,raspberry_full_control
1223,1,raspberry,180.0,3,0,0,time
1223,2,raspberry,180.0,1,0,0,time
1224,1,raspberry,173.0,3,0,0,raspberry_full_control
1224,2,raspberry,180.0,0,0,0,time
1225,1,blueberry,157.0,-3,0,0,blueberry_full_control
1225,2,blueberry,180.0,-3,0,0,time
1226,1,blueberry,180.0,-1,0,0,time
1226,2,blueberry,156.5,-3,0,0,blueberry_full_control
1227,1,raspberry,180.0,1,0,0,time
1227,2,raspberry,180.0,2,0,0,time
1228,1,blueberry,180.0,-2,0,0,time
1228,2,blueberry,180.0,-1,0,1,time
1229,1,blueberry,180.0,-1,0,0,time
1229,2,raspberry,180.0,1,0,0,time
1229,3,blueberry,180.0,-1,0,0,time
1230,1,raspberry,180.0,2,0,0,time
1230,2,raspberry,180.0,3,0,0,time
1231,1,blueberry,150.5,-3,0,0,blueberry_full_control
1231,2,blueberry,156.5,-3,0,0,blueberry_full_control
1232,1,raspberry,180.0,1,0,0,time
1232,2,raspberry,180.0,1,0,0,time
1233,1,blueberry,153.0,-3,0,0,blueberry_full_control
1233,2,raspberry,130.5,3,0,0,raspberry_full_control
1233,3,blueberry,150.0,-3,0,0,blueberry_full_control
1234,1,raspberry,180.0,0,0,1,time
1234,2,blueberry,131.5,-3,0,1,blueberry_full_control
1234,3,blueberry,180.0,-3,0,1,time
1235,1,blueberry,180.0,-3,0,0,time
1235,2,raspberry,180.0,3,0,0,time
1235,3,blueberry,180.0,-2,0,0,time
1236,1,raspberry,180.0,3,1,1,time
1236,2,blueberry,180.0,-3,1,1,time
1236,3,raspberry,163.0,3,1,1,raspberry_full_control
1237,1,blueberry,180.0,-2,0,0,time
1237,2,raspberry,180.0,1,0,1,time
1237,3,raspberry,180.0,1,0,1,time
1238,1,blueberry,180.0,-3,0,0,time
1238,2,blueberry,153.0,-3,0,0,blueberry_full_control
1239,1,blueberry,180.0,-3,0,0,time
1239,2,raspberry,140.0,3,0,0,raspberry_full_control
1239,3,raspberry,170.5,3,0,0,raspberry_full_control
1240,1,blueberry,158.0,-3,0,0,blueberry_full_control
1240,2,blueberry,180.0,-3,0,0,time
1241,1,blueberry,155.0,-3,0,0,blueberry_full_control
1241,2,blueberry,180.0,-3,0,0,time
1242,1,blueberry,180.0,-3,0,0,time
1242,2,raspberry,173.5,3,0,0,raspberry_full_control
1242,3,raspberry,146.0,3,0,0,raspberry_full_control
1243,1,blueberry,180.0,-1,0,0,time
1243,2,raspberry,180.0,2,0,0,time
1243,3,raspberry,180.0,2,1,0,time
1244,1,blueberry,150.5,-3,0,0,blueberry_full_control
1244,2,raspberry,180.0,1,0,0,time
1244,3,blueberry,180.0,-3,0,0,time
1245,1,blueberry,180.0,-3,0,0,time
1245,2,raspberry,157.5,3,0,0,raspberry_full_control
1245,3,blueberry,180.0,-3,0,0,time
1246,1,raspberry,171.5,3,0,0,raspberry_full_control
1246,2,blueberry,170.0,-3,0,0,blueberry_full_control
1246,3,raspberry,173.5,3,0,0,raspberry_full_control
1247,1,blueberry,142.5,-3,0,0,blueberry_full_control
1247,2,raspberry,180.0,1,0,0,time
1247,3,raspberry,180.0,1,0,0,time
1248,1,blueberry,180.0,-3,0,0,time
1248,2,blueberry,168.5,-3,0,0,blueberry_full_control
1249,1,raspberry,117.0,1,0,0,raspberry_full_control
1249,2,raspberry,157.0,3,0,0,raspberry_full_control
1250,1,blueberry,104.0,-1,0,0,raspberry_full_control
1250,2,blueberry,101.5,-1,0,0,raspberry_full_control
1251,1,blueberry,167.5,-3,0,0,blueberry_full_control
1251,2,blueberry,180.0,-2,0,0,time
1252,1,raspberry,180.0,3,0,0,time
1252,2,raspberry,165.0,3,0,0,raspberry_full_control
1253,1,raspberry,180.0,3,0,0,time
1253,2,blueberry,159.5,-3,0,1,blueberry_full_control
1253,3,blueberry,180.0,-2,0,1,time
1254,1,blueberry,180.0,-3,0,0,time
1254,2,blueberry,175.5,-3,0,0,blueberry_full_control
1255,1,raspberry,142.5,3,0,0,raspberry_full_control
1255,2,raspberry,144.5,3,0,0,raspberry_full_control
1256,1,raspberry,180.0,3,0,0,time
1256,2,raspberry,180.0,3,0,0,time
1257,1,raspberry,180.0,1,0,1,time
1257,2,blueberry,180.0,-3,0,1,time
1257,3,raspberry,180.0,1,0,1,time
1258,1,raspberry,180.0,2,0,0,time
1258,2,blueberry,142.5,-3,0,0,blueberry_full_control
1258,3,blueberry,173.0,-3,0,0,blueberry_full_control
1259,1,blueberry,161.0,-3,0,0,blueberry_full_control
1259,2,blueberry,167.5,-3,0,0,blueberry_full_control
1260,1,blueberry,160.0,-3,0,0,blueberry_full_control
1260,2,blueberry,155.5,-3,0,0,blueberry_full_control
1261,1,raspberry,145.0,3,0,0,raspberry_full_control
1261,2,blueberry,180.0,-2,0,1,time
1261,3,blueberry,154.5,-3,1,1,blueberry_full_control
1262,1,blueberry,158.5,-3,0,0,blueberry_full_control
1262,2,blueberry,158.5,-3,0,0,blueberry_full_control
1263,1,blueberry,180.0,-3,0,0,time
1263,2,blueberry,180.0,-1,0,0,time
1264,1,raspberry,150.0,3,0,0,raspberry_full_control
1264,2,raspberry,146.5,3,0,0,raspberry_full_control
1265,1,raspberry,161.5,3,0,0,raspberry_full_control
1265,2,raspberry,152.0,3,0,0,raspberry_full_control
1266,1,blueberry,180.0,-2,0,0,time
1266,2,blueberry,180.0,-3,0,0,time
1267,1,raspberry,180.0,3,0,0,time
1267,2,blueberry,180.0,-3,0,0,time
1267,3,blueberry,180.0,-3,0,0,time
1268,1,raspberry,180.0,2,0,0,time
1268,2,blueberry,104.0,-1,0,0,raspberry_full_control
1268,3,blueberry,178.0,-3,0,0,blueberry_full_control
1269,1,blueberry,180.0,-3,0,0,time
1269,2,blueberry,162.5,-3,0,0,blueberry_full_control
1270,1,raspberry,180.0,3,0,0,time
1270,2,blueberry,180.0,-3,0,0,time
1270,3,raspberry,163.0,3,0,0,raspberry_full_control
1271,1,blueberry,180.0,-2,0,0,time
1271,2,blueberry,180.0,-3,0,0,time
1272,1,raspberry,180.0,1,0,0,time
1272,2,raspberry,180.0,1,0,0,time
1273,1,blueberry,180.0,-3,0,0,time
1273,2,blueberry,180.0,-3,0,0,time
1274,1,raspberry,180.0,3,0,0,time
1274,2,blueberry,158.0,-3,0,0,blueberry_full_control
1274,3,blueberry,180.0,-3,0,0,time
1275,1,blueberry,180.0,-2,0,0,time
1275,2,blueberry,180.0,-2,0,0,time
1276,1,blueberry,180.0,-1,0,0,time
1276,2,blueberry,175.5,-3,0,0,blueberry_full_control
1277,1,blueberry,161.5,-3,0,0,blueberry_full_control
1277,2,blueberry,156.0,-3,0,0,blueberry_full_control
1278,1,blueberry,166.5,-3,0,0,blueberry_full_control
1278,2,raspberry,163.0,3,0,0,raspberry_full_control
1278,3,blueberry,153.0,-3,0,0,blueberry_full_control
1279,1,blueberry,180.0,-2,0,0,time
1279,2,raspberry,171.5,3,0,0,raspberry_full_control
1279,3,blueberry,180.0,-3,0,0,time
1280,1,blueberry,165.0,-3,0,0,blueberry_full_control
1280,2,blueberry,167.5,-3,0,0,blueberry_full_control
1281,1,blueberry,150.0,-3,0,0,blueberry_full_control
1281,2,blueberry,146.5,-3,0,0,blueberry_full_control
1282,1,blueberry,97.0,-1,0,0,raspberry_full_control
1282,2,blueberry,180.0,-1,0,0,time
1283,1,raspberry,151.5,3,0,0,raspberry_full_control
1283,2,blueberry,180.0,-1,0,0,time
1283,3,blueberry,160.0,-3,0,0,blueberry_full_control
1284,1,raspberry,161.0,3,0,0,raspberry_full_control
1284,2,blueberry,117.5,-1,0,0,raspberry_full_control
1284,3,raspberry,173.5,3,0,0,raspberry_full_control
1285,1,blueberry,180.0,-3,0,0,time
1285,2,raspberry,147.0,3,0,0,raspberry_full_control
1285,3,blueberry,172.5,-3,0,0,blueberry_full_control
1286,1,raspberry,160.5,3,0,0,raspberry_full_control
1286,2,raspberry,180.0,1,0,0,time
1287,1,raspberry,164.5,3,0,0,raspberry_full_control
1287,2,blueberry,180.0,-1,0,0,time
1287,3,blueberry,146.0,-3,0,0,blueberry_full_control
1288,1,blueberry,180.0,-2,0,0,time
1288,2,blueberry,152.5,-3,0,0,blueberry_full_control
1289,1,blueberry,159.5,-3,0,0,blueberry_full_control
1289,2,blueberry,180.0,-2,0,0,time
1290,1,raspberry,180.0,2,0,0,time
1290,2,blueberry,180.0,-1,0,0,time
1290,3,raspberry,125.0,2,0,0,raspberry_full_control
1291,1,raspberry,145.5,3,0,0,raspberry_full_control
1291,2,blueberry,180.0,-2,0,0,time
1291,3,blueberry,180.0,-3,0,0,time
1292,1,blueberry,152.0,-3,0,0,blueberry_full_control
1292,2,blueberry,148.0,-3,0,0,blueberry_full_control
1293,1,blueberry,180.0,-2,0,0,time
1293,2,blueberry,166.0,-3,0,0,blueberry_full_control
1294,1,blueberry,160.0,-3,0,0,blueberry_full_control
1294,2,raspberry,171.5,3,0,0,raspberry_full_control
1294,3,blueberry,167.0,-3,0,0,blueberry_full_control
1295,1,raspberry,171.0,3,0,0,raspberry_full_control
1295,2,raspberry,169.0,3,0,0,raspberry_full_control
1296,1,raspberry,180.0,1,0,0,time
1296,2,blueberry,180.0,-3,0,0,time
1296,3,raspberry,180.0,3,0,0,time
1297,1,blueberry,153.5,-3,0,0,blueberry_full_control
1297,2,blueberry,152.5,-3,0,0,blueberry_full_control
1298,1,raspberry,180.0,2,0,0,time
1298,2,raspberry,180.0,3,0,0,time
1299,1,blueberry,148.0,-3,0,0,blueberry_full_control
1299,2,raspberry,180.0,3,0,0,time
1299,3,blueberry,148.0,-3,0,0,blueberry_full_control
1300,1,raspberry,180.0,3,0,0,time
1300,2,raspberry,180.0,3,0,0,time
1301,1,blueberry,180.0,-3,0,0,time
1301,2,raspberry,180.0,1,0,0,time
1301,3,blueberry,180.0,-2,0,0,time
1302,1,blueberry,180.0,-2,0,0,time
1302,2,blueberry,180.0,-3,0,0,time
1303,1,raspberry,180.0,0,0,0,time
1303,2,raspberry,180.0,3,0,0,time
1304,1,raspberry,180.0,2,0,0,time
1304,2,raspberry,180.0,2,0,0,time
1305,1,blueberry,176.5,-3,0,0,blueberry_full_control
1305,2,blueberry,176.5,-3,0,0,blueberry_full_control
1306,1,raspberry,180.0,3,0,0,time
1306,2,blueberry,175.5,-3,0,0,blueberry_full_control
1306,3,blueberry,169.0,-3,0,0,blueberry_full_control
1307,1,blueberry,147.5,-3,0,0,blueberry_full_control
1307,2,blueberry,149.0,-3,0,0,blueberry_full_control
1308,1,blueberry,155.5,-3,0,0,blueberry_full_control
1308,2,blueberry,145.5,-3,0,0,blueberry_full_control
1309,1,raspberry,167.0,3,0,0,raspberry_full_control
1309,2,raspberry,173.5,3,0,0,raspberry_full_control
1310,1,blueberry,180.0,-3,0,0,time
1310,2,blueberry,180.0,-3,0,0,time
1311,1,blueberry,147.5,-3,0,0,blueberry_full_control
1311,2,blueberry,180.0,-2,0,0,time
1312,1,blueberry,152.5,-3,0,0,blueberry_full_control
1312,2,blueberry,180.0,-3,0,0,time
1313,1,blueberry,180.0,-2,0,1,time
1313,2,blueberry,131.5,-3,0,1,blueberry_full_control
1314,1,blueberry,180.0,-3,0,0,time
1314,2,blueberry,175.5,-3,0,0,blueberry_full_control
1315,1,raspberry,105.0,1,0,0,raspberry_full_control
1315,2,raspberry,180.0,3,0,0,time
1316,1,blueberry,180.0,-3,0,0,time
1316,2,raspberry,180.0,2,0,0,time
1316,3,blueberry,180.0,-3,0,0,time
1317,1,blueberry,180.0,-3,0,0,time
1317,2,raspberry,169.0,3,0,0,raspberry_full_control
1317,3,raspberry,161.0,3,0,0,raspberry_full_control
1318,1,blueberry,180.0,-3,0,0,time
1318,2,blueberry,180.0,-3,0,0,time
1319,1,blueberry,166.0,-3,0,0,blueberry_full_control
1319,2,blueberry,180.0,-3,0,0,time
1320,1,blueberry,180.0,-3,0,0,time
1320,2,blueberry,180.0,-3,0,0,time
1321,1,raspberry,180.0,3,0,0,time
1321,2,raspberry,180.0,3,0,0,time
1322,1,blueberry,134.5,-3,0,0,blueberry_full_control
1322,2,blueberry,180.0,-3,0,0,time
1323,1,raspberry,132.5,3,0,0,raspberry_full_control
1323,2,blueberry,180.0,-3,0,0,time
1323,3,blueberry,159.0,-3,0,0,blueberry_full_control
1324,1,blueberry,151.0,-3,0,0,blueberry_full_control
1324,2,blueberry,180.0,-3,0,0,time
1325,1,raspberry,180.0,3,0,0,time
1325,2,raspberry,180.0,2,0,0,time
1326,1,blueberry,166.0,-3,0,0,blueberry_full_control
1326,2,raspberry,180.0,0,0,0,time
1326,3,blueberry,165.5,-3,0,0,blueberry_full_control
1327,1,raspberry,180.0,2,0,1,time
1327,2,raspberry,180.0,3,0,1,time
1328,1,blueberry,180.0,0,0,0,time
1328,2,raspberry,180.0,1,0,0,time
1328,3,raspberry,180.0,0,0,0,time
1329,1,raspberry,180.0,0,0,0,time
1329,2,blueberry,164.0,-3,0,0,blueberry_full_control
1329,3,blueberry,163.5,-3,0,0,blueberry_full_control
1330,1,raspberry,180.0,2,0,0,time
1330,2,blueberry,180.0,-1,0,0,time
1330,3,blueberry,180.0,-3,0,0,time
1331,1,blueberry,153.5,-3,0,0,blueberry_full_control
1331,2,blueberry,146.0,-3,0,0,blueberry_full_control
1332,1,raspberry,156.5,3,0,0,raspberry_full_control
1332,2,blueberry,180.0,-2,0,0,time
1332,3,blueberry,180.0,-1,0,0,time
1333,1,raspberry,180.0,3,1,0,time
1333,2,raspberry,171.0,3,1,1,raspberry_full_control
1334,1,blueberry,168.0,-3,0,0,blueberry_full_control
1334,2,raspberry,180.0,3,0,0,time
1334,3,raspberry,180.0,3,0,0,time
1335,1,raspberry,180.0,1,1,0,time
1335,2,raspberry,180.0,3,1,0,time
1336,1,blueberry,180.0,-1,1,0,time
1336,2,raspberry,180.0,2,1,0,time
1336,3,raspberry,180.0,2,1,0,time
1337,1,raspberry,180.0,2,0,0,time
1337,2,raspberry,180.0,3,0,0,time
1338,1,blueberry,146.5,-3,0,0,blueberry_full_control
1338,2,blueberry,176.0,-3,0,0,blueberry_full_control
1339,1,blueberry,175.0,-3,0,0,blueberry_full_control
1339,2,blueberry,180.0,-3,0,0,time
1340,1,raspberry,145.5,3,0,0,raspberry_full_control
1340,2,blueberry,180.0,-2,0,0,time
1340,3,raspberry,148.0,3,0,0,raspberry_full_control
1341,1,raspberry,135.0,2,0,0,raspberry_full_control
1341,2,raspberry,146.5,3,0,0,raspberry_full_control
1342,1,blueberry,180.0,-2,0,0,time
1342,2,raspberry,180.0,1,0,0,time
1342,3,blueberry,134.5,-1,0,0,raspberry_full_control
1343,1,blueberry,146.0,-3,0,0,blueberry_full_control
1343,2,blueberry,158.0,-3,0,0,blueberry_full_control
1344,1,blueberry,180.0,-3,0,1,time
1344,2,raspberry,180.0,0,0,1,time
1344,3,blueberry,180.0,-1,0,1,time
1345,1,blueberry,180.0,-3,0,1,time
1345,2,blueberry,180.0,-3,0,2,time
1346,1,blueberry,151.5,-3,0,0,blueberry_full_control
1346,2,raspberry,153.0,3,0,0,raspberry_full_control
1346,3,raspberry,180.0,1,0,0,time
1347,1,blueberry,180.0,-3,0,0,time
1347,2,blueberry,180.0,-3,0,0,time
1348,1,blueberry,166.0,-3,0,0,blueberry_full_control
1348,2,blueberry,180.0,-3,0,0,time
1349,1,raspberry,150.5,3,0,0,raspberry_full_control
1349,2,blueberry,175.0,-3,0,0,blueberry_full_control
1349,3,raspberry,180.0,3,0,0,time
1350,1,blueberry,144.0,-3,0,0,blueberry_full_control
1350,2,raspberry,160.5,3,0,0,raspberry_full_control
1350,3,blueberry,167.5,-3,0,0,blueberry_full_control
1351,1,raspberry,153.5,3,0,0,raspberry_full_control
1351,2,raspberry,153.5,3,0,0,raspberry_full_control
1352,1,blueberry,132.0,-3,0,0,blueberry_full_control
1352,2,raspberry,135.5,3,0,0,raspberry_full_control
1352,3,blueberry,131.5,-3,0,0,blueberry_full_control
1353,1,raspberry,134.0,3,0,0,raspberry_full_control
1353,2,blueberry,176.0,-3,0,0,blueberry_full_control
1353,3,blueberry,172.5,-3,0,0,blueberry_full_control
1354,1,blueberry,180.0,-2,0,0,time
1354,2,blueberry,155.0,-3,0,0,blueberry_full_control
1355,1,blueberry,180.0,-3,0,0,time
1355,2,raspberry,158.5,3,0,0,raspberry_full_control
1355,3,raspberry,180.0,3,0,0,time
1356,1,blueberry,153.0,-3,0,0,blueberry_full_control
1356,2,blueberry,157.0,-3,0,0,blueberry_full_control
1357,1,raspberry,180.0,3,0,0,time
1357,2,raspberry,180.0,3,0,0,time
1358,1,blueberry,163.5,-3,0,0,blueberry_full_control
1358,2,raspberry,180.0,1,0,0,time
1358,3,blueberry,180.0,-3,0,0,time
1359,1,raspberry,180.0,3,0,0,time
1359,2,raspberry,180.0,3,0,0,time
1360,1,raspberry,180.0,2,0,0,time
1360,2,raspberry,174.5,3,0,0,raspberry_full_control
1361,1,blueberry,167.0,-3,0,0,blueberry_full_control
1361,2,blueberry,180.0,-3,0,0,time
1362,1,raspberry,180.0,2,0,0,time
1362,2,raspberry,143.0,3,0,0,raspberry_full_control
1363,1,raspberry,180.0,3,1,0,time
1363,2,raspberry,180.0,2,1,0,time
1364,1,blueberry,144.5,-3,0,0,blueberry_full_control
1364,2,blueberry,180.0,-3,0,0,time
1365,1,blueberry,180.0,-2,0,0,time
1365,2,blueberry,180.0,-2,0,0,time
1366,1,blueberry,180.0,-3,0,0,time
1366,2,blueberry,171.5,-3,0,0,blueberry_full_control
1367,1,blueberry,164.5,-3,0,0,blueberry_full_control
1367,2,blueberry,180.0,-2,0,0,time
1368,1,blueberry,113.5,-1,0,0,raspberry_full_control
1368,2,blueberry,113.5,-1,0,0,raspberry_full_control
1369,1,raspberry,161.5,3,0,0,raspberry_full_control
1369,2,raspberry,180.0,3,0,0,time
1370,1,blueberry,101.0,-1,0,0,raspberry_full_control
1370,2,blueberry,180.0,-1,0,0,time
1371,1,raspberry,180.0,1,0,0,time
1371,2,blueberry,180.0,-2,0,0,time
1371,3,blueberry,158.0,-3,0,0,blueberry_full_control
1372,1,raspberry,180.0,3,0,0,time
1372,2,raspberry,180.0,2,0,0,time
1373,1,blueberry,180.0,-3,0,0,time
1373,2,raspberry,180.0,3,0,0,time
1373,3,blueberry,180.0,-2,0,0,time
1374,1,blueberry,169.0,-3,0,0,blueberry_full_control
1374,2,raspberry,180.0,1,0,0,time
1374,3,raspberry,180.0,1,0,0,time
1375,1,blueberry,170.0,-3,0,1,blueberry_full_control
1375,2,raspberry,180.0,1,0,1,time
1375,3,raspberry,180.0,1,0,1,time
1376,1,raspberry,180.0,1,1,0,time
1376,2,raspberry,180.0,3,1,0,time
1377,1,raspberry,180.0,2,0,0,time
1377,2,raspberry,180.0,2,0,1,time
1378,1,raspberry,141.5,3,0,0,raspberry_full_control
1378,2,blueberry,180.0,-1,0,0,time
1378,3,blueberry,180.0,-2,0,0,time
1379,1,blueberry,165.5,-3,0,0,blueberry_full_control
1379,2,blueberry,160.0,-3,0,0,blueberry_full_control
1380,1,raspberry,157.0,3,0,0,raspberry_full_control
1380,2,raspberry,180.0,0,0,0,time
1381,1,blueberry,178.0,-3,0,0,blueberry_full_control
1381,2,blueberry,164.0,-3,0,0,blueberry_full_control
1382,1,blueberry,158.0,-3,0,0,blueberry_full_control
1382,2,blueberry,147.5,-3,0,0,blueberry_full_control
1383,1,blueberry,168.5,-3,0,0,blueberry_full_control
1383,2,blueberry,152.0,-3,0,0,blueberry_full_control
1384,1,blueberry,180.0,-2,0,0,time
1384,2,blueberry,180.0,-3,0,0,time
1385,1,blueberry,113.0,-1,0,0,raspberry_full_control
1385,2,raspberry,135.0,3,0,0,raspberry_full_control
1385,3,blueberry,180.0,-3,0,0,time
1386,1,blueberry,146.5,-3,0,0,blueberry_full_control
1386,2,blueberry,147.0,-3,0,0,blueberry_full_control
1387,1,raspberry,166.0,3,0,0,raspberry_full_control
1387,2,blueberry,180.0,-2,0,0,time
1387,3,blueberry,180.0,-3,0,0,time
1388,1,blueberry,152.5,-3,0,0,blueberry_full_control
1388,2,blueberry,173.5,-3,0,0,blueberry_full_control
1389,1,blueberry,180.0,-1,0,0,time
1389,2,blueberry,180.0,-1,0,0,time
1390,1,blueberry,175.5,-3,0,0,blueberry_full_control
1390,2,raspberry,140.5,3,0,0,raspberry_full_control
1390,3,blueberry,180.0,-3,0,0,time
1391,1,blueberry,156.0,-3,0,0,blueberry_full_control
1391,2,blueberry,168.5,-3,0,0,blueberry_full_control
1392,1,blueberry,127.0,-3,0,0,blueberry_full_control
1392,2,blueberry,125.5,-3,0,0,blueberry_full_control
1393,1,blueberry,180.0,-2,0,0,time
1393,2,raspberry,180.0,0,0,0,time
1393,3,blueberry,156.0,-3,0,0,blueberry_full_control
1394,1,blueberry,180.0,-2,0,0,time
1394,2,raspberry,176.0,3,0,0,raspberry_full_control
1394,3,blueberry,180.0,-2,0,0,time
1395,1,blueberry,180.0,-3,0,0,time
1395,2,blueberry,166.0,-3,0,0,blueberry_full_control
1396,1,blueberry,160.5,-3,0,0,blueberry_full_control
1396,2,raspberry,180.0,1,0,0,time
1396,3,blueberry,145.0,-3,0,0,blueberry_full_control
1397,1,blueberry,153.0,-3,0,0,blueberry_full_control
1397,2,blueberry,154.0,-3,0,0,blueberry_full_control
1398,1,raspberry,180.0,0,0,1,time
1398,2,blueberry,180.0,0,0,1,time
1398,3,blueberry,180.0,-3,0,2,time
1399,1,raspberry,151.0,3,0,0,raspberry_full_control
1399,2,raspberry,152.5,3,0,0,raspberry_full_control
1400,1,raspberry,135.0,3,0,0,raspberry_full_control
1400,2,raspberry,164.5,3,0,0,raspberry_full_control
1401,1,raspberry,163.5,3,0,0,raspberry_full_control
1401,2,blueberry,180.0,-2,0,0,time
1401,3,blueberry,179.0,-3,0,0,blueberry_full_control
1402,1,raspberry,147.0,3,0,0,raspberry_full_control
1402,2,raspberry,180.0,2,0,0,time
1403,1,raspberry,167.5,3,0,0,raspberry_full_control
1403,2,raspberry,159.5,3,0,0,raspberry_full_control
1404,1,raspberry,180.0,3,0,0,time
1404,2,blueberry,154.5,-3,0,0,blueberry_full_control
1404,3,blueberry,180.0,0,0,0,time
1405,1,blueberry,180.0,-3,0,0,time
1405,2,blueberry,180.0,-3,0,0,time
1406,1,blueberry,113.5,-1,0,0,raspberry_full_control
1406,2,raspberry,154.0,3,0,0,raspberry_full_control
1406,3,raspberry,180.0,1,0,0,time
1407,1,blueberry,128.5,-3,0,0,blueberry_full_control
1407,2,blueberry,135.5,-3,0,0,blueberry_full_control
1408,1,blueberry,150.5,-3,0,0,blueberry_full_control
1408,2,blueberry,163.5,-3,0,0,blueberry_full_control
1409,1,blueberry,146.5,-3,0,0,blueberry_full_control
1409,2,raspberry,165.0,3,0,0,raspberry_full_control
1409,3,raspberry,180.0,0,0,0,time
1410,1,blueberry,180.0,-2,0,0,time
1410,2,raspberry,145.5,3,0,0,raspberry_full_control
1410,3,raspberry,145.5,3,0,0,raspberry_full_control
1411,1,raspberry,146.5,3,0,0,raspberry_full_control
1411,2,raspberry,180.0,3,0,0,time
1412,1,blueberry,160.0,-3,0,0,blueberry_full_control
1412,2,blueberry,180.0,-2,0,0,time
1413,1,raspberry,160.0,3,0,0,raspberry_full_control
1413,2,raspberry,180.0,3,0,0,time
1414,1,raspberry,180.0,3,0,0,time
1414,2,blueberry,180.0,-2,0,0,time
1414,3,raspberry,180.0,2,0,0,time
1415,1,raspberry,180.0,3,0,0,time
1415,2,blueberry,180.0,-2,0,0,time
1415,3,raspberry,180.0,1,0,0,time
1416,1,blueberry,172.5,-3,0,0,blueberry_full_control
1416,2,raspberry,180.0,2,0,0,time
1416,3,blueberry,146.5,-3,0,0,blueberry_full_control
1417,1,raspberry,180.0,1,0,0,time
1417,2,blueberry,135.5,-3,0,0,blueberry_full_control
1417,3,blueberry,140.5,-3,0,0,blueberry_full_control
1418,1,blueberry,172.5,-3,0,0,blueberry_full_control
1418,2,blueberry,180.0,-2,0,0,time
1419,1,raspberry,136.0,3,0,1,raspberry_full_control
1419,2,blueberry,143.0,-3,0,2,blueberry_full_control
1419,3,blueberry,133.5,-3,0,2,blueberry_full_control
1420,1,raspberry,180.0,3,0,0,time
1420,2,raspberry,180.0,3,0,0,time
1421,1,blueberry,143.5,-3,0,0,blueberry_full_control
1421,2,blueberry,156.0,-3,0,0,blueberry_full_control
1422,1,blueberry,141.0,-3,0,0,blueberry_full_control
1422,2,blueberry,166.0,-3,0,0,blueberry_full_control
1423,1,blueberry,133.5,-3,0,0,blueberry_full_control
1423,2,blueberry,130.5,-3,0,0,blueberry_full_control
1424,1,blueberry,157.5,-3,0,0,blueberry_full_control
1424,2,blueberry,158.5,-3,0,0,blueberry_full_control
1425,1,blueberry,163.0,-3,0,0,blueberry_full_control
1425,2,blueberry,154.5,-3,0,0,blueberry_full_control
1426,1,blueberry,149.5,-3,0,0,blueberry_full_control
1426,2,blueberry,156.5,-3,0,0,blueberry_full_control
1427,1,blueberry,149.0,-3,0,0,blueberry_full_control
1427,2,blueberry,134.5,-3,0,0,blueberry_full_control
1428,1,blueberry,152.5,-3,0,0,blueberry_full_control
1428,2,blueberry,148.0,-3,0,0,blueberry_full_control
1429,1,blueberry,159.5,-3,0,0,blueberry_full_control
1429,2,blueberry,158.0,-3,0,0,blueberry_full_control
1430,1,blueberry,147.5,-3,0,0,blueberry_full_control
1430,2,blueberry,141.5,-3,0,0,blueberry_full_control
1431,1,blueberry,143.5,-3,0,0,blueberry_full_control
1431,2,blueberry,142.5,-3,0,0,blueberry_full_control
1432,1,blueberry,136.5,-3,0,0,blueberry_full_control
1432,2,blueberry,139.5,-3,0,0,blueberry_full_control
1433,1,raspberry,142.0,3,0,0,raspberry_full_control
1433,2,raspberry,155.5,3,0,0,raspberry_full_control
1434,1,blueberry,176.5,-3,0,0,blueberry_full_control
1434,2,raspberry,180.0,2,0,0,time
1434,3,blueberry,180.0,-1,0,0,time
1435,1,blueberry,134.5,-3,0,0,blueberry_full_control
1435,2,blueberry,132.0,-3,0,0,blueberry_full_control
1436,1,blueberry,147.5,-3,0,0,blueberry_full_control
1436,2,blueberry,146.5,-3,0,0,blueberry_full_control
1437,1,blueberry,177.0,-3,0,0,blueberry_full_control
1437,2,blueberry,159.5,-3,0,0,blueberry_full_control
1438,1,blueberry,180.0,-3,0,0,time
1438,2,blueberry,165.5,-3,0,0,blueberry_full_control
1439,1,blueberry,161.5,-3,0,0,blueberry_full_control
1439,2,blueberry,173.5,-3,0,0,blueberry_full_control
1440,1,blueberry,151.5,-3,0,0,blueberry_full_control
1440,2,blueberry,180.0,-3,0,0,time
1441,1,raspberry,180.0,1,0,1,time
1441,2,blueberry,180.0,-3,0,1,time
1441,3,blueberry,176.0,-3,0,1,blueberry_full_control
1442,1,blueberry,180.0,-3,0,0,time
1442,2,blueberry,163.0,-3,0,0,blueberry_full_control
1443,1,blueberry,130.0,-3,0,0,blueberry_full_control
1443,2,blueberry,131.5,-3,0,0,blueberry_full_control
1444,1,blueberry,180.0,-2,0,0,time
1444,2,raspberry,166.5,3,0,0,raspberry_full_control
1444,3,blueberry,180.0,-3,0,0,time
1445,1,blueberry,158.5,-3,0,0,blueberry_full_control
1445,2,blueberry,158.5,-3,0,0,blueberry_full_control
1446,1,blueberry,140.5,-3,0,0,blueberry_full_control
1446,2,blueberry,180.0,-2,0,0,time
1447,1,blueberry,155.5,-3,0,0,blueberry_full_control
1447,2,raspberry,152.0,3,0,0,raspberry_full_control
1447,3,blueberry,129.5,-1,0,0,raspberry_full_control
1448,1,blueberry,130.0,-3,0,0,blueberry_full_control
1448,2,blueberry,147.5,-3,0,0,blueberry_full_control
1449,1,blueberry,132.5,-3,0,0,blueberry_full_control
1449,2,blueberry,135.0,-3,0,0,blueberry_full_control
1450,1,blueberry,180.0,-3,0,0,time
1450,2,raspberry,180.0,1,0,0,time
1450,3,blueberry,176.5,-3,0,0,blueberry_full_control
1451,1,blueberry,164.0,-3,1,1,blueberry_full_control
1451,2,raspberry,180.0,3,1,1,time
1451,3,raspberry,170.0,3,1,1,raspberry_full_control
1452,1,blueberry,168.5,-3,0,0,blueberry_full_control
1452,2,blueberry,180.0,-2,0,0,time
1453,1,blueberry,180.0,-2,0,0,time
1453,2,raspberry,180.0,2,0,1,time
1453,3,blueberry,123.0,-3,0,1,blueberry_full_control
1454,1,raspberry,156.0,3,0,0,raspberry_full_control
1454,2,blueberry,137.0,-3,1,0,blueberry_full_control
1454,3,raspberry,180.0,3,2,0,time
1455,1,blueberry,156.5,-3,0,0,blueberry_full_control
1455,2,blueberry,170.5,-3,0,0,blueberry_full_control
1456,1,blueberry,142.0,-3,0,0,blueberry_full_control
1456,2,blueberry,137.5,-3,0,0,blueberry_full_control
1457,1,blueberry,158.5,-3,0,0,blueberry_full_control
1457,2,blueberry,180.0,-2,0,0,time
1458,1,blueberry,144.5,-3,0,0,blueberry_full_control
1458,2,blueberry,146.5,-3,0,0,blueberry_full_control
1459,1,raspberry,152.5,3,0,0,raspberry_full_control
1459,2,blueberry,180.0,-3,0,0,time
1459,3,raspberry,152.5,3,0,0,raspberry_full_control
1460,1,raspberry,180.0,2,0,0,time
1460,2,raspberry,180.0,3,0,0,time
1461,1,raspberry,146.5,2,0,0,raspberry_full_control
1461,2,raspberry,153.0,3,0,0,raspberry_full_control
1462,1,blueberry,166.0,-3,0,0,blueberry_full_control
1462,2,blueberry,180.0,-3,0,0,time
1463,1,raspberry,151.5,3,0,0,raspberry_full_control
1463,2,blueberry,105.0,-1,0,0,raspberry_full_control
1463,3,blueberry,105.0,-1,0,0,raspberry_full_control
1464,1,blueberry,180.0,-3,0,0,time
1464,2,raspberry,165.0,3,0,0,raspberry_full_control
1464,3,raspberry,180.0,1,0,0,time
1465,1,raspberry,156.0,3,0,0,raspberry_full_control
1465,2,blueberry,171.0,-3,0,0,blueberry_full_control
1465,3,raspberry,144.0,3,0,0,raspberry_full_control
1466,1,raspberry,160.5,3,0,0,raspberry_full_control
1466,2,blueberry,180.0,-3,0,0,time
1466,3,blueberry,180.0,-3,0,0,time
1467,1,raspberry,180.0,3,0,0,time
1467,2,blueberry,154.5,-3,0,0,blueberry_full_control
1467,3,blueberry,159.5,-3,0,0,blueberry_full_control
1468,1,raspberry,156.5,3,0,0,raspberry_full_control
1468,2,blueberry,155.0,-3,0,0,blueberry_full_control
1468,3,blueberry,151.5,-3,0,0,blueberry_full_control
1469,1,blueberry,180.0,0,0,0,time
1469,2,raspberry,180.0,0,0,0,time
1469,3,blueberry,180.0,0,0,0,time
1470,1,blueberry,149.0,-3,0,0,blueberry_full_control
1470,2,blueberry,169.0,-3,0,0,blueberry_full_control
1471,1,blueberry,160.0,-3,0,0,blueberry_full_control
1471,2,blueberry,180.0,-3,0,0,time
1472,1,blueberry,112.0,-1,0,0,raspberry_full_control
1472,2,raspberry,110.0,0,0,0,raspberry_full_control
1472,3,raspberry,180.0,3,0,0,time
1473,1,blueberry,166.5,-3,0,0,blueberry_full_control
1473,2,blueberry,170.5,-3,0,0,blueberry_full_control
1474,1,raspberry,158.5,3,0,0,raspberry_full_control
1474,2,blueberry,180.0,-3,0,0,time
1474,3,blueberry,180.0,-3,0,0,time
1475,1,blueberry,180.0,-3,0,0,time
1475,2,blueberry,152.0,-3,0,0,blueberry_full_control
1476,1,blueberry,171.5,-3,0,0,blueberry_full_control
1476,2,blueberry,180.0,-2,0,0,time
1477,1,raspberry,141.5,3,0,0,raspberry_full_control
1477,2,raspberry,143.5,3,0,0,raspberry_full_control
1478,1,blueberry,180.0,-3,1,0,time
1478,2,raspberry,168.5,3,1,0,raspberry_full_control
1478,3,raspberry,180.0,3,1,0,time
1479,1,raspberry,131.5,3,0,0,raspberry_full_control
1479,2,blueberry,180.0,-1,0,0,time
1479,3,raspberry,137.0,3,0,0,raspberry_full_control
1480,1,raspberry,162.5,3,0,0,raspberry_full_control
1480,2,raspberry,180.0,3,0,0,time
1481,1,raspberry,180.0,3,0,0,time
1481,2,blueberry,180.0,-1,0,0,time
1481,3,blueberry,178.0,-3,0,0,blueberry_full_control
1482,1,raspberry,149.5,3,0,0,raspberry_full_control
1482,2,blueberry,180.0,-1,0,0,time
1482,3,raspberry,158.5,3,0,0,raspberry_full_control
1483,1,blueberry,149.5,-3,0,0,blueberry_full_control
1483,2,blueberry,180.0,-2,0,0,time
1484,1,blueberry,153.0,-3,0,0,blueberry_full_control
1484,2,blueberry,147.0,-3,0,0,blueberry_full_control
1485,1,blueberry,141.0,-3,0,0,blueberry_full_control
1485,2,blueberry,146.0,-3,0,0,blueberry_full_control
1486,1,blueberry,142.5,-3,0,0,blueberry_full_control
1486,2,blueberry,154.0,-3,0,0,blueberry_full_control
1487,1,blueberry,154.5,-3,0,0,blueberry_full_control
1487,2,blueberry,180.0,-3,0,0,time
1488,1,blueberry,152.0,-3,0,0,blueberry_full_control
1488,2,blueberry,150.5,-3,0,0,blueberry_full_control
1489,1,raspberry,132.5,2,0,0,raspberry_full_control
1489,2,raspberry,180.0,0,0,0,time
1490,1,raspberry,180.0,2,0,0,time
1490,2,raspberry,155.5,3,0,0,raspberry_full_control
1491,1,raspberry,176.5,3,0,0,raspberry_full_control
1491,2,blueberry,180.0,-3,0,0,time
1491,3,raspberry,169.0,3,0,0,raspberry_full_control
1492,1,raspberry,180.0,2,0,0,time
1492,2,blueberry,180.0,-2,0,0,time
1492,3,raspberry,180.0,2,0,0,time
1493,1,blueberry,180.0,-2,0,0,time
1493,2,blueberry,180.0,-3,0,0,time
1494,1,blueberry,180.0,-1,0,0,time
1494,2,blueberry,155.0,-3,0,0,blueberry_full_control
1495,1,raspberry,175.0,3,0,0,raspberry_full_control
1495,2,blueberry,99.5,-1,0,0,raspberry_full_control
1495,3,blueberry,180.0,0,0,0,time
1496,1,raspberry,180.0,1,0,0,time
1496,2,raspberry,180.0,0,0,0,time
1497,1,blueberry,180.0,-1,0,0,time
1497,2,blueberry,173.0,-3,0,0,blueberry_full_control
1498,1,blueberry,164.5,-3,0,0,blueberry_full_control
1498,2,blueberry,158.0,-3,0,0,blueberry_full_control
1499,1,raspberry,158.0,3,0,0,raspberry_full_control
1499,2,raspberry,165.5,3,0,0,raspberry_full_control
1500,1,blueberry,180.0,-3,0,0,time
1500,2,blueberry,180.0,-2,0,0,time
