match_id,round_no,winner,duration,final_control,raspberry_upgrades,blueberry_upgrades,reason
1,1,blueberry,180.0,-2,3,2,time
1,2,blueberry,177.5,-3,3,3,blueberry_full_control
2,1,raspberry,138.5,3,3,1,raspberry_full_control
2,2,blueberry,180.0,-2,4,3,time
2,3,raspberry,168.5,3,5,3,raspberry_full_control
3,1,raspberry,168.0,3,3,1,raspberry_full_control
3,2,raspberry,180.0,3,3,1,time
4,1,blueberry,170.0,-3,2,2,blueberry_full_control
4,2,raspberry,156.5,3,3,2,raspberry_full_control
4,3,raspberry,180.0,3,3,2,time
5,1,raspberry,180.0,3,2,1,time
5,2,raspberry,162.5,3,3,1,raspberry_full_control
6,1,raspberry,180.0,3,2,1,time
6,2,raspberry,173.0,3,2,1,raspberry_full_control
7,1,raspberry,180.0,3,2,1,time
7,2,raspberry,180.0,3,2,1,time
8,1,raspberry,180.0,1,3,1,time
8,2,raspberry,136.0,3,3,1,raspberry_full_control
9,1,blueberry,178.5,-3,1,1,blueberry_full_control
9,2,blueberry,155.0,-3,1,1,blueberry_full_control
10,1,raspberry,180.0,2,3,1,time
10,2,raspberry,134.5,3,4,1,raspberry_full_control
11,1,raspberry,180.0,2,1,1,time
11,2,raspberry,180.0,3,1,1,time
12,1,raspberry,180.0,2,1,1,time
12,2,raspberry,162.0,3,1,1,raspberry_full_control
13,1,raspberry,180.0,3,2,1,time
13,2,raspberry,126.5,3,3,1,raspberry_full_control
14,1,raspberry,180.0,3,2,1,time
14,2,raspberry,180.0,3,2,1,time
15,1,blueberry,176.0,-3,2,3,blueberry_full_control
15,2,blueberry,124.5,-3,2,4,blueberry_full_control
16,1,raspberry,180.0,3,2,1,time
16,2,raspberry,174.5,3,2,1,raspberry_full_control
17,1,blueberry,180.0,-1,2,1,time
17,2,raspberry,152.0,3,2,1,raspberry_full_control
17,3,raspberry,180.0,3,2,1,time
18,1,blueberry,180.0,-3,2,3,time
18,2,raspberry,180.0,1,3,3,time
18,3,raspberry,180.0,3,3,3,time
19,1,raspberry,180.0,3,2,1,time
19,2,raspberry,123.0,3,3,1,raspberry_full_control
20,1,raspberry,180.0,2,1,1,time
20,2,blueberry,115.0,-3,1,1,blueberry_full_control
20,3,blueberry,134.5,-3,1,1,blueberry_full_control
21,1,blueberry,150.0,-3,1,1,blueberry_full_control
21,2,blueberry,121.0,-3,1,1,blueberry_full_control
22,1,raspberry,180.0,1,2,1,time
22,2,blueberry,180.0,-2,2,1,time
22,3,raspberry,180.0,3,2,1,time
23,1,raspberry,173.5,3,1,1,raspberry_full_control
23,2,raspberry,180.0,3,1,1,time
24,1,raspberry,180.0,2,2,2,time
24,2,raspberry,154.0,3,2,2,raspberry_full_control
25,1,raspberry,180.0,0,2,1,time
25,2,blueberry,156.0,-3,2,2,blueberry_full_control
25,3,blueberry,180.0,-2,2,2,time
26,1,blueberry,180.0,-3,1,3,time
26,2,blueberry,180.0,-3,3,4,time
27,1,blueberry,180.0,-2,1,1,time
27,2,raspberry,180.0,3,1,1,time
27,3,raspberry,180.0,2,1,1,time
28,1,raspberry,180.0,2,1,1,time
28,2,blueberry,160.5,-3,1,1,blueberry_full_control
28,3,blueberry,153.5,-3,1,2,blueberry_full_control
29,1,raspberry,180.0,3,2,1,time
29,2,raspberry,180.0,3,4,1,time
30,1,raspberry,180.0,3,1,1,time
30,2,blueberry,180.0,-1,2,1,time
30,3,raspberry,161.0,3,2,1,raspberry_full_control
31,1,blueberry,180.0,-3,1,1,time
31,2,raspberry,180.0,2,3,1,time
31,3,raspberry,142.0,3,3,1,raspberry_full_control
32,1,raspberry,180.0,0,2,1,time
32,2,raspberry,180.0,3,2,1,time
33,1,raspberry,180.0,2,1,1,time
33,2,blueberry,149.5,-3,1,2,blueberry_full_control
33,3,blueberry,153.5,-3,1,2,blueberry_full_control
34,1,blueberry,153.0,-3,1,1,blueberry_full_control
34,2,raspberry,180.0,2,1,1,time
34,3,blueberry,153.0,-3,1,1,blueberry_full_control
35,1,raspberry,180.0,2,1,1,time
35,2,raspberry,180.0,2,1,1,time
36,1,blueberry,153.0,-3,1,1,blueberry_full_control
36,2,raspberry,180.0,1,1,1,time
36,3,blueberry,150.0,-3,1,1,blueberry_full_control
37,1,raspberry,180.0,2,2,2,time
37,2,blueberry,172.5,-3,2,2,blueberry_full_control
37,3,raspberry,180.0,0,2,3,time
38,1,blueberry,180.0,-3,1,1,time
38,2,raspberry,173.0,3,1,1,raspberry_full_control
38,3,raspberry,180.0,1,2,1,time
39,1,raspberry,180.0,2,2,1,time
39,2,raspberry,180.0,3,2,1,time
40,1,raspberry,180.0,2,1,1,time
40,2,raspberry,180.0,2,1,1,time
41,1,raspberry,180.0,2,1,1,time
41,2,raspberry,180.0,2,1,1,time
42,1,raspberry,180.0,1,2,1,time
42,2,raspberry,165.5,3,2,1,raspberry_full_control
43,1,raspberry,180.0,3,1,1,time
43,2,blueberry,145.5,-3,1,1,blueberry_full_control
43,3,blueberry,130.0,-3,1,2,blueberry_full_control
44,1,blueberry,157.5,-3,1,1,blueberry_full_control
44,2,raspberry,180.0,3,1,1,time
44,3,blueberry,152.5,-3,1,1,blueberry_full_control
45,1,raspberry,180.0,2,1,1,time
45,2,raspberry,180.0,3,1,1,time
46,1,raspberry,180.0,2,1,1,time
46,2,raspberry,180.0,2,1,1,time
47,1,blueberry,180.0,-2,1,2,time
47,2,blueberry,180.0,-2,2,2,time
48,1,blueberry,163.5,-3,1,1,blueberry_full_control
48,2,raspberry,180.0,3,1,1,time
48,3,blueberry,180.0,-3,1,1,time
49,1,raspberry,180.0,1,1,1,time
49,2,raspberry,180.0,2,1,1,time
50,1,blueberry,180.0,-3,1,1,time
50,2,raspberry,180.0,0,1,2,time
50,3,blueberry,180.0,-1,2,3,time
51,1,raspberry,180.0,3,1,1,time
51,2,raspberry,180.0,1,1,1,time
52,1,raspberry,180.0,3,1,1,time
52,2,blueberry,123.5,-3,1,1,blueberry_full_control
52,3,blueberry,180.0,-2,1,1,time
53,1,raspberry,180.0,1,1,1,time
53,2,raspberry,180.0,3,1,1,time
54,1,blueberry,138.0,-1,1,1,raspberry_full_control
54,2,raspberry,180.0,2,1,2,time
54,3,raspberry,141.5,3,2,2,raspberry_full_control
55,1,raspberry,180.0,3,1,1,time
55,2,blueberry,180.0,-3,1,1,time
55,3,blueberry,153.0,-3,1,1,blueberry_full_control
56,1,raspberry,180.0,1,1,2,time
56,2,raspberry,180.0,2,2,3,time
57,1,raspberry,180.0,1,1,1,time
57,2,blueberry,154.5,-3,1,1,blueberry_full_control
57,3,raspberry,180.0,2,2,1,time
58,1,blueberry,180.0,-3,1,1,time
58,2,blueberry,180.0,-2,1,1,time
59,1,blueberry,173.0,-3,1,1,blueberry_full_control
59,2,raspberry,180.0,2,1,2,time
59,3,blueberry,162.0,-3,1,2,blueberry_full_control
60,1,raspberry,180.0,3,1,1,time
60,2,blueberry,172.5,-3,1,1,blueberry_full_control
60,3,raspberry,180.0,3,1,1,time
61,1,blueberry,180.0,-3,1,1,time
61,2,blueberry,163.5,-3,1,1,blueberry_full_control
62,1,raspberry,180.0,0,2,1,time
62,2,blueberry,180.0,-3,2,1,time
62,3,raspberry,180.0,3,2,1,time
63,1,blueberry,180.0,-3,1,1,time
63,2,raspberry,180.0,1,2,2,time
63,3,raspberry,180.0,0,3,2,time
64,1,raspberry,180.0,2,1,1,time
64,2,blueberry,180.0,-1,2,1,time
64,3,raspberry,180.0,3,2,1,time
65,1,blueberry,180.0,-1,2,2,time
65,2,raspberry,180.0,3,2,2,time
65,3,raspberry,180.0,2,2,2,time
66,1,blueberry,180.0,0,2,2,time
66,2,raspberry,180.0,1,2,2,time
66,3,raspberry,180.0,2,2,3,time
67,1,blueberry,155.0,-3,1,1,blueberry_full_control
67,2,raspberry,175.0,3,1,1,raspberry_full_control
67,3,raspberry,172.0,3,1,1,raspberry_full_control
68,1,raspberry,180.0,3,1,1,time
68,2,blueberry,148.5,-3,1,1,blueberry_full_control
68,3,raspberry,180.0,3,1,1,time
69,1,blueberry,180.0,-1,1,2,time
69,2,raspberry,180.0,3,2,2,time
69,3,raspberry,176.0,2,2,2,raspberry_full_control
70,1,raspberry,180.0,1,1,1,time
70,2,raspberry,180.0,3,1,1,time
71,1,raspberry,180.0,2,1,1,time
71,2,blueberry,135.5,-3,1,1,blueberry_full_control
71,3,raspberry,180.0,1,1,1,time
72,1,blueberry,180.0,-2,1,1,time
72,2,raspberry,180.0,2,2,1,time
72,3,raspberry,157.0,3,3,1,raspberry_full_control
73,1,raspberry,180.0,2,1,1,time
73,2,raspberry,180.0,3,1,1,time
74,1,blueberry,164.0,-3,1,1,blueberry_full_control
74,2,raspberry,180.0,2,1,1,time
74,3,blueberry,175.5,-3,1,3,blueberry_full_control
75,1,raspberry,180.0,3,1,1,time
75,2,raspberry,180.0,2,1,1,time
76,1,blueberry,180.0,-3,1,1,time
76,2,blueberry,141.0,-3,1,2,blueberry_full_control
77,1,blueberry,180.0,-2,1,1,time
77,2,raspberry,180.0,2,1,1,time
77,3,raspberry,180.0,2,1,1,time
78,1,blueberry,142.5,-3,1,1,blueberry_full_control
78,2,blueberry,180.0,-2,1,1,time
79,1,blueberry,180.0,-1,1,1,time
79,2,raspberry,180.0,2,1,1,time
79,3,raspberry,180.0,0,1,1,time
80,1,raspberry,180.0,1,1,1,time
80,2,blueberry,180.0,0,2,1,time
80,3,raspberry,180.0,3,2,1,time
81,1,blueberry,180.0,-3,1,1,time
81,2,raspberry,180.0,0,2,2,time
81,3,blueberry,176.0,-3,2,2,blueberry_full_control
82,1,blueberry,169.0,-3,1,1,blueberry_full_control
82,2,raspberry,180.0,0,1,1,time
82,3,blueberry,180.0,-1,1,1,time
83,1,raspberry,180.0,3,2,2,time
83,2,blueberry,150.5,-3,2,2,blueberry_full_control
83,3,blueberry,152.5,-3,2,2,blueberry_full_control
84,1,raspberry,180.0,2,1,2,time
84,2,blueberry,158.5,-3,1,2,blueberry_full_control
84,3,blueberry,180.0,-2,1,2,time
85,1,blueberry,180.0,-1,1,1,time
85,2,raspberry,180.0,2,1,1,time
85,3,blueberry,180.0,-1,2,1,time
86,1,blueberry,180.0,-3,1,1,time
86,2,raspberry,176.0,3,1,1,raspberry_full_control
86,3,blueberry,154.0,-3,1,1,blueberry_full_control
87,1,raspberry,180.0,2,1,1,time
87,2,raspberry,180.0,2,2,2,time
88,1,blueberry,180.0,0,2,1,time
88,2,blueberry,180.0,-3,2,1,time
89,1,raspberry,180.0,1,1,2,time
89,2,raspberry,180.0,2,2,3,time
90,1,raspberry,180.0,1,1,1,time
90,2,raspberry,180.0,3,1,2,time
91,1,raspberry,180.0,3,1,1,time
91,2,raspberry,180.0,2,1,1,time
92,1,raspberry,180.0,1,1,1,time
92,2,blueberry,175.5,-3,1,1,blueberry_full_control
92,3,raspberry,180.0,3,1,1,time
93,1,raspberry,180.0,2,1,1,time
93,2,raspberry,180.0,1,1,1,time
94,1,blueberry,180.0,-2,1,1,time
94,2,raspberry,180.0,3,2,1,time
94,3,blueberry,144.5,-3,2,2,blueberry_full_control
95,1,raspberry,180.0,0,1,1,time
95,2,raspberry,180.0,3,1,1,time
96,1,blueberry,180.0,-3,1,1,time
96,2,raspberry,180.0,2,1,1,time
96,3,blueberry,133.5,-3,1,1,blueberry_full_control
97,1,raspberry,180.0,1,1,1,time
97,2,raspberry,180.0,3,1,1,time
98,1,blueberry,172.5,-3,1,2,blueberry_full_control
98,2,raspberry,180.0,3,1,2,time
98,3,blueberry,159.0,-3,1,2,blueberry_full_control
99,1,raspberry,180.0,0,1,2,time
99,2,blueberry,180.0,-2,1,2,time
99,3,blueberry,133.0,-3,1,2,blueberry_full_control
100,1,raspberry,180.0,0,2,1,time
100,2,blueberry,180.0,-3,2,1,time
100,3,raspberry,180.0,3,2,1,time
101,1,raspberry,180.0,1,1,1,time
101,2,raspberry,180.0,2,1,1,time
102,1,raspberry,180.0,1,1,1,time
102,2,raspberry,180.0,2,1,1,time
103,1,blueberry,180.0,0,1,1,time
103,2,raspberry,180.0,2,1,1,time
103,3,raspberry,179.5,3,1,1,raspberry_full_control
104,1,blueberry,180.0,-3,1,1,time
104,2,raspberry,180.0,0,1,1,time
104,3,blueberry,163.5,-3,1,1,blueberry_full_control
105,1,raspberry,180.0,1,1,1,time
105,2,raspberry,180.0,2,1,1,time
106,1,blueberry,146.5,-3,1,1,blueberry_full_control
106,2,blueberry,126.5,-3,1,1,blueberry_full_control
107,1,blueberry,180.0,-3,1,1,time
107,2,blueberry,133.5,-3,1,1,blueberry_full_control
108,1,raspberry,180.0,0,1,1,time
108,2,raspberry,180.0,3,2,1,time
109,1,blueberry,180.0,-1,1,1,time
109,2,blueberry,123.0,-3,1,1,blueberry_full_control
110,1,blueberry,162.5,-3,1,1,blueberry_full_control
110,2,blueberry,180.0,0,1,1,time
111,1,raspberry,180.0,2,1,2,time
111,2,blueberry,180.0,-3,1,2,time
111,3,blueberry,174.0,-3,1,2,blueberry_full_control
112,1,raspberry,180.0,2,1,1,time
112,2,blueberry,172.5,-3,1,1,blueberry_full_control
112,3,raspberry,180.0,3,1,1,time
113,1,blueberry,180.0,-2,1,1,time
113,2,blueberry,156.5,-3,1,1,blueberry_full_control
114,1,raspberry,180.0,3,1,1,time
114,2,blueberry,174.5,-3,1,1,blueberry_full_control
114,3,raspberry,173.0,3,1,1,raspberry_full_control
115,1,blueberry,180.0,-2,1,1,time
115,2,raspberry,165.5,3,1,1,raspberry_full_control
115,3,raspberry,180.0,3,1,2,time
116,1,blueberry,151.5,-3,1,1,blueberry_full_control
116,2,raspberry,180.0,1,1,1,time
116,3,raspberry,180.0,2,1,1,time
117,1,raspberry,180.0,2,1,2,time
117,2,raspberry,159.5,3,1,2,raspberry_full_control
118,1,raspberry,180.0,3,1,1,time
118,2,raspberry,180.0,2,1,1,time
119,1,blueberry,180.0,-3,1,2,time
119,2,raspberry,180.0,2,2,2,time
119,3,blueberry,144.0,-3,2,2,blueberry_full_control
120,1,raspberry,180.0,1,1,1,time
120,2,blueberry,180.0,-2,1,1,time
120,3,blueberry,180.0,-2,1,1,time
121,1,raspberry,180.0,2,1,1,time
121,2,blueberry,180.0,-3,1,2,time
121,3,raspberry,180.0,2,1,2,time
122,1,blueberry,180.0,-3,1,1,time
122,2,raspberry,180.0,3,1,1,time
122,3,raspberry,156.5,3,1,1,raspberry_full_control
123,1,raspberry,180.0,3,1,1,time
123,2,blueberry,180.0,-2,1,1,time
123,3,raspberry,180.0,2,1,1,time
124,1,raspberry,180.0,3,1,1,time
124,2,raspberry,177.0,3,1,1,raspberry_full_control
125,1,raspberry,180.0,2,1,1,time
125,2,blueberry,163.0,-3,1,2,blueberry_full_control
125,3,raspberry,180.0,2,1,2,time
126,1,blueberry,180.0,-3,1,1,time
126,2,blueberry,154.5,-3,1,1,blueberry_full_control
127,1,blueberry,180.0,-3,1,1,time
127,2,raspberry,177.5,3,1,1,raspberry_full_control
127,3,blueberry,172.5,-3,1,1,blueberry_full_control
128,1,raspberry,180.0,3,1,2,time
128,2,raspberry,180.0,1,1,2,time
129,1,raspberry,180.0,3,2,1,time
129,2,raspberry,180.0,3,2,2,time
130,1,blueberry,142.5,-3,1,1,blueberry_full_control
130,2,raspberry,180.0,2,1,2,time
130,3,raspberry,180.0,1,2,2,time
131,1,raspberry,180.0,2,1,1,time
131,2,blueberry,154.5,-3,1,1,blueberry_full_control
131,3,blueberry,180.0,-1,1,1,time
132,1,raspberry,180.0,1,1,1,time
132,2,blueberry,180.0,-3,1,1,time
132,3,raspberry,180.0,1,1,2,time
133,1,blueberry,175.0,-3,1,1,blueberry_full_control
133,2,blueberry,163.5,-3,1,1,blueberry_full_control
134,1,raspberry,180.0,0,1,2,time
134,2,blueberry,180.0,-2,1,2,time
134,3,blueberry,180.0,-3,1,2,time
135,1,raspberry,180.0,3,1,1,time
135,2,raspberry,180.0,3,1,1,time
136,1,raspberry,180.0,1,1,1,time
136,2,blueberry,180.0,0,1,1,time
136,3,raspberry,180.0,2,1,1,time
137,1,raspberry,180.0,2,1,1,time
137,2,raspberry,180.0,2,1,1,time
138,1,raspberry,180.0,3,1,1,time
138,2,blueberry,180.0,-3,1,1,time
138,3,blueberry,167.0,-3,1,1,blueberry_full_control
139,1,blueberry,180.0,-2,1,1,time
139,2,raspberry,180.0,3,1,1,time
139,3,blueberry,180.0,-3,1,1,time
140,1,blueberry,180.0,-3,1,1,time
140,2,raspberry,108.0,1,1,2,raspberry_full_control
140,3,blueberry,137.0,-3,1,2,blueberry_full_control
141,1,raspberry,180.0,1,1,1,time
141,2,blueberry,180.0,-3,1,2,time
141,3,blueberry,128.5,-3,1,2,blueberry_full_control
142,1,blueberry,180.0,-2,1,1,time
142,2,raspberry,180.0,0,1,1,time
142,3,raspberry,180.0,0,1,1,time
143,1,blueberry,180.0,-3,1,1,time
143,2,raspberry,180.0,2,2,1,time
143,3,raspberry,180.0,2,2,1,time
144,1,raspberry,180.0,2,1,1,time
144,2,raspberry,179.0,3,1,1,raspberry_full_control
145,1,blueberry,170.0,-3,1,1,blueberry_full_control
145,2,raspberry,172.5,3,1,1,raspberry_full_control
145,3,raspberry,180.0,2,1,1,time
146,1,blueberry,180.0,0,1,2,time
146,2,raspberry,180.0,2,1,2,time
146,3,raspberry,180.0,1,1,2,time
147,1,blueberry,180.0,-3,1,3,time
147,2,blueberry,125.5,-3,1,3,blueberry_full_control
148,1,raspberry,180.0,1,1,1,time
148,2,raspberry,180.0,1,1,1,time
149,1,blueberry,174.0,-3,1,1,blueberry_full_control
149,2,blueberry,180.0,-1,1,2,time
150,1,raspberry,180.0,3,1,1,time
150,2,raspberry,180.0,3,1,1,time
151,1,blueberry,180.0,-2,1,2,time
151,2,blueberry,124.5,-3,1,2,blueberry_full_control
152,1,raspberry,180.0,2,1,1,time
152,2,raspberry,180.0,2,1,1,time
153,1,blueberry,180.0,-1,1,1,time
153,2,raspberry,180.0,1,1,1,time
153,3,blueberry,180.0,-2,1,1,time
154,1,raspberry,167.5,3,1,1,raspberry_full_control
154,2,raspberry,167.0,3,1,1,raspberry_full_control
155,1,raspberry,180.0,1,1,1,time
155,2,blueberry,180.0,-3,1,1,time
155,3,blueberry,180.0,-1,1,1,time
156,1,raspberry,176.0,3,1,1,raspberry_full_control
156,2,raspberry,180.0,3,1,1,time
157,1,blueberry,180.0,-3,1,2,time
157,2,blueberry,151.0,-3,1,2,blueberry_full_control
158,1,raspberry,180.0,0,2,3,time
158,2,blueberry,180.0,-1,2,4,time
158,3,blueberry,147.0,-3,2,4,blueberry_full_control
159,1,raspberry,180.0,0,1,2,time
159,2,blueberry,176.0,-3,1,2,blueberry_full_control
159,3,blueberry,180.0,-2,1,2,time
160,1,raspberry,180.0,1,1,2,time
160,2,blueberry,180.0,-3,1,2,time
160,3,blueberry,180.0,-3,1,3,time
161,1,raspberry,180.0,2,1,1,time
161,2,raspberry,180.0,1,1,1,time
162,1,raspberry,180.0,1,1,1,time
162,2,raspberry,180.0,2,1,2,time
163,1,raspberry,180.0,3,2,2,time
163,2,raspberry,180.0,3,2,2,time
164,1,blueberry,180.0,-3,1,1,time
164,2,blueberry,180.0,-1,1,1,time
165,1,raspberry,180.0,3,1,1,time
165,2,raspberry,180.0,2,1,2,time
166,1,raspberry,180.0,3,1,1,time
166,2,raspberry,180.0,1,1,1,time
167,1,raspberry,180.0,3,1,1,time
167,2,blueberry,180.0,-2,1,1,time
167,3,raspberry,180.0,3,1,1,time
168,1,blueberry,180.0,-3,1,1,time
168,2,raspberry,180.0,3,1,2,time
168,3,blueberry,129.0,-3,1,3,blueberry_full_control
169,1,blueberry,180.0,-3,1,1,time
169,2,blueberry,153.5,-3,1,1,blueberry_full_control
170,1,raspberry,180.0,2,1,1,time
170,2,raspberry,180.0,3,1,1,time
171,1,raspberry,180.0,3,1,2,time
171,2,blueberry,135.0,-3,1,2,blueberry_full_control
171,3,blueberry,133.5,-3,1,2,blueberry_full_control
172,1,blueberry,180.0,-3,1,1,time
172,2,blueberry,157.5,-3,1,1,blueberry_full_control
173,1,blueberry,172.5,-3,1,1,blueberry_full_control
173,2,blueberry,180.0,-3,1,1,time
174,1,blueberry,180.0,-1,1,2,time
174,2,raspberry,180.0,0,1,2,time
174,3,blueberry,142.5,-3,1,2,blueberry_full_control
175,1,blueberry,180.0,-3,1,1,time
175,2,blueberry,153.0,-3,1,1,blueberry_full_control
176,1,raspberry,180.0,0,1,1,time
176,2,raspberry,180.0,1,1,1,time
177,1,blueberry,180.0,-3,1,2,time
177,2,raspberry,180.0,3,2,2,time
177,3,raspberry,180.0,2,2,2,time
178,1,raspberry,180.0,1,1,1,time
178,2,raspberry,180.0,1,1,1,time
179,1,raspberry,180.0,3,1,1,time
179,2,blueberry,180.0,-1,1,3,time
179,3,blueberry,107.5,-3,1,3,blueberry_full_control
180,1,raspberry,180.0,3,1,1,time
180,2,blueberry,180.0,-3,1,1,time
180,3,blueberry,144.5,-3,1,1,blueberry_full_control
181,1,blueberry,180.0,-1,1,1,time
181,2,blueberry,180.0,-3,1,1,time
182,1,blueberry,180.0,-2,1,1,time
182,2,raspberry,180.0,2,1,1,time
182,3,raspberry,180.0,2,1,1,time
183,1,raspberry,180.0,1,1,1,time
183,2,raspberry,180.0,3,1,2,time
184,1,blueberry,180.0,-2,1,1,time
184,2,raspberry,180.0,2,1,1,time
184,3,blueberry,180.0,-3,1,1,time
185,1,raspberry,180.0,2,1,1,time
185,2,blueberry,94.0,-2,1,1,raspberry_full_control
185,3,raspberry,180.0,2,1,1,time
186,1,blueberry,152.0,-3,1,1,blueberry_full_control
186,2,raspberry,180.0,3,2,1,time
186,3,raspberry,156.5,3,2,1,raspberry_full_control
187,1,blueberry,180.0,-3,1,1,time
187,2,blueberry,180.0,-3,1,1,time
188,1,blueberry,180.0,-1,1,2,time
188,2,raspberry,180.0,3,1,2,time
188,3,raspberry,180.0,3,1,2,time
189,1,raspberry,180.0,3,1,1,time
189,2,raspberry,180.0,3,1,1,time
190,1,blueberry,180.0,-3,1,1,time
190,2,blueberry,180.0,-2,1,3,time
191,1,blueberry,178.5,-3,1,1,blueberry_full_control
191,2,raspberry,180.0,2,1,1,time
191,3,blueberry,180.0,-3,1,2,time
192,1,blueberry,174.0,-3,1,1,blueberry_full_control
192,2,blueberry,180.0,-3,1,2,time
193,1,blueberry,180.0,-1,1,1,time
193,2,blueberry,180.0,-1,1,1,time
194,1,blueberry,163.5,-3,1,1,blueberry_full_control
194,2,raspberry,180.0,1,1,1,time
194,3,blueberry,180.0,0,2,1,time
195,1,blueberry,180.0,-3,1,1,time
195,2,blueberry,180.0,-3,1,1,time
196,1,blueberry,180.0,-1,1,1,time
196,2,raspberry,180.0,1,1,1,time
196,3,blueberry,180.0,-3,1,1,time
197,1,blueberry,180.0,-3,1,1,time
197,2,raspberry,180.0,1,1,1,time
197,3,blueberry,180.0,0,1,1,time
198,1,blueberry,180.0,-3,1,1,time
198,2,blueberry,180.0,-1,1,1,time
199,1,raspberry,180.0,3,1,1,time
199,2,raspberry,180.0,1,1,2,time
200,1,blueberry,180.0,-3,1,1,time
200,2,raspberry,180.0,3,1,2,time
200,3,blueberry,180.0,-2,1,3,time
201,1,raspberry,180.0,0,1,2,time
201,2,blueberry,180.0,-3,1,2,time
201,3,raspberry,180.0,0,1,3,time
202,1,blueberry,180.0,-1,1,1,time
202,2,blueberry,180.0,-1,1,2,time
203,1,raspberry,180.0,2,1,1,time
203,2,raspberry,180.0,2,1,1,time
204,1,raspberry,180.0,3,1,1,time
204,2,raspberry,155.0,3,1,1,raspberry_full_control
205,1,raspberry,180.0,3,1,1,time
205,2,blueberry,180.0,-2,1,1,time
205,3,raspberry,180.0,3,1,1,time
206,1,raspberry,180.0,1,1,1,time
206,2,raspberry,180.0,3,1,1,time
207,1,raspberry,180.0,2,1,1,time
207,2,raspberry,180.0,2,1,1,time
208,1,raspberry,180.0,3,1,1,time
208,2,blueberry,171.5,-3,1,1,blueberry_full_control
208,3,blueberry,148.0,-3,1,1,blueberry_full_control
209,1,raspberry,180.0,1,1,1,time
209,2,raspberry,160.0,3,1,1,raspberry_full_control
210,1,blueberry,180.0,-2,1,1,time
210,2,raspberry,180.0,2,1,2,time
210,3,raspberry,180.0,2,1,2,time
211,1,raspberry,180.0,1,1,1,time
211,2,raspberry,180.0,2,1,1,time
212,1,blueberry,180.0,-1,1,1,time
212,2,blueberry,135.0,-3,1,1,blueberry_full_control
213,1,raspberry,180.0,1,1,1,time
213,2,raspberry,180.0,2,1,1,time
214,1,blueberry,180.0,-2,1,1,time
214,2,raspberry,168.5,3,1,2,raspberry_full_control
214,3,raspberry,180.0,1,1,2,time
215,1,raspberry,180.0,2,1,2,time
215,2,raspberry,180.0,3,1,2,time
216,1,raspberry,180.0,2,1,1,time
216,2,blueberry,180.0,-1,1,1,time
216,3,raspberry,180.0,2,1,1,time
217,1,blueberry,144.0,-3,1,1,blueberry_full_control
217,2,blueberry,140.5,-3,1,2,blueberry_full_control
218,1,raspberry,180.0,1,1,1,time
218,2,raspberry,180.0,0,1,1,time
219,1,raspberry,180.0,3,1,1,time
219,2,raspberry,158.0,3,1,1,raspberry_full_control
220,1,raspberry,180.0,1,1,1,time
220,2,blueberry,180.0,-1,1,3,time
220,3,blueberry,133.5,-3,1,3,blueberry_full_control
221,1,raspberry,180.0,1,1,1,time
221,2,blueberry,180.0,-2,1,1,time
221,3,raspberry,180.0,3,1,2,time
222,1,raspberry,180.0,0,1,2,time
222,2,blueberry,180.0,-3,1,2,time
222,3,blueberry,148.0,-3,1,3,blueberry_full_control
223,1,blueberry,180.0,-3,1,1,time
223,2,raspberry,180.0,2,1,1,time
223,3,blueberry,177.0,-3,1,2,blueberry_full_control
224,1,blueberry,180.0,-3,1,1,time
224,2,raspberry,176.0,3,1,1,raspberry_full_control
224,3,blueberry,180.0,-2,1,1,time
225,1,raspberry,180.0,3,1,1,time
225,2,raspberry,180.0,3,1,2,time
226,1,blueberry,180.0,-3,1,3,time
226,2,blueberry,151.0,-3,1,3,blueberry_full_control
227,1,blueberry,180.0,0,1,1,time
227,2,raspberry,180.0,0,2,1,time
227,3,blueberry,180.0,-1,3,2,time
228,1,blueberry,180.0,-1,1,1,time
228,2,raspberry,175.0,3,1,1,raspberry_full_control
228,3,raspberry,170.0,3,1,1,raspberry_full_control
229,1,raspberry,180.0,0,1,1,time
229,2,blueberry,180.0,-3,1,1,time
229,3,blueberry,180.0,-2,1,1,time
230,1,blueberry,180.0,-3,1,1,time
230,2,blueberry,165.0,-3,1,1,blueberry_full_control
231,1,raspberry,180.0,2,1,1,time
231,2,blueberry,165.0,-3,1,1,blueberry_full_control
231,3,blueberry,180.0,-2,1,2,time
232,1,blueberry,165.0,-3,1,1,blueberry_full_control
232,2,blueberry,180.0,-1,1,1,time
233,1,blueberry,180.0,-3,1,2,time
233,2,raspberry,180.0,3,1,2,time
233,3,blueberry,160.5,-3,1,2,blueberry_full_control
234,1,blueberry,153.0,-3,1,1,blueberry_full_control
234,2,blueberry,123.5,-3,1,1,blueberry_full_control
235,1,blueberry,180.0,-1,1,1,time
235,2,blueberry,180.0,-3,1,1,time
236,1,blueberry,180.0,-3,1,1,time
236,2,blueberry,180.0,-3,1,1,time
237,1,raspberry,180.0,3,1,1,time
237,2,raspberry,180.0,2,1,1,time
238,1,blueberry,180.0,-2,1,1,time
238,2,raspberry,180.0,2,1,1,time
238,3,raspberry,180.0,2,1,1,time
239,1,blueberry,173.5,-3,1,1,blueberry_full_control
239,2,raspberry,180.0,1,1,2,time
239,3,blueberry,180.0,0,1,2,time
240,1,blueberry,180.0,0,1,1,time
240,2,blueberry,180.0,-2,1,1,time
241,1,blueberry,180.0,-2,1,1,time
241,2,blueberry,180.0,-2,1,1,time
242,1,raspberry,180.0,3,1,1,time
242,2,blueberry,180.0,-1,1,1,time
242,3,blueberry,180.0,-1,1,1,time
243,1,blueberry,180.0,-3,1,1,time
243,2,blueberry,180.0,-2,1,1,time
244,1,blueberry,180.0,-3,1,1,time
244,2,raspberry,180.0,2,1,1,time
244,3,raspberry,180.0,3,1,1,time
245,1,blueberry,180.0,-3,1,1,time
245,2,raspberry,180.0,2,1,1,time
245,3,raspberry,180.0,2,1,1,time
246,1,raspberry,180.0,3,1,1,time
246,2,raspberry,180.0,3,2,1,time
247,1,raspberry,180.0,1,1,1,time
247,2,raspberry,180.0,3,1,1,time
248,1,raspberry,180.0,3,1,1,time
248,2,raspberry,180.0,1,1,1,time
249,1,blueberry,180.0,-3,1,1,time
249,2,raspberry,180.0,1,1,1,time
249,3,blueberry,117.0,-1,1,1,raspberry_full_control
250,1,raspberry,180.0,3,1,1,time
250,2,raspberry,167.0,3,1,1,raspberry_full_control
251,1,raspberry,180.0,2,1,1,time
251,2,raspberry,180.0,2,1,1,time
252,1,blueberry,180.0,-3,1,1,time
252,2,raspberry,180.0,2,1,1,time
252,3,raspberry,166.0,3,1,1,raspberry_full_control
253,1,blueberry,143.0,-3,1,1,blueberry_full_control
253,2,blueberry,135.0,-3,1,1,blueberry_full_control
254,1,blueberry,177.0,-3,1,1,blueberry_full_control
254,2,raspberry,180.0,2,1,1,time
254,3,blueberry,180.0,-1,1,1,time
255,1,raspberry,177.5,3,1,1,raspberry_full_control
255,2,raspberry,180.0,1,1,1,time
256,1,raspberry,180.0,2,1,2,time
256,2,blueberry,134.0,-3,1,2,blueberry_full_control
256,3,blueberry,114.0,-3,1,2,blueberry_full_control
257,1,raspberry,180.0,3,1,1,time
257,2,raspberry,180.0,2,1,2,time
258,1,blueberry,180.0,-2,1,1,time
258,2,raspberry,180.0,2,1,1,time
258,3,raspberry,180.0,2,1,2,time
259,1,raspberry,180.0,1,1,1,time
259,2,raspberry,180.0,3,1,1,time
260,1,blueberry,180.0,-1,1,2,time
260,2,blueberry,180.0,-3,1,2,time
261,1,raspberry,180.0,1,1,1,time
261,2,raspberry,180.0,0,1,1,time
262,1,raspberry,180.0,0,1,1,time
262,2,blueberry,180.0,-2,1,1,time
262,3,raspberry,180.0,3,1,1,time
263,1,blueberry,180.0,-3,1,1,time
263,2,raspberry,180.0,1,1,2,time
263,3,raspberry,180.0,1,1,2,time
264,1,raspberry,180.0,2,1,1,time
264,2,raspberry,180.0,3,1,1,time
265,1,raspberry,180.0,3,1,1,time
265,2,blueberry,129.5,-3,1,1,blueberry_full_control
265,3,raspberry,177.5,3,1,1,raspberry_full_control
266,1,blueberry,180.0,-2,1,3,time
266,2,blueberry,122.5,-3,1,3,blueberry_full_control
267,1,raspberry,180.0,2,1,1,time
267,2,blueberry,153.0,-3,1,1,blueberry_full_control
267,3,raspberry,180.0,3,1,1,time
268,1,raspberry,180.0,3,1,1,time
268,2,blueberry,180.0,-1,1,2,time
268,3,blueberry,153.0,-3,1,2,blueberry_full_control
269,1,blueberry,162.5,-3,1,3,blueberry_full_control
269,2,raspberry,180.0,2,3,4,time
269,3,blueberry,180.0,-2,4,4,time
270,1,blueberry,180.0,-2,1,1,time
270,2,blueberry,133.5,-3,1,1,blueberry_full_control
271,1,blueberry,180.0,-1,1,1,time
271,2,blueberry,180.0,-3,1,1,time
272,1,blueberry,172.5,-3,1,1,blueberry_full_control
272,2,blueberry,133.5,-3,1,1,blueberry_full_control
273,1,raspberry,180.0,0,1,1,time
273,2,blueberry,134.5,-3,1,1,blueberry_full_control
273,3,raspberry,180.0,0,1,1,time
274,1,blueberry,135.0,-3,1,3,blueberry_full_control
274,2,blueberry,111.0,-3,1,3,blueberry_full_control
275,1,blueberry,180.0,-3,1,1,time
275,2,blueberry,163.5,-3,1,1,blueberry_full_control
276,1,raspberry,180.0,1,1,1,time
276,2,raspberry,180.0,3,1,1,time
277,1,raspberry,180.0,3,1,1,time
277,2,raspberry,180.0,3,1,1,time
278,1,raspberry,180.0,2,1,1,time
278,2,blueberry,180.0,0,1,1,time
278,3,blueberry,180.0,-2,1,1,time
279,1,blueberry,174.5,-3,1,1,blueberry_full_control
279,2,blueberry,180.0,-3,1,1,time
280,1,raspberry,180.0,1,1,1,time
280,2,blueberry,135.5,-3,1,1,blueberry_full_control
280,3,raspberry,180.0,3,2,2,time
281,1,raspberry,180.0,3,1,1,time
281,2,raspberry,180.0,1,1,1,time
282,1,raspberry,180.0,2,1,1,time
282,2,raspberry,180.0,0,1,2,time
283,1,raspberry,180.0,1,1,1,time
283,2,raspberry,180.0,2,1,1,time
284,1,raspberry,180.0,1,1,1,time
284,2,blueberry,180.0,-3,1,2,time
284,3,blueberry,180.0,-3,1,2,time
285,1,raspberry,180.0,1,1,1,time
285,2,raspberry,180.0,2,2,1,time
286,1,blueberry,180.0,-2,1,1,time
286,2,raspberry,180.0,3,1,1,time
286,3,raspberry,180.0,2,1,1,time
287,1,raspberry,180.0,3,1,1,time
287,2,blueberry,180.0,-1,1,1,time
287,3,blueberry,180.0,-3,1,1,time
288,1,raspberry,180.0,1,1,1,time
288,2,raspberry,180.0,0,1,1,time
289,1,raspberry,180.0,2,1,1,time
289,2,blueberry,180.0,-2,1,2,time
289,3,raspberry,180.0,3,2,2,time
290,1,raspberry,180.0,3,1,1,time
290,2,blueberry,144.0,-3,1,1,blueberry_full_control
290,3,raspberry,180.0,1,1,1,time
291,1,raspberry,180.0,3,1,1,time
291,2,blueberry,152.0,-3,1,1,blueberry_full_control
291,3,blueberry,180.0,-3,1,1,time
292,1,blueberry,163.5,-3,1,1,blueberry_full_control
292,2,blueberry,180.0,-3,1,1,time
293,1,blueberry,180.0,-2,1,1,time
293,2,raspberry,171.5,3,1,1,raspberry_full_control
293,3,blueberry,180.0,-3,1,1,time
294,1,raspberry,180.0,3,1,1,time
294,2,raspberry,180.0,2,2,2,time
295,1,raspberry,180.0,1,1,1,time
295,2,raspberry,180.0,0,1,1,time
296,1,raspberry,180.0,2,1,1,time
296,2,blueberry,180.0,-2,1,1,time
296,3,raspberry,180.0,2,1,1,time
297,1,blueberry,180.0,-1,1,1,time
297,2,blueberry,163.5,-3,1,1,blueberry_full_control
298,1,blueberry,180.0,-3,1,1,time
298,2,blueberry,180.0,-1,1,2,time
299,1,blueberry,142.5,-3,1,1,blueberry_full_control
299,2,blueberry,134.0,-3,1,1,blueberry_full_control
300,1,raspberry,180.0,3,2,1,time
300,2,raspberry,179.0,3,2,1,raspberry_full_control
301,1,blueberry,180.0,-2,1,2,time
301,2,raspberry,180.0,3,1,2,time
301,3,blueberry,163.0,-3,1,2,blueberry_full_control
302,1,raspberry,180.0,2,1,1,time
302,2,blueberry,180.0,-1,1,1,time
302,3,blueberry,180.0,-3,1,1,time
303,1,raspberry,180.0,2,1,2,time
303,2,raspberry,180.0,2,1,2,time
304,1,blueberry,163.5,-3,1,1,blueberry_full_control
304,2,raspberry,180.0,3,1,1,time
304,3,blueberry,154.5,-3,1,1,blueberry_full_control
305,1,blueberry,171.0,-3,1,1,blueberry_full_control
305,2,raspberry,180.0,1,1,2,time
305,3,raspberry,180.0,0,1,2,time
306,1,raspberry,180.0,1,2,1,time
306,2,raspberry,180.0,3,2,2,time
307,1,blueberry,180.0,-2,1,1,time
307,2,raspberry,180.0,3,1,2,time
307,3,blueberry,142.5,-3,1,2,blueberry_full_control
308,1,raspberry,180.0,3,1,1,time
308,2,raspberry,180.0,1,2,3,time
309,1,raspberry,180.0,2,1,1,time
309,2,raspberry,180.0,2,1,1,time
310,1,raspberry,180.0,0,1,2,time
310,2,blueberry,176.5,-3,1,2,blueberry_full_control
310,3,blueberry,180.0,-3,1,2,time
311,1,raspberry,180.0,3,1,1,time
311,2,raspberry,180.0,3,1,1,time
312,1,raspberry,180.0,1,1,1,time
312,2,blueberry,143.0,-3,1,1,blueberry_full_control
312,3,raspberry,180.0,3,1,1,time
313,1,raspberry,180.0,0,1,1,time
313,2,raspberry,180.0,3,2,1,time
314,1,raspberry,180.0,1,1,1,time
314,2,raspberry,180.0,1,1,1,time
315,1,raspberry,180.0,2,1,1,time
315,2,raspberry,180.0,2,1,1,time
316,1,blueberry,142.5,-3,1,1,blueberry_full_control
316,2,blueberry,180.0,-2,1,2,time
317,1,raspberry,180.0,3,1,1,time
317,2,raspberry,180.0,3,1,1,time
318,1,blueberry,164.5,-3,1,1,blueberry_full_control
318,2,raspberry,180.0,3,1,1,time
318,3,raspberry,145.0,1,1,1,raspberry_full_control
319,1,raspberry,180.0,2,1,1,time
319,2,blueberry,126.0,-3,1,2,blueberry_full_control
319,3,blueberry,174.0,-3,1,2,blueberry_full_control
320,1,blueberry,180.0,0,1,1,time
320,2,raspberry,180.0,3,1,1,time
320,3,raspberry,180.0,3,1,1,time
321,1,raspberry,180.0,3,1,1,time
321,2,blueberry,180.0,-1,1,1,time
321,3,raspberry,180.0,2,1,1,time
322,1,raspberry,180.0,2,1,1,time
322,2,blueberry,180.0,-3,1,2,time
322,3,blueberry,180.0,-1,1,2,time
323,1,blueberry,180.0,-3,1,2,time
323,2,blueberry,123.5,-3,1,2,blueberry_full_control
324,1,blueberry,180.0,-3,1,1,time
324,2,raspberry,180.0,2,1,1,time
324,3,blueberry,180.0,-1,1,1,time
325,1,blueberry,180.0,-1,1,1,time
325,2,raspberry,180.0,2,1,1,time
325,3,raspberry,165.5,3,1,1,raspberry_full_control
326,1,raspberry,180.0,0,1,1,time
326,2,blueberry,142.5,-3,1,1,blueberry_full_control
326,3,raspberry,180.0,2,1,1,time
327,1,blueberry,180.0,-1,1,2,time
327,2,blueberry,128.0,-3,1,2,blueberry_full_control
328,1,raspberry,180.0,2,1,1,time
328,2,blueberry,180.0,-2,1,1,time
328,3,raspberry,180.0,3,1,1,time
329,1,blueberry,164.5,-3,1,1,blueberry_full_control
329,2,raspberry,180.0,2,2,1,time
329,3,raspberry,150.5,2,2,1,raspberry_full_control
330,1,blueberry,180.0,-1,1,1,time
330,2,blueberry,180.0,-2,1,2,time
331,1,raspberry,180.0,3,1,1,time
331,2,blueberry,180.0,-3,1,1,time
331,3,raspberry,180.0,1,1,1,time
332,1,raspberry,180.0,2,1,1,time
332,2,raspberry,180.0,2,1,1,time
333,1,blueberry,180.0,-1,1,1,time
333,2,raspberry,152.5,3,1,1,raspberry_full_control
333,3,raspberry,150.5,3,1,1,raspberry_full_control
334,1,raspberry,180.0,2,1,1,time
334,2,blueberry,179.0,-3,1,1,blueberry_full_control
334,3,blueberry,144.0,-3,1,1,blueberry_full_control
335,1,raspberry,180.0,2,1,1,time
335,2,raspberry,155.5,3,1,1,raspberry_full_control
336,1,blueberry,180.0,-1,1,1,time
336,2,blueberry,180.0,-1,1,1,time
337,1,raspberry,180.0,2,1,1,time
337,2,blueberry,180.0,-3,1,1,time
337,3,blueberry,180.0,-1,1,1,time
338,1,raspberry,180.0,3,1,1,time
338,2,blueberry,173.5,-3,1,2,blueberry_full_control
338,3,raspberry,180.0,2,1,2,time
339,1,raspberry,180.0,1,1,2,time
339,2,blueberry,180.0,-2,1,2,time
339,3,blueberry,162.5,-3,1,2,blueberry_full_control
340,1,raspberry,180.0,3,2,1,time
340,2,blueberry,180.0,-1,2,1,time
340,3,blueberry,180.0,-3,2,1,time
341,1,blueberry,180.0,-3,1,1,time
341,2,raspberry,180.0,0,1,2,time
341,3,raspberry,180.0,1,1,2,time
342,1,blueberry,180.0,-1,1,2,time
342,2,blueberry,180.0,-2,1,2,time
343,1,raspberry,180.0,1,1,2,time
343,2,blueberry,120.5,-3,1,2,blueberry_full_control
343,3,blueberry,114.0,-3,1,2,blueberry_full_control
344,1,blueberry,178.5,-3,1,2,blueberry_full_control
344,2,raspberry,180.0,2,2,2,time
344,3,raspberry,180.0,2,2,2,time
345,1,raspberry,180.0,2,1,1,time
345,2,blueberry,128.5,-3,1,1,blueberry_full_control
345,3,blueberry,180.0,-1,1,1,time
346,1,blueberry,180.0,-1,1,1,time
346,2,blueberry,153.0,-3,1,1,blueberry_full_control
347,1,raspberry,180.0,3,1,1,time
347,2,raspberry,164.0,3,1,1,raspberry_full_control
348,1,blueberry,180.0,-3,1,1,time
348,2,raspberry,180.0,1,1,1,time
348,3,raspberry,180.0,2,1,1,time
349,1,blueberry,180.0,-1,1,1,time
349,2,blueberry,156.0,-3,1,1,blueberry_full_control
350,1,raspberry,180.0,0,1,2,time
350,2,blueberry,141.0,-3,1,2,blueberry_full_control
350,3,blueberry,134.0,-3,1,2,blueberry_full_control
351,1,raspberry,180.0,2,1,1,time
351,2,raspberry,180.0,2,1,2,time
352,1,raspberry,180.0,1,1,2,time
352,2,raspberry,180.0,3,1,2,time
353,1,blueberry,180.0,-3,1,1,time
353,2,raspberry,180.0,3,1,2,time
353,3,blueberry,165.0,-3,1,2,blueberry_full_control
354,1,raspberry,180.0,1,2,1,time
354,2,raspberry,180.0,3,2,1,time
355,1,blueberry,180.0,-1,1,1,time
355,2,raspberry,180.0,3,1,1,time
355,3,raspberry,180.0,2,1,1,time
356,1,blueberry,180.0,-2,1,1,time
356,2,blueberry,144.0,-3,1,1,blueberry_full_control
357,1,blueberry,180.0,-2,1,1,time
357,2,blueberry,155.5,-3,1,2,blueberry_full_control
358,1,raspberry,180.0,1,1,2,time
358,2,raspberry,180.0,1,1,2,time
359,1,raspberry,180.0,1,1,2,time
359,2,raspberry,180.0,3,1,2,time
360,1,blueberry,153.0,-3,1,1,blueberry_full_control
360,2,raspberry,180.0,1,1,1,time
360,3,raspberry,180.0,2,1,2,time
361,1,blueberry,180.0,-2,1,1,time
361,2,raspberry,180.0,2,1,1,time
361,3,blueberry,180.0,-1,1,1,time
362,1,blueberry,180.0,0,1,1,time
362,2,raspberry,180.0,2,1,1,time
362,3,raspberry,180.0,1,1,1,time
363,1,raspberry,180.0,2,2,1,time
363,2,blueberry,180.0,-3,2,1,time
363,3,blueberry,180.0,-2,2,1,time
364,1,raspberry,180.0,3,1,1,time
364,2,raspberry,180.0,0,1,1,time
365,1,blueberry,180.0,-2,1,1,time
365,2,blueberry,180.0,-1,1,2,time
366,1,raspberry,167.0,3,2,1,raspberry_full_control
366,2,raspberry,180.0,2,2,2,time
367,1,blueberry,180.0,-2,1,1,time
367,2,raspberry,180.0,1,1,1,time
367,3,raspberry,180.0,3,1,1,time
368,1,raspberry,180.0,2,1,2,time
368,2,blueberry,133.5,-3,1,3,blueberry_full_control
368,3,raspberry,180.0,1,2,3,time
369,1,raspberry,180.0,3,1,1,time
369,2,blueberry,144.0,-3,1,1,blueberry_full_control
369,3,raspberry,180.0,3,2,1,time
370,1,raspberry,180.0,3,1,1,time
370,2,blueberry,180.0,0,1,2,time
370,3,raspberry,180.0,1,1,2,time
371,1,raspberry,180.0,0,1,1,time
371,2,blueberry,139.0,-3,1,1,blueberry_full_control
371,3,blueberry,180.0,-2,1,1,time
372,1,blueberry,180.0,-2,1,1,time
372,2,blueberry,180.0,-2,1,1,time
373,1,blueberry,180.0,-2,1,1,time
373,2,raspberry,173.0,3,1,1,raspberry_full_control
373,3,raspberry,180.0,1,1,2,time
374,1,blueberry,157.5,-3,1,1,blueberry_full_control
374,2,raspberry,180.0,1,1,1,time
374,3,blueberry,180.0,-1,1,1,time
375,1,raspberry,180.0,2,1,1,time
375,2,blueberry,174.5,-3,1,1,blueberry_full_control
375,3,blueberry,180.0,-2,1,1,time
376,1,raspberry,180.0,1,1,1,time
376,2,raspberry,180.0,0,1,2,time
377,1,raspberry,180.0,3,1,1,time
377,2,blueberry,172.5,-3,1,1,blueberry_full_control
377,3,raspberry,174.5,3,1,1,raspberry_full_control
378,1,blueberry,180.0,-3,1,2,time
378,2,raspberry,180.0,1,1,2,time
378,3,blueberry,147.0,-3,1,2,blueberry_full_control
379,1,raspberry,180.0,2,1,1,time
379,2,raspberry,180.0,1,1,1,time
380,1,raspberry,180.0,3,1,1,time
380,2,blueberry,180.0,-1,1,1,time
380,3,raspberry,180.0,2,1,1,time
381,1,raspberry,180.0,1,1,1,time
381,2,blueberry,180.0,-2,1,2,time
381,3,blueberry,180.0,-2,1,3,time
382,1,raspberry,180.0,3,2,1,time
382,2,raspberry,180.0,2,2,1,time
383,1,raspberry,169.0,3,1,2,raspberry_full_control
383,2,raspberry,180.0,2,1,2,time
384,1,blueberry,162.5,-3,1,2,blueberry_full_control
384,2,blueberry,123.0,-3,1,2,blueberry_full_control
385,1,raspberry,180.0,3,1,1,time
385,2,raspberry,180.0,3,1,1,time
386,1,blueberry,123.5,-2,1,1,raspberry_full_control
386,2,raspberry,177.5,3,1,1,raspberry_full_control
386,3,blueberry,104.0,-2,1,1,raspberry_full_control
387,1,blueberry,180.0,-2,1,2,time
387,2,raspberry,180.0,0,1,2,time
387,3,blueberry,179.5,-3,1,2,blueberry_full_control
388,1,raspberry,180.0,3,1,1,time
388,2,raspberry,106.5,1,1,1,raspberry_full_control
389,1,raspberry,180.0,1,1,1,time
389,2,raspberry,180.0,1,1,1,time
390,1,raspberry,180.0,3,1,1,time
390,2,raspberry,180.0,3,1,1,time
391,1,raspberry,180.0,0,1,1,time
391,2,raspberry,180.0,2,1,1,time
392,1,raspberry,180.0,1,1,1,time
392,2,raspberry,180.0,2,1,1,time
393,1,raspberry,180.0,3,1,1,time
393,2,blueberry,180.0,-1,1,1,time
393,3,raspberry,180.0,3,1,1,time
394,1,raspberry,180.0,1,1,1,time
394,2,blueberry,152.0,-3,1,1,blueberry_full_control
394,3,blueberry,180.0,-1,1,2,time
395,1,raspberry,180.0,2,1,1,time
395,2,blueberry,180.0,-1,1,2,time
395,3,raspberry,180.0,1,1,2,time
396,1,blueberry,180.0,-1,1,1,time
396,2,blueberry,175.0,-3,1,1,blueberry_full_control
397,1,raspberry,180.0,3,1,1,time
397,2,blueberry,180.0,-3,1,1,time
397,3,raspberry,180.0,2,1,1,time
398,1,raspberry,180.0,2,1,1,time
398,2,blueberry,163.5,-3,1,1,blueberry_full_control
398,3,blueberry,153.0,-3,1,1,blueberry_full_control
399,1,raspberry,180.0,2,1,1,time
399,2,blueberry,169.0,-3,1,1,blueberry_full_control
399,3,blueberry,180.0,-1,1,1,time
400,1,blueberry,180.0,-1,1,1,time
400,2,blueberry,112.5,-3,1,1,blueberry_full_control
401,1,blueberry,180.0,-3,1,1,time
401,2,raspberry,180.0,2,1,1,time
401,3,raspberry,180.0,1,1,1,time
402,1,raspberry,180.0,2,1,1,time
402,2,raspberry,180.0,2,1,1,time
403,1,blueberry,180.0,-1,1,2,time
403,2,blueberry,180.0,-3,1,2,time
404,1,raspberry,180.0,2,1,1,time
404,2,blueberry,123.0,-3,1,1,blueberry_full_control
404,3,blueberry,133.5,-3,1,1,blueberry_full_control
405,1,blueberry,180.0,-3,1,2,time
405,2,raspberry,180.0,3,1,2,time
405,3,blueberry,172.5,-3,1,3,blueberry_full_control
406,1,raspberry,180.0,1,1,1,time
406,2,raspberry,180.0,1,1,1,time
407,1,raspberry,180.0,2,1,1,time
407,2,blueberry,144.0,-3,1,1,blueberry_full_control
407,3,blueberry,180.0,-2,1,1,time
408,1,blueberry,156.0,-3,1,2,blueberry_full_control
408,2,raspberry,180.0,3,1,2,time
408,3,blueberry,158.5,-3,1,2,blueberry_full_control
409,1,blueberry,180.0,-2,1,1,time
409,2,blueberry,180.0,-3,1,1,time
410,1,raspberry,180.0,2,1,1,time
410,2,raspberry,180.0,2,2,1,time
411,1,blueberry,180.0,0,1,1,time
411,2,raspberry,180.0,2,1,1,time
411,3,raspberry,180.0,3,1,1,time
412,1,raspberry,180.0,3,1,1,time
412,2,blueberry,180.0,-3,1,1,time
412,3,blueberry,133.5,-3,1,1,blueberry_full_control
413,1,blueberry,180.0,-2,1,1,time
413,2,raspberry,180.0,2,1,1,time
413,3,raspberry,180.0,3,1,1,time
414,1,raspberry,180.0,2,1,1,time
414,2,blueberry,180.0,-3,1,1,time
414,3,raspberry,155.5,3,1,1,raspberry_full_control
415,1,blueberry,180.0,-3,1,1,time
415,2,blueberry,180.0,-1,1,1,time
416,1,raspberry,180.0,3,1,1,time
416,2,blueberry,172.5,-3,1,1,blueberry_full_control
416,3,raspberry,180.0,3,1,1,time
417,1,raspberry,180.0,1,1,3,time
417,2,blueberry,123.0,-3,1,3,blueberry_full_control
417,3,blueberry,121.0,-3,1,3,blueberry_full_control
418,1,blueberry,180.0,-3,1,1,time
418,2,blueberry,144.0,-3,1,1,blueberry_full_control
419,1,blueberry,180.0,-2,1,1,time
419,2,blueberry,177.0,-3,1,1,blueberry_full_control
420,1,blueberry,180.0,-3,1,2,time
420,2,blueberry,180.0,-3,1,3,time
421,1,blueberry,180.0,-1,1,1,time
421,2,raspberry,180.0,1,1,1,time
421,3,blueberry,144.0,-3,1,1,blueberry_full_control
422,1,raspberry,180.0,1,1,1,time
422,2,blueberry,180.0,-2,1,1,time
422,3,blueberry,146.0,-3,1,1,blueberry_full_control
423,1,raspberry,173.0,3,1,1,raspberry_full_control
423,2,raspberry,180.0,1,1,1,time
424,1,blueberry,180.0,-3,1,1,time
424,2,raspberry,180.0,3,2,1,time
424,3,raspberry,180.0,1,2,1,time
425,1,blueberry,180.0,-1,1,2,time
425,2,raspberry,165.0,3,1,2,raspberry_full_control
425,3,blueberry,131.0,-3,1,2,blueberry_full_control
426,1,raspberry,180.0,3,1,1,time
426,2,blueberry,180.0,-2,1,1,time
426,3,raspberry,156.0,3,2,1,raspberry_full_control
427,1,blueberry,180.0,0,1,1,time
427,2,raspberry,180.0,3,1,2,time
427,3,blueberry,124.5,-3,1,2,blueberry_full_control
428,1,raspberry,180.0,3,1,1,time
428,2,raspberry,174.5,3,1,1,raspberry_full_control
429,1,blueberry,180.0,-1,1,1,time
429,2,raspberry,180.0,3,1,1,time
429,3,raspberry,180.0,1,1,1,time
430,1,raspberry,180.0,0,1,2,time
430,2,raspberry,180.0,3,1,2,time
431,1,raspberry,180.0,1,1,1,time
431,2,blueberry,136.0,-3,1,2,blueberry_full_control
431,3,raspberry,170.0,3,2,2,raspberry_full_control
432,1,raspberry,180.0,2,1,1,time
432,2,raspberry,180.0,3,1,1,time
433,1,raspberry,180.0,3,1,1,time
433,2,raspberry,158.0,3,1,1,raspberry_full_control
434,1,raspberry,180.0,3,1,1,time
434,2,raspberry,180.0,1,1,1,time
435,1,raspberry,180.0,2,1,1,time
435,2,blueberry,179.0,-3,1,1,blueberry_full_control
435,3,blueberry,142.5,-3,1,1,blueberry_full_control
436,1,blueberry,180.0,-3,1,1,time
436,2,blueberry,180.0,-3,1,1,time
437,1,blueberry,180.0,-1,1,2,time
437,2,blueberry,180.0,-3,1,2,time
438,1,blueberry,172.5,-3,1,1,blueberry_full_control
438,2,raspberry,180.0,2,1,1,time
438,3,raspberry,180.0,2,1,1,time
439,1,raspberry,180.0,3,1,1,time
439,2,blueberry,180.0,-2,1,1,time
439,3,blueberry,180.0,-3,1,1,time
440,1,raspberry,180.0,2,1,1,time
440,2,raspberry,180.0,2,1,1,time
441,1,blueberry,180.0,-1,1,1,time
441,2,blueberry,180.0,-1,2,1,time
442,1,blueberry,180.0,-1,1,1,time
442,2,raspberry,180.0,2,1,1,time
442,3,raspberry,180.0,2,1,1,time
443,1,raspberry,180.0,2,1,1,time
443,2,raspberry,180.0,3,1,1,time
444,1,blueberry,180.0,-1,1,1,time
444,2,raspberry,169.5,3,1,1,raspberry_full_control
444,3,raspberry,176.0,3,1,1,raspberry_full_control
445,1,blueberry,142.5,-3,1,1,blueberry_full_control
445,2,blueberry,180.0,-2,1,1,time
446,1,raspberry,180.0,2,1,1,time
446,2,blueberry,180.0,-1,1,1,time
446,3,raspberry,180.0,3,1,1,time
447,1,blueberry,165.0,-3,1,2,blueberry_full_control
447,2,blueberry,180.0,-1,1,2,time
448,1,blueberry,180.0,-1,1,1,time
448,2,raspberry,180.0,2,1,1,time
448,3,blueberry,164.0,-3,1,3,blueberry_full_control
449,1,raspberry,180.0,3,2,1,time
449,2,raspberry,180.0,3,2,1,time
450,1,raspberry,180.0,2,1,1,time
450,2,blueberry,124.5,-3,1,1,blueberry_full_control
450,3,raspberry,180.0,2,1,2,time
451,1,raspberry,180.0,2,1,2,time
451,2,raspberry,180.0,0,1,2,time
452,1,raspberry,180.0,2,1,1,time
452,2,blueberry,180.0,-3,1,1,time
452,3,blueberry,180.0,-3,2,2,time
453,1,blueberry,180.0,-3,1,1,time
453,2,raspberry,180.0,3,1,1,time
453,3,raspberry,180.0,3,1,1,time
454,1,raspberry,180.0,3,1,1,time
454,2,raspberry,153.5,3,1,1,raspberry_full_control
455,1,raspberry,180.0,1,1,1,time
455,2,raspberry,155.0,3,1,1,raspberry_full_control
456,1,blueberry,180.0,-2,1,1,time
456,2,blueberry,180.0,-1,1,1,time
457,1,raspberry,180.0,3,1,1,time
457,2,blueberry,180.0,-1,1,1,time
457,3,blueberry,180.0,-1,1,1,time
458,1,raspberry,180.0,1,1,1,time
458,2,blueberry,151.5,-3,1,1,blueberry_full_control
458,3,blueberry,180.0,-1,1,1,time
459,1,blueberry,180.0,0,1,1,time
459,2,blueberry,180.0,-3,1,1,time
460,1,blueberry,175.5,-1,1,1,raspberry_full_control
460,2,blueberry,162.5,-3,1,1,blueberry_full_control
461,1,raspberry,180.0,2,1,1,time
461,2,raspberry,180.0,2,1,1,time
462,1,raspberry,154.0,1,1,1,raspberry_full_control
462,2,raspberry,180.0,3,1,1,time
463,1,blueberry,180.0,-1,1,1,time
463,2,raspberry,180.0,2,1,1,time
463,3,raspberry,180.0,2,1,1,time
464,1,raspberry,180.0,2,1,1,time
464,2,blueberry,123.0,-3,1,1,blueberry_full_control
464,3,blueberry,144.0,-3,1,1,blueberry_full_control
465,1,raspberry,180.0,0,1,1,time
465,2,raspberry,180.0,3,1,1,time
466,1,raspberry,180.0,2,1,1,time
466,2,raspberry,180.0,1,1,2,time
467,1,blueberry,180.0,-3,1,2,time
467,2,blueberry,164.0,-3,1,2,blueberry_full_control
468,1,blueberry,175.5,-3,1,1,blueberry_full_control
468,2,blueberry,180.0,-2,1,1,time
469,1,raspberry,180.0,1,1,1,time
469,2,raspberry,180.0,1,1,1,time
470,1,raspberry,180.0,1,1,2,time
470,2,blueberry,123.0,-3,1,2,blueberry_full_control
470,3,blueberry,167.0,-3,1,2,blueberry_full_control
471,1,blueberry,180.0,-2,1,1,time
471,2,raspberry,180.0,3,1,1,time
471,3,raspberry,161.0,3,1,1,raspberry_full_control
472,1,blueberry,135.0,-3,1,1,blueberry_full_control
472,2,raspberry,180.0,2,1,1,time
472,3,raspberry,180.0,3,1,1,time
473,1,raspberry,180.0,2,1,1,time
473,2,blueberry,180.0,-3,1,2,time
473,3,blueberry,180.0,-3,1,3,time
474,1,blueberry,180.0,0,1,1,time
474,2,blueberry,180.0,-1,1,1,time
475,1,raspberry,180.0,3,1,1,time
475,2,blueberry,180.0,-2,1,1,time
475,3,raspberry,180.0,3,1,1,time
476,1,blueberry,180.0,-3,1,1,time
476,2,raspberry,180.0,1,1,1,time
476,3,raspberry,180.0,1,1,1,time
477,1,raspberry,180.0,3,1,1,time
477,2,raspberry,180.0,1,1,1,time
478,1,raspberry,180.0,3,1,1,time
478,2,raspberry,171.0,3,3,1,raspberry_full_control
479,1,raspberry,180.0,3,2,2,time
479,2,blueberry,180.0,-3,2,2,time
479,3,blueberry,180.0,-3,2,2,time
480,1,raspberry,180.0,3,1,1,time
480,2,raspberry,180.0,3,1,1,time
481,1,blueberry,180.0,-1,1,1,time
481,2,blueberry,180.0,-1,1,1,time
482,1,raspberry,180.0,2,1,1,time
482,2,raspberry,180.0,2,1,1,time
483,1,blueberry,180.0,-1,2,1,time
483,2,raspberry,180.0,3,2,1,time
483,3,raspberry,180.0,3,2,1,time
484,1,raspberry,180.0,2,1,1,time
484,2,blueberry,151.5,-3,1,1,blueberry_full_control
484,3,blueberry,180.0,-2,1,2,time
485,1,raspberry,180.0,2,1,1,time
485,2,raspberry,177.5,3,1,1,raspberry_full_control
486,1,blueberry,180.0,0,1,2,time
486,2,blueberry,180.0,-3,1,2,time
487,1,raspberry,180.0,0,1,1,time
487,2,blueberry,177.0,-3,1,1,blueberry_full_control
487,3,blueberry,180.0,-3,1,1,time
488,1,raspberry,180.0,3,1,1,time
488,2,raspberry,165.5,3,1,1,raspberry_full_control
489,1,raspberry,180.0,0,1,2,time
489,2,blueberry,140.5,-3,1,3,blueberry_full_control
489,3,blueberry,120.0,-3,1,3,blueberry_full_control
490,1,raspberry,180.0,2,1,1,time
490,2,raspberry,159.0,3,1,1,raspberry_full_control
491,1,raspberry,180.0,3,1,1,time
491,2,blueberry,180.0,-1,1,2,time
491,3,blueberry,138.0,-3,1,2,blueberry_full_control
492,1,blueberry,153.0,-3,1,1,blueberry_full_control
492,2,raspberry,180.0,1,1,1,time
492,3,blueberry,146.5,-3,1,1,blueberry_full_control
493,1,blueberry,180.0,-1,1,1,time
493,2,blueberry,180.0,-1,2,1,time
494,1,raspberry,180.0,1,1,1,time
494,2,raspberry,180.0,2,1,1,time
495,1,raspberry,180.0,3,1,1,time
495,2,blueberry,180.0,-1,1,1,time
495,3,raspberry,180.0,3,1,1,time
496,1,blueberry,180.0,-1,1,1,time
496,2,raspberry,180.0,2,1,1,time
496,3,raspberry,180.0,1,1,1,time
497,1,raspberry,180.0,3,1,2,time
497,2,blueberry,180.0,-3,1,3,time
497,3,blueberry,157.0,-3,1,3,blueberry_full_control
498,1,raspberry,180.0,0,1,1,time
498,2,raspberry,180.0,3,1,1,time
499,1,raspberry,180.0,3,1,1,time
499,2,raspberry,176.0,3,1,1,raspberry_full_control
500,1,blueberry,180.0,-3,1,1,time
500,2,blueberry,144.0,-3,1,1,blueberry_full_control
501,1,raspberry,180.0,2,1,1,time
501,2,raspberry,180.0,2,1,1,time
502,1,raspberry,180.0,2,1,1,time
502,2,raspberry,180.0,3,1,1,time
503,1,blueberry,180.0,-3,1,1,time
503,2,raspberry,180.0,3,1,2,time
503,3,raspberry,180.0,0,2,2,time
504,1,blueberry,180.0,-2,1,2,time
504,2,blueberry,153.0,-3,1,2,blueberry_full_control
505,1,raspberry,174.5,3,1,1,raspberry_full_control
505,2,raspberry,165.5,3,1,2,raspberry_full_control
506,1,blueberry,180.0,-1,1,1,time
506,2,raspberry,180.0,3,1,1,time
506,3,raspberry,180.0,1,1,1,time
507,1,raspberry,180.0,2,1,1,time
507,2,raspberry,180.0,3,1,2,time
508,1,blueberry,180.0,-2,1,2,time
508,2,raspberry,180.0,1,3,2,time
508,3,raspberry,180.0,3,3,2,time
509,1,raspberry,180.0,1,1,1,time
509,2,raspberry,180.0,1,1,1,time
510,1,blueberry,180.0,-3,1,2,time
510,2,blueberry,154.0,-3,1,2,blueberry_full_control
511,1,blueberry,180.0,-2,1,1,time
511,2,raspberry,180.0,2,1,1,time
511,3,blueberry,180.0,-1,1,1,time
512,1,raspberry,180.0,2,1,1,time
512,2,raspberry,180.0,3,1,1,time
513,1,raspberry,180.0,3,1,1,time
513,2,blueberry,157.0,-3,1,1,blueberry_full_control
513,3,blueberry,166.0,-3,1,1,blueberry_full_control
514,1,raspberry,180.0,1,1,2,time
514,2,blueberry,147.0,-3,1,2,blueberry_full_control
514,3,blueberry,142.5,-3,1,2,blueberry_full_control
515,1,blueberry,180.0,-2,1,1,time
515,2,raspberry,176.0,3,1,1,raspberry_full_control
515,3,raspberry,180.0,3,1,1,time
516,1,raspberry,180.0,1,2,1,time
516,2,raspberry,180.0,3,2,1,time
517,1,raspberry,180.0,2,1,1,time
517,2,blueberry,180.0,-1,1,1,time
517,3,blueberry,180.0,-1,1,1,time
518,1,blueberry,180.0,-1,1,1,time
518,2,blueberry,173.0,-3,1,1,blueberry_full_control
519,1,blueberry,180.0,-1,1,1,time
519,2,raspberry,180.0,3,1,1,time
519,3,blueberry,180.0,-1,1,1,time
520,1,raspberry,180.0,3,1,1,time
520,2,blueberry,180.0,-3,1,1,time
520,3,raspberry,180.0,3,1,1,time
521,1,raspberry,180.0,1,1,1,time
521,2,raspberry,180.0,0,1,1,time
522,1,raspberry,180.0,3,1,1,time
522,2,blueberry,180.0,-3,1,1,time
522,3,raspberry,180.0,3,1,1,time
523,1,raspberry,180.0,2,1,2,time
523,2,blueberry,180.0,-1,2,2,time
523,3,blueberry,175.0,-3,2,2,blueberry_full_control
524,1,blueberry,162.0,-3,1,1,blueberry_full_control
524,2,blueberry,180.0,-1,1,1,time
525,1,raspberry,180.0,3,1,2,time
525,2,blueberry,156.5,-3,1,2,blueberry_full_control
525,3,blueberry,159.0,-3,1,2,blueberry_full_control
526,1,raspberry,180.0,2,1,1,time
526,2,blueberry,143.0,-3,1,2,blueberry_full_control
526,3,raspberry,180.0,2,2,2,time
527,1,blueberry,115.5,-2,1,1,raspberry_full_control
527,2,blueberry,180.0,-1,1,1,time
528,1,blueberry,180.0,-3,1,1,time
528,2,raspberry,180.0,2,1,1,time
528,3,blueberry,164.5,-3,1,1,blueberry_full_control
529,1,blueberry,157.5,-3,1,1,blueberry_full_control
529,2,blueberry,180.0,-1,1,1,time
530,1,raspberry,180.0,1,2,2,time
530,2,blueberry,180.0,-1,2,2,time
530,3,raspberry,180.0,3,2,2,time
531,1,blueberry,180.0,-3,1,1,time
531,2,raspberry,175.0,2,1,1,raspberry_full_control
531,3,blueberry,167.0,-3,1,1,blueberry_full_control
532,1,blueberry,180.0,-1,1,1,time
532,2,raspberry,180.0,3,1,2,time
532,3,raspberry,180.0,1,2,2,time
533,1,raspberry,180.0,3,1,1,time
533,2,raspberry,180.0,3,1,2,time
534,1,raspberry,180.0,3,1,1,time
534,2,raspberry,180.0,3,1,1,time
535,1,raspberry,180.0,3,1,1,time
535,2,raspberry,180.0,3,1,1,time
536,1,raspberry,180.0,2,1,1,time
536,2,blueberry,180.0,-3,1,1,time
536,3,blueberry,180.0,-1,1,2,time
537,1,blueberry,165.5,-3,1,1,blueberry_full_control
537,2,raspberry,180.0,2,1,2,time
537,3,blueberry,173.0,-3,1,2,blueberry_full_control
538,1,raspberry,180.0,2,1,1,time
538,2,raspberry,180.0,2,1,1,time
539,1,raspberry,180.0,3,2,2,time
539,2,raspberry,164.0,3,2,2,raspberry_full_control
540,1,raspberry,180.0,0,1,1,time
540,2,blueberry,180.0,-2,1,1,time
540,3,blueberry,171.0,-3,1,1,blueberry_full_control
541,1,raspberry,180.0,3,1,1,time
541,2,blueberry,180.0,-1,1,1,time
541,3,raspberry,180.0,2,2,1,time
542,1,raspberry,180.0,1,1,1,time
542,2,blueberry,180.0,-2,1,1,time
542,3,raspberry,180.0,2,1,1,time
543,1,blueberry,180.0,-1,1,1,time
543,2,raspberry,180.0,1,1,1,time
543,3,blueberry,180.0,-1,1,1,time
544,1,raspberry,180.0,2,2,3,time
544,2,raspberry,180.0,2,2,3,time
545,1,raspberry,180.0,2,1,1,time
545,2,blueberry,174.5,-3,1,1,blueberry_full_control
545,3,raspberry,180.0,2,1,1,time
546,1,blueberry,180.0,-1,2,2,time
546,2,blueberry,180.0,-2,2,2,time
547,1,blueberry,153.0,-3,1,1,blueberry_full_control
547,2,blueberry,180.0,-1,1,1,time
548,1,blueberry,180.0,-1,1,2,time
548,2,blueberry,172.5,-3,1,3,blueberry_full_control
549,1,raspberry,180.0,1,1,3,time
549,2,blueberry,163.5,-3,1,4,blueberry_full_control
549,3,blueberry,106.0,-3,1,5,blueberry_full_control
550,1,raspberry,180.0,1,1,1,time
550,2,blueberry,180.0,-1,1,1,time
550,3,blueberry,180.0,-3,1,1,time
551,1,raspberry,180.0,1,2,1,time
551,2,blueberry,180.0,-2,2,1,time
551,3,raspberry,180.0,0,2,1,time
552,1,raspberry,180.0,3,1,2,time
552,2,blueberry,129.0,-3,1,2,blueberry_full_control
552,3,blueberry,176.5,-3,2,2,blueberry_full_control
553,1,blueberry,180.0,-3,1,2,time
553,2,blueberry,180.0,-3,1,2,time
554,1,blueberry,180.0,-1,1,1,time
554,2,raspberry,180.0,1,1,1,time
554,3,raspberry,180.0,3,1,1,time
555,1,raspberry,180.0,3,1,1,time
555,2,blueberry,180.0,-1,1,1,time
555,3,blueberry,180.0,-3,1,1,time
556,1,blueberry,180.0,-3,1,1,time
556,2,raspberry,180.0,1,1,1,time
556,3,blueberry,131.0,-3,1,1,blueberry_full_control
557,1,blueberry,174.0,-3,1,1,blueberry_full_control
557,2,raspberry,180.0,2,1,1,time
557,3,raspberry,180.0,2,2,2,time
558,1,blueberry,180.0,-2,1,1,time
558,2,blueberry,180.0,-2,1,2,time
559,1,raspberry,180.0,2,1,1,time
559,2,blueberry,126.5,-3,1,1,blueberry_full_control
559,3,raspberry,180.0,2,1,1,time
560,1,raspberry,180.0,1,1,1,time
560,2,blueberry,180.0,-1,1,1,time
560,3,blueberry,180.0,-2,1,1,time
561,1,blueberry,180.0,-3,1,1,time
561,2,blueberry,134.0,0,1,1,raspberry_full_control
562,1,blueberry,180.0,-3,1,1,time
562,2,blueberry,180.0,-2,1,3,time
563,1,raspberry,180.0,1,1,1,time
563,2,blueberry,166.5,-3,1,1,blueberry_full_control
563,3,raspberry,180.0,1,1,1,time
564,1,raspberry,180.0,1,1,2,time
564,2,blueberry,180.0,-2,1,2,time
564,3,blueberry,159.5,-3,1,2,blueberry_full_control
565,1,raspberry,180.0,2,1,1,time
565,2,raspberry,180.0,0,1,1,time
566,1,raspberry,180.0,3,1,1,time
566,2,raspberry,180.0,3,1,1,time
567,1,raspberry,180.0,3,1,1,time
567,2,blueberry,180.0,-3,1,1,time
567,3,raspberry,180.0,2,1,1,time
568,1,raspberry,180.0,3,1,1,time
568,2,blueberry,180.0,-1,1,1,time
568,3,raspberry,180.0,1,1,1,time
569,1,blueberry,180.0,0,1,2,time
569,2,raspberry,180.0,0,1,2,time
569,3,blueberry,133.0,-3,1,3,blueberry_full_control
570,1,blueberry,180.0,-1,1,2,time
570,2,blueberry,135.0,-3,1,2,blueberry_full_control
571,1,blueberry,180.0,-1,1,2,time
571,2,blueberry,135.0,-3,1,2,blueberry_full_control
572,1,raspberry,139.0,1,1,1,raspberry_full_control
572,2,blueberry,127.0,-3,1,1,blueberry_full_control
572,3,blueberry,132.0,-3,1,1,blueberry_full_control
573,1,blueberry,180.0,-3,1,2,time
573,2,blueberry,180.0,-1,1,3,time
574,1,raspberry,180.0,2,1,1,time
574,2,blueberry,180.0,-3,1,1,time
574,3,raspberry,180.0,3,1,1,time
575,1,blueberry,180.0,-1,1,1,time
575,2,raspberry,180.0,3,1,1,time
575,3,raspberry,180.0,2,1,1,time
576,1,raspberry,180.0,2,1,1,time
576,2,raspberry,180.0,0,1,1,time
577,1,blueberry,180.0,-1,1,1,time
577,2,raspberry,180.0,1,1,2,time
577,3,blueberry,153.0,-3,1,2,blueberry_full_control
578,1,blueberry,180.0,-3,1,1,time
578,2,blueberry,180.0,-2,1,1,time
579,1,raspberry,180.0,2,1,1,time
579,2,raspberry,180.0,1,1,2,time
580,1,blueberry,180.0,-2,1,2,time
580,2,blueberry,180.0,-3,1,2,time
581,1,blueberry,180.0,-3,1,1,time
581,2,raspberry,180.0,0,1,1,time
581,3,raspberry,180.0,3,1,1,time
582,1,blueberry,180.0,-1,1,3,time
582,2,blueberry,163.5,-3,1,3,blueberry_full_control
583,1,raspberry,180.0,3,1,1,time
583,2,raspberry,180.0,3,1,1,time
584,1,blueberry,180.0,-1,1,1,time
584,2,blueberry,180.0,-3,1,1,time
585,1,raspberry,180.0,0,1,2,time
585,2,blueberry,156.0,-3,1,2,blueberry_full_control
585,3,blueberry,180.0,-3,1,2,time
586,1,raspberry,180.0,3,1,1,time
586,2,blueberry,180.0,-2,1,1,time
586,3,blueberry,180.0,-3,1,1,time
587,1,blueberry,180.0,-3,1,2,time
587,2,blueberry,180.0,-2,2,4,time
588,1,blueberry,180.0,-3,1,1,time
588,2,raspberry,180.0,1,1,2,time
588,3,raspberry,180.0,2,1,2,time
589,1,raspberry,180.0,2,1,1,time
589,2,blueberry,142.5,-3,1,1,blueberry_full_control
589,3,blueberry,133.5,-3,1,2,blueberry_full_control
590,1,raspberry,180.0,3,1,1,time
590,2,raspberry,171.0,3,1,1,raspberry_full_control
591,1,blueberry,180.0,-1,1,1,time
591,2,blueberry,180.0,-3,1,2,time
592,1,blueberry,172.5,-3,1,1,blueberry_full_control
592,2,blueberry,149.0,-3,1,2,blueberry_full_control
593,1,raspberry,180.0,1,1,1,time
593,2,blueberry,143.0,-3,1,1,blueberry_full_control
593,3,blueberry,164.5,-3,1,2,blueberry_full_control
594,1,raspberry,180.0,1,1,1,time
594,2,raspberry,180.0,3,1,1,time
595,1,raspberry,180.0,3,1,1,time
595,2,blueberry,180.0,-3,1,1,time
595,3,raspberry,180.0,0,1,1,time
596,1,raspberry,180.0,1,1,1,time
596,2,raspberry,180.0,2,1,1,time
597,1,raspberry,176.0,3,1,1,raspberry_full_control
597,2,raspberry,180.0,3,1,1,time
598,1,raspberry,180.0,3,1,1,time
598,2,raspberry,180.0,3,1,1,time
599,1,raspberry,180.0,1,1,1,time
599,2,raspberry,180.0,3,1,1,time
600,1,raspberry,180.0,2,1,1,time
600,2,blueberry,180.0,-2,1,1,time
600,3,blueberry,180.0,-2,1,1,time
601,1,raspberry,180.0,0,1,1,time
601,2,raspberry,180.0,1,1,1,time
602,1,raspberry,180.0,2,1,1,time
602,2,raspberry,176.0,3,1,1,raspberry_full_control
603,1,raspberry,180.0,1,1,1,time
603,2,raspberry,165.5,3,1,1,raspberry_full_control
604,1,blueberry,180.0,-3,1,1,time
604,2,raspberry,180.0,3,1,1,time
604,3,raspberry,180.0,1,1,1,time
605,1,raspberry,180.0,3,1,1,time
605,2,raspberry,180.0,2,1,2,time
606,1,blueberry,180.0,-2,1,2,time
606,2,blueberry,167.5,-3,1,2,blueberry_full_control
607,1,blueberry,180.0,-1,1,1,time
607,2,raspberry,180.0,1,2,2,time
607,3,blueberry,153.0,-3,2,2,blueberry_full_control
608,1,blueberry,179.0,-3,1,1,blueberry_full_control
608,2,raspberry,180.0,2,2,1,time
608,3,raspberry,180.0,3,2,1,time
609,1,raspberry,180.0,1,1,1,time
609,2,blueberry,180.0,-1,1,1,time
609,3,raspberry,180.0,3,1,1,time
610,1,raspberry,180.0,2,1,1,time
610,2,blueberry,180.0,-1,1,1,time
610,3,raspberry,180.0,1,1,1,time
611,1,raspberry,180.0,1,1,1,time
611,2,blueberry,133.5,-3,1,1,blueberry_full_control
611,3,blueberry,180.0,-2,1,1,time
612,1,raspberry,180.0,0,1,1,time
612,2,blueberry,180.0,0,1,1,time
612,3,raspberry,180.0,1,1,2,time
613,1,raspberry,180.0,3,1,1,time
613,2,raspberry,180.0,1,1,1,time
614,1,raspberry,180.0,3,2,1,time
614,2,raspberry,168.5,3,3,1,raspberry_full_control
615,1,blueberry,180.0,-1,1,2,time
615,2,blueberry,180.0,-2,1,2,time
616,1,blueberry,180.0,-2,1,1,time
616,2,blueberry,180.0,-1,1,1,time
617,1,raspberry,180.0,2,1,1,time
617,2,raspberry,180.0,2,1,1,time
618,1,blueberry,154.5,-3,1,1,blueberry_full_control
618,2,blueberry,180.0,-1,1,1,time
619,1,blueberry,180.0,-3,1,1,time
619,2,blueberry,180.0,-1,1,1,time
620,1,raspberry,180.0,0,1,1,time
620,2,raspberry,180.0,1,1,1,time
621,1,raspberry,180.0,2,1,1,time
621,2,raspberry,180.0,2,1,1,time
622,1,blueberry,180.0,-2,1,1,time
622,2,raspberry,180.0,1,1,2,time
622,3,blueberry,104.5,-2,1,2,raspberry_full_control
623,1,raspberry,180.0,1,1,2,time
623,2,blueberry,180.0,-3,1,2,time
623,3,raspberry,174.0,3,1,2,raspberry_full_control
624,1,blueberry,180.0,-1,1,2,time
624,2,blueberry,141.5,-3,1,2,blueberry_full_control
625,1,raspberry,180.0,3,1,1,time
625,2,blueberry,171.5,-3,1,1,blueberry_full_control
625,3,raspberry,180.0,3,1,1,time
626,1,raspberry,180.0,2,1,1,time
626,2,raspberry,180.0,2,1,1,time
627,1,raspberry,180.0,0,1,2,time
627,2,raspberry,120.0,1,1,2,raspberry_full_control
628,1,raspberry,180.0,2,1,1,time
628,2,blueberry,133.0,-3,1,1,blueberry_full_control
628,3,blueberry,139.0,-3,1,2,blueberry_full_control
629,1,blueberry,180.0,-1,1,2,time
629,2,raspberry,180.0,2,2,2,time
629,3,raspberry,180.0,0,2,3,time
630,1,raspberry,180.0,3,1,2,time
630,2,raspberry,180.0,3,1,2,time
631,1,blueberry,180.0,-1,1,2,time
631,2,raspberry,180.0,3,1,3,time
631,3,blueberry,180.0,-3,1,4,time
632,1,raspberry,180.0,2,1,2,time
632,2,blueberry,153.0,-3,1,2,blueberry_full_control
632,3,blueberry,153.5,-3,1,2,blueberry_full_control
633,1,raspberry,180.0,1,1,1,time
633,2,raspberry,180.0,2,1,1,time
634,1,raspberry,180.0,1,1,1,time
634,2,raspberry,180.0,1,1,2,time
635,1,blueberry,180.0,-3,1,1,time
635,2,blueberry,144.0,-3,1,2,blueberry_full_control
636,1,raspberry,180.0,0,1,1,time
636,2,blueberry,180.0,-2,1,1,time
636,3,raspberry,180.0,3,1,1,time
637,1,blueberry,180.0,-1,1,1,time
637,2,blueberry,172.0,-3,1,1,blueberry_full_control
638,1,raspberry,180.0,2,1,1,time
638,2,raspberry,180.0,2,1,1,time
639,1,blueberry,180.0,-2,1,1,time
639,2,raspberry,180.0,1,1,1,time
639,3,blueberry,114.0,-3,1,1,blueberry_full_control
640,1,blueberry,180.0,-1,1,1,time
640,2,raspberry,180.0,3,1,1,time
640,3,raspberry,180.0,1,1,1,time
641,1,raspberry,180.0,2,1,1,time
641,2,raspberry,180.0,1,1,1,time
642,1,blueberry,180.0,-3,1,2,time
642,2,raspberry,180.0,0,1,2,time
642,3,blueberry,134.5,-3,1,2,blueberry_full_control
643,1,raspberry,180.0,1,1,1,time
643,2,blueberry,130.5,-3,1,1,blueberry_full_control
643,3,raspberry,180.0,2,1,1,time
644,1,blueberry,180.0,-3,1,1,time
644,2,raspberry,180.0,1,1,1,time
644,3,blueberry,180.0,-2,1,2,time
645,1,raspberry,180.0,3,1,1,time
645,2,raspberry,180.0,2,1,1,time
646,1,raspberry,179.5,3,1,1,raspberry_full_control
646,2,blueberry,144.0,-3,1,1,blueberry_full_control
646,3,blueberry,140.0,-3,1,1,blueberry_full_control
647,1,raspberry,180.0,1,1,2,time
647,2,blueberry,180.0,-3,1,2,time
647,3,blueberry,180.0,-2,1,2,time
648,1,raspberry,180.0,2,1,1,time
648,2,blueberry,180.0,-1,1,1,time
648,3,raspberry,180.0,1,1,1,time
649,1,raspberry,180.0,0,1,1,time
649,2,blueberry,180.0,-2,1,1,time
649,3,raspberry,180.0,3,1,1,time
650,1,blueberry,180.0,-3,1,1,time
650,2,raspberry,164.0,3,1,1,raspberry_full_control
650,3,raspberry,152.0,3,1,1,raspberry_full_control
651,1,blueberry,180.0,-1,1,1,time
651,2,raspberry,165.5,3,1,1,raspberry_full_control
651,3,blueberry,173.5,-3,1,1,blueberry_full_control
652,1,blueberry,180.0,-2,1,1,time
652,2,raspberry,180.0,3,1,1,time
652,3,raspberry,180.0,2,1,1,time
653,1,raspberry,180.0,3,1,1,time
653,2,raspberry,180.0,3,1,1,time
654,1,blueberry,180.0,-3,1,1,time
654,2,raspberry,180.0,2,1,1,time
654,3,blueberry,153.0,-3,1,1,blueberry_full_control
655,1,blueberry,180.0,-1,1,2,time
655,2,blueberry,147.0,-3,1,2,blueberry_full_control
656,1,blueberry,180.0,-1,1,1,time
656,2,raspberry,160.0,3,1,1,raspberry_full_control
656,3,blueberry,142.5,-3,1,1,blueberry_full_control
657,1,raspberry,180.0,1,1,1,time
657,2,blueberry,179.0,-3,1,1,blueberry_full_control
657,3,raspberry,180.0,2,1,2,time
658,1,raspberry,180.0,1,1,1,time
658,2,raspberry,180.0,2,1,1,time
659,1,raspberry,180.0,0,3,1,time
659,2,raspberry,176.0,3,3,1,raspberry_full_control
660,1,blueberry,180.0,-3,1,1,time
660,2,blueberry,180.0,-3,1,1,time
661,1,blueberry,180.0,-2,1,1,time
661,2,blueberry,138.0,-3,1,1,blueberry_full_control
662,1,blueberry,180.0,-1,1,3,time
662,2,blueberry,149.5,-3,1,3,blueberry_full_control
663,1,raspberry,180.0,2,1,1,time
663,2,raspberry,180.0,2,1,1,time
664,1,raspberry,180.0,2,1,1,time
664,2,raspberry,180.0,2,1,2,time
665,1,blueberry,180.0,-2,1,1,time
665,2,blueberry,180.0,-1,1,1,time
666,1,raspberry,180.0,1,1,1,time
666,2,blueberry,180.0,-2,1,1,time
666,3,blueberry,180.0,-1,1,1,time
667,1,blueberry,172.5,-3,1,1,blueberry_full_control
667,2,blueberry,180.0,-3,1,1,time
668,1,blueberry,145.0,-1,1,1,raspberry_full_control
668,2,raspberry,180.0,1,1,2,time
668,3,blueberry,180.0,-2,1,2,time
669,1,blueberry,180.0,-1,1,1,time
669,2,blueberry,180.0,-3,1,1,time
670,1,raspberry,180.0,1,1,1,time
670,2,raspberry,180.0,3,1,1,time
671,1,raspberry,180.0,1,1,1,time
671,2,raspberry,180.0,3,1,1,time
672,1,blueberry,180.0,-2,1,3,time
672,2,blueberry,136.5,-3,1,3,blueberry_full_control
673,1,blueberry,159.5,-3,1,1,blueberry_full_control
673,2,blueberry,124.5,-3,1,1,blueberry_full_control
674,1,blueberry,180.0,-3,1,2,time
674,2,blueberry,154.5,-3,1,2,blueberry_full_control
675,1,blueberry,180.0,-3,1,1,time
675,2,raspberry,180.0,1,1,1,time
675,3,raspberry,180.0,2,1,1,time
676,1,raspberry,180.0,2,1,1,time
676,2,blueberry,144.0,-3,1,2,blueberry_full_control
676,3,blueberry,127.5,-3,1,2,blueberry_full_control
677,1,raspberry,180.0,3,1,1,time
677,2,raspberry,180.0,3,1,1,time
678,1,blueberry,172.0,-3,1,1,blueberry_full_control
678,2,blueberry,162.5,-3,1,1,blueberry_full_control
679,1,raspberry,180.0,2,1,1,time
679,2,raspberry,180.0,2,1,1,time
680,1,blueberry,180.0,-2,1,1,time
680,2,blueberry,144.0,-3,1,1,blueberry_full_control
681,1,blueberry,180.0,-3,1,1,time
681,2,raspberry,180.0,2,1,1,time
681,3,raspberry,180.0,2,1,1,time
682,1,blueberry,175.5,-3,1,1,blueberry_full_control
682,2,blueberry,179.0,-3,1,1,blueberry_full_control
683,1,blueberry,180.0,-3,1,1,time
683,2,blueberry,171.5,-3,1,1,blueberry_full_control
684,1,blueberry,161.5,-3,1,1,blueberry_full_control
684,2,blueberry,172.5,-3,1,1,blueberry_full_control
685,1,blueberry,161.5,-3,1,1,blueberry_full_control
685,2,raspberry,180.0,3,1,1,time
685,3,raspberry,180.0,1,1,2,time
686,1,raspberry,180.0,1,1,1,time
686,2,raspberry,180.0,2,1,1,time
687,1,raspberry,180.0,3,1,1,time
687,2,raspberry,180.0,3,1,1,time
688,1,raspberry,180.0,3,1,1,time
688,2,blueberry,180.0,-1,1,1,time
688,3,raspberry,180.0,3,1,1,time
689,1,raspberry,180.0,3,1,1,time
689,2,blueberry,180.0,-1,1,2,time
689,3,raspberry,180.0,2,1,2,time
690,1,blueberry,180.0,-2,1,1,time
690,2,raspberry,180.0,2,1,1,time
690,3,raspberry,180.0,2,1,1,time
691,1,blueberry,180.0,-3,1,1,time
691,2,raspberry,180.0,0,1,2,time
691,3,raspberry,180.0,2,1,2,time
692,1,raspberry,180.0,3,1,1,time
692,2,raspberry,180.0,3,1,1,time
693,1,blueberry,180.0,-3,1,1,time
693,2,raspberry,180.0,2,2,1,time
693,3,raspberry,180.0,3,3,1,time
694,1,raspberry,180.0,1,1,1,time
694,2,blueberry,180.0,-2,1,2,time
694,3,blueberry,180.0,-3,1,2,time
695,1,blueberry,180.0,-2,1,1,time
695,2,raspberry,180.0,2,1,1,time
695,3,blueberry,123.0,-3,1,1,blueberry_full_control
696,1,blueberry,136.0,-3,1,1,blueberry_full_control
696,2,raspberry,180.0,1,1,3,time
696,3,raspberry,180.0,3,1,3,time
697,1,raspberry,180.0,3,1,1,time
697,2,raspberry,180.0,2,1,1,time
698,1,blueberry,180.0,-2,1,2,time
698,2,raspberry,175.0,3,1,2,raspberry_full_control
698,3,raspberry,180.0,3,1,2,time
699,1,blueberry,180.0,-3,1,1,time
699,2,raspberry,153.0,3,1,1,raspberry_full_control
699,3,raspberry,180.0,2,1,1,time
700,1,blueberry,180.0,-3,1,1,time
700,2,blueberry,180.0,-1,1,1,time
701,1,raspberry,180.0,3,1,1,time
701,2,raspberry,170.5,3,1,1,raspberry_full_control
702,1,blueberry,180.0,-3,1,1,time
702,2,blueberry,180.0,-1,1,1,time
703,1,blueberry,180.0,-2,2,1,time
703,2,raspberry,180.0,3,2,1,time
703,3,raspberry,180.0,2,2,1,time
704,1,blueberry,180.0,-2,1,1,time
704,2,raspberry,180.0,3,1,1,time
704,3,raspberry,164.5,3,1,1,raspberry_full_control
705,1,raspberry,180.0,1,1,1,time
705,2,blueberry,165.0,-3,1,1,blueberry_full_control
705,3,blueberry,142.5,-3,1,2,blueberry_full_control
706,1,blueberry,180.0,-3,1,1,time
706,2,raspberry,180.0,0,1,1,time
706,3,raspberry,180.0,1,1,1,time
707,1,raspberry,180.0,3,1,1,time
707,2,raspberry,162.5,3,1,1,raspberry_full_control
708,1,blueberry,180.0,-3,1,1,time
708,2,raspberry,180.0,1,1,1,time
708,3,raspberry,180.0,1,1,1,time
709,1,raspberry,180.0,3,1,1,time
709,2,raspberry,180.0,3,1,1,time
710,1,blueberry,180.0,-1,1,1,time
710,2,raspberry,180.0,2,1,1,time
710,3,raspberry,180.0,1,1,1,time
711,1,raspberry,180.0,1,1,1,time
711,2,blueberry,180.0,-2,1,2,time
711,3,raspberry,180.0,1,1,2,time
712,1,blueberry,180.0,-3,1,1,time
712,2,raspberry,180.0,1,1,2,time
712,3,blueberry,180.0,-3,1,2,time
713,1,raspberry,180.0,0,1,2,time
713,2,blueberry,135.0,-3,1,2,blueberry_full_control
713,3,raspberry,180.0,2,1,2,time
714,1,raspberry,180.0,2,1,1,time
714,2,raspberry,180.0,1,1,1,time
715,1,blueberry,180.0,-3,1,1,time
715,2,blueberry,180.0,-3,1,1,time
716,1,blueberry,153.0,-3,1,1,blueberry_full_control
716,2,raspberry,180.0,2,1,2,time
716,3,blueberry,180.0,-2,1,2,time
717,1,raspberry,180.0,2,1,1,time
717,2,blueberry,180.0,-1,1,2,time
717,3,raspberry,180.0,3,1,2,time
718,1,raspberry,180.0,3,1,2,time
718,2,blueberry,180.0,-3,1,2,time
718,3,blueberry,180.0,-3,1,2,time
719,1,raspberry,180.0,3,1,1,time
719,2,raspberry,180.0,1,2,1,time
720,1,raspberry,180.0,2,1,1,time
720,2,blueberry,180.0,-1,1,2,time
720,3,blueberry,180.0,0,1,2,time
721,1,raspberry,180.0,1,1,1,time
721,2,blueberry,180.0,-3,1,1,time
721,3,blueberry,159.0,-3,1,1,blueberry_full_control
722,1,blueberry,180.0,-1,1,1,time
722,2,blueberry,180.0,-3,1,1,time
723,1,raspberry,180.0,3,1,1,time
723,2,raspberry,174.5,3,1,1,raspberry_full_control
724,1,raspberry,180.0,3,1,1,time
724,2,raspberry,180.0,1,1,2,time
725,1,raspberry,180.0,2,2,1,time
725,2,raspberry,180.0,2,2,1,time
726,1,raspberry,180.0,3,1,1,time
726,2,blueberry,180.0,-2,1,1,time
726,3,blueberry,180.0,-2,1,1,time
727,1,raspberry,180.0,2,1,1,time
727,2,blueberry,180.0,-3,1,1,time
727,3,raspberry,180.0,3,1,1,time
728,1,blueberry,180.0,-3,1,1,time
728,2,raspberry,180.0,2,1,2,time
728,3,blueberry,123.5,-3,1,3,blueberry_full_control
729,1,blueberry,165.5,-3,1,1,blueberry_full_control
729,2,blueberry,153.0,-3,1,1,blueberry_full_control
730,1,blueberry,180.0,-1,1,1,time
730,2,raspberry,180.0,2,1,1,time
730,3,raspberry,180.0,2,1,1,time
731,1,blueberry,174.0,-3,1,1,blueberry_full_control
731,2,raspberry,180.0,1,1,1,time
731,3,raspberry,180.0,2,1,1,time
732,1,blueberry,180.0,-2,1,1,time
732,2,blueberry,136.5,-3,1,1,blueberry_full_control
733,1,blueberry,180.0,-2,1,1,time
733,2,raspberry,180.0,0,1,1,time
733,3,blueberry,180.0,-1,1,1,time
734,1,raspberry,180.0,2,1,1,time
734,2,blueberry,180.0,-1,1,1,time
734,3,raspberry,180.0,0,1,1,time
735,1,blueberry,180.0,-3,1,1,time
735,2,blueberry,153.5,-3,1,2,blueberry_full_control
736,1,raspberry,180.0,0,1,1,time
736,2,blueberry,133.5,-3,1,1,blueberry_full_control
736,3,raspberry,180.0,1,1,1,time
737,1,raspberry,180.0,2,1,1,time
737,2,raspberry,180.0,1,1,1,time
738,1,raspberry,180.0,1,2,2,time
738,2,raspberry,180.0,1,2,2,time
739,1,blueberry,172.5,-3,1,1,blueberry_full_control
739,2,blueberry,180.0,-3,1,1,time
740,1,blueberry,180.0,-3,1,1,time
740,2,raspberry,162.5,3,1,1,raspberry_full_control
740,3,raspberry,180.0,3,1,1,time
741,1,raspberry,180.0,3,1,1,time
741,2,blueberry,180.0,-2,1,1,time
741,3,blueberry,148.0,-3,1,1,blueberry_full_control
742,1,raspberry,180.0,2,1,2,time
742,2,blueberry,124.5,-3,1,2,blueberry_full_control
742,3,blueberry,133.5,-3,1,2,blueberry_full_control
743,1,blueberry,164.0,-1,1,1,raspberry_full_control
743,2,blueberry,180.0,-2,1,1,time
744,1,blueberry,180.0,-2,1,1,time
744,2,blueberry,180.0,-1,1,1,time
745,1,raspberry,180.0,3,1,1,time
745,2,raspberry,180.0,2,1,2,time
746,1,blueberry,180.0,-3,1,1,time
746,2,blueberry,180.0,-3,1,1,time
747,1,raspberry,180.0,3,1,1,time
747,2,blueberry,180.0,-3,1,2,time
747,3,blueberry,180.0,-3,1,2,time
748,1,raspberry,180.0,3,1,1,time
748,2,raspberry,180.0,2,1,1,time
749,1,blueberry,180.0,-3,1,1,time
749,2,blueberry,159.5,-3,1,1,blueberry_full_control
750,1,raspberry,180.0,3,1,1,time
750,2,blueberry,165.0,-3,1,1,blueberry_full_control
750,3,blueberry,180.0,-3,1,2,time
751,1,raspberry,180.0,1,2,2,time
751,2,raspberry,180.0,0,2,2,time
752,1,blueberry,180.0,-3,1,2,time
752,2,raspberry,180.0,2,1,2,time
752,3,blueberry,144.0,-3,1,3,blueberry_full_control
753,1,raspberry,180.0,3,1,1,time
753,2,raspberry,180.0,1,1,1,time
754,1,blueberry,180.0,-3,1,1,time
754,2,blueberry,171.0,-3,1,1,blueberry_full_control
755,1,blueberry,142.5,-3,1,1,blueberry_full_control
755,2,blueberry,180.0,-1,1,1,time
756,1,raspberry,180.0,1,1,2,time
756,2,blueberry,152.0,-3,1,2,blueberry_full_control
756,3,blueberry,145.5,-3,1,2,blueberry_full_control
757,1,blueberry,180.0,-2,1,1,time
757,2,raspberry,180.0,2,1,1,time
757,3,raspberry,161.0,3,1,1,raspberry_full_control
758,1,blueberry,180.0,-2,1,2,time
758,2,blueberry,180.0,0,1,2,time
759,1,raspberry,180.0,2,1,1,time
759,2,raspberry,180.0,1,1,1,time
760,1,blueberry,180.0,0,1,1,time
760,2,blueberry,123.0,-3,1,1,blueberry_full_control
761,1,raspberry,180.0,1,1,1,time
761,2,raspberry,173.5,3,1,1,raspberry_full_control
762,1,raspberry,180.0,1,1,1,time
762,2,blueberry,145.0,-3,1,1,blueberry_full_control
762,3,blueberry,154.5,-3,1,1,blueberry_full_control
763,1,blueberry,180.0,-2,1,2,time
763,2,blueberry,152.0,-3,1,3,blueberry_full_control
764,1,raspberry,180.0,0,1,1,time
764,2,raspberry,180.0,1,1,2,time
765,1,blueberry,180.0,-2,1,1,time
765,2,raspberry,180.0,1,1,1,time
765,3,blueberry,147.5,-3,1,1,blueberry_full_control
766,1,blueberry,180.0,-1,1,1,time
766,2,raspberry,180.0,2,1,1,time
766,3,raspberry,180.0,3,1,1,time
767,1,raspberry,180.0,3,1,1,time
767,2,raspberry,180.0,3,1,1,time
768,1,raspberry,180.0,1,1,1,time
768,2,blueberry,180.0,0,1,1,time
768,3,blueberry,172.5,-3,1,1,blueberry_full_control
769,1,raspberry,180.0,3,1,1,time
769,2,raspberry,180.0,1,1,1,time
770,1,raspberry,180.0,3,1,1,time
770,2,raspberry,180.0,1,1,2,time
771,1,blueberry,153.0,-3,1,1,blueberry_full_control
771,2,blueberry,125.5,-3,1,1,blueberry_full_control
772,1,raspberry,180.0,2,1,1,time
772,2,raspberry,180.0,2,1,1,time
773,1,raspberry,180.0,3,1,1,time
773,2,raspberry,180.0,3,1,1,time
774,1,raspberry,180.0,3,1,1,time
774,2,blueberry,180.0,0,1,1,time
774,3,raspberry,180.0,3,1,1,time
775,1,blueberry,180.0,-3,2,1,time
775,2,raspberry,147.5,3,2,1,raspberry_full_control
775,3,raspberry,156.5,3,2,1,raspberry_full_control
776,1,raspberry,180.0,3,1,1,time
776,2,blueberry,180.0,-2,1,1,time
776,3,blueberry,180.0,-1,1,1,time
777,1,raspberry,180.0,2,1,2,time
777,2,blueberry,97.0,-2,1,2,raspberry_full_control
777,3,blueberry,180.0,-1,2,3,time
778,1,raspberry,180.0,3,1,1,time
778,2,blueberry,157.0,-3,1,1,blueberry_full_control
778,3,blueberry,153.0,-3,1,1,blueberry_full_control
779,1,blueberry,180.0,-3,1,1,time
779,2,blueberry,127.5,-3,1,1,blueberry_full_control
780,1,blueberry,163.0,-3,1,1,blueberry_full_control
780,2,blueberry,141.0,-3,1,1,blueberry_full_control
781,1,blueberry,180.0,-1,1,1,time
781,2,raspberry,180.0,1,1,1,time
781,3,raspberry,146.5,3,2,1,raspberry_full_control
782,1,raspberry,180.0,1,1,1,time
782,2,raspberry,180.0,1,1,1,time
783,1,blueberry,180.0,-3,1,1,time
783,2,raspberry,180.0,1,1,1,time
783,3,blueberry,173.0,-3,1,1,blueberry_full_control
784,1,blueberry,133.5,-3,1,1,blueberry_full_control
784,2,raspberry,180.0,1,1,1,time
784,3,blueberry,123.0,-3,1,1,blueberry_full_control
785,1,raspberry,180.0,3,1,1,time
785,2,raspberry,180.0,0,1,1,time
786,1,blueberry,163.5,-3,1,1,blueberry_full_control
786,2,blueberry,180.0,-3,1,1,time
787,1,raspberry,180.0,2,1,1,time
787,2,blueberry,180.0,-2,1,1,time
787,3,raspberry,180.0,3,1,1,time
788,1,blueberry,180.0,-2,1,3,time
788,2,blueberry,143.5,-3,1,4,blueberry_full_control
789,1,raspberry,180.0,3,1,1,time
789,2,blueberry,144.0,-3,1,1,blueberry_full_control
789,3,blueberry,180.0,-1,1,1,time
790,1,blueberry,180.0,-3,1,1,time
790,2,raspberry,180.0,1,1,1,time
790,3,blueberry,104.0,-2,1,1,raspberry_full_control
791,1,raspberry,180.0,2,1,2,time
791,2,blueberry,180.0,-1,1,2,time
791,3,blueberry,148.5,-3,1,2,blueberry_full_control
792,1,blueberry,180.0,-2,1,1,time
792,2,blueberry,180.0,-2,1,2,time
793,1,blueberry,180.0,-2,1,1,time
793,2,raspberry,180.0,3,1,1,time
793,3,blueberry,154.5,-3,1,1,blueberry_full_control
794,1,blueberry,180.0,-3,1,1,time
794,2,raspberry,180.0,2,2,3,time
794,3,blueberry,159.0,-3,2,3,blueberry_full_control
795,1,raspberry,180.0,1,1,1,time
795,2,blueberry,180.0,-3,1,1,time
795,3,blueberry,180.0,-3,1,1,time
796,1,blueberry,180.0,-2,1,1,time
796,2,raspberry,180.0,1,1,1,time
796,3,blueberry,147.0,-3,1,3,blueberry_full_control
797,1,raspberry,180.0,1,1,1,time
797,2,raspberry,180.0,2,1,1,time
798,1,blueberry,180.0,-3,1,2,time
798,2,raspberry,180.0,3,1,2,time
798,3,blueberry,180.0,-1,1,3,time
799,1,raspberry,180.0,1,1,1,time
799,2,raspberry,180.0,2,1,2,time
800,1,raspberry,180.0,1,1,1,time
800,2,blueberry,180.0,-3,1,1,time
800,3,raspberry,180.0,3,1,1,time
801,1,blueberry,180.0,-2,1,1,time
801,2,raspberry,177.5,3,1,1,raspberry_full_control
801,3,raspberry,176.0,3,1,1,raspberry_full_control
802,1,blueberry,180.0,-1,1,1,time
802,2,raspberry,180.0,1,1,1,time
802,3,raspberry,174.0,3,1,1,raspberry_full_control
803,1,raspberry,180.0,1,1,1,time
803,2,raspberry,168.0,3,1,1,raspberry_full_control
804,1,raspberry,180.0,2,1,2,time
804,2,raspberry,180.0,3,1,2,time
805,1,blueberry,180.0,-3,1,2,time
805,2,blueberry,180.0,-3,1,2,time
806,1,raspberry,180.0,3,1,1,time
806,2,raspberry,180.0,2,1,2,time
807,1,raspberry,180.0,1,1,2,time
807,2,blueberry,143.0,-3,1,2,blueberry_full_control
807,3,blueberry,143.0,-3,1,2,blueberry_full_control
808,1,raspberry,180.0,3,1,1,time
808,2,blueberry,180.0,-1,1,1,time
808,3,raspberry,180.0,0,1,1,time
809,1,raspberry,180.0,2,1,1,time
809,2,raspberry,180.0,3,1,1,time
810,1,raspberry,180.0,2,1,1,time
810,2,raspberry,174.5,3,1,1,raspberry_full_control
811,1,raspberry,180.0,1,1,1,time
811,2,blueberry,180.0,-1,1,1,time
811,3,raspberry,180.0,0,1,1,time
812,1,blueberry,145.0,-3,1,1,blueberry_full_control
812,2,blueberry,129.0,-3,1,1,blueberry_full_control
813,1,raspberry,180.0,1,2,1,time
813,2,raspberry,180.0,2,2,1,time
814,1,raspberry,180.0,2,1,2,time
814,2,blueberry,149.5,-3,1,2,blueberry_full_control
814,3,blueberry,180.0,-1,1,2,time
815,1,blueberry,180.0,-2,1,2,time
815,2,blueberry,180.0,-2,1,3,time
816,1,raspberry,180.0,3,1,1,time
816,2,raspberry,180.0,1,1,1,time
817,1,blueberry,169.0,-3,1,1,blueberry_full_control
817,2,raspberry,135.5,2,1,1,raspberry_full_control
817,3,raspberry,180.0,2,1,1,time
818,1,raspberry,180.0,1,2,1,time
818,2,raspberry,170.0,3,2,1,raspberry_full_control
819,1,blueberry,180.0,-2,1,1,time
819,2,raspberry,180.0,2,1,1,time
819,3,blueberry,180.0,0,1,1,time
820,1,raspberry,180.0,3,1,1,time
820,2,blueberry,180.0,-3,1,1,time
820,3,raspberry,180.0,3,1,1,time
821,1,blueberry,180.0,-3,1,1,time
821,2,raspberry,180.0,3,2,1,time
821,3,raspberry,177.5,3,2,1,raspberry_full_control
822,1,raspberry,180.0,3,1,1,time
822,2,raspberry,180.0,0,1,1,time
823,1,blueberry,180.0,-1,1,1,time
823,2,blueberry,157.5,-3,1,1,blueberry_full_control
824,1,blueberry,162.5,-3,1,1,blueberry_full_control
824,2,blueberry,144.0,-3,1,1,blueberry_full_control
825,1,raspberry,180.0,0,1,1,time
825,2,raspberry,158.0,3,1,1,raspberry_full_control
826,1,blueberry,180.0,-3,1,1,time
826,2,blueberry,133.5,-3,1,1,blueberry_full_control
827,1,raspberry,180.0,1,1,1,time
827,2,raspberry,180.0,3,1,2,time
828,1,raspberry,180.0,2,1,1,time
828,2,blueberry,132.0,-3,1,1,blueberry_full_control
828,3,blueberry,134.5,-3,1,1,blueberry_full_control
829,1,raspberry,180.0,2,1,1,time
829,2,blueberry,156.0,-3,1,1,blueberry_full_control
829,3,blueberry,178.0,-3,1,1,blueberry_full_control
830,1,blueberry,180.0,-1,1,1,time
830,2,blueberry,155.0,-3,1,1,blueberry_full_control
831,1,raspberry,180.0,2,1,2,time
831,2,blueberry,180.0,-2,1,2,time
831,3,blueberry,180.0,-3,1,2,time
832,1,raspberry,180.0,3,1,1,time
832,2,raspberry,180.0,3,1,2,time
833,1,raspberry,180.0,3,1,1,time
833,2,blueberry,172.5,-3,1,1,blueberry_full_control
833,3,raspberry,180.0,3,1,1,time
834,1,raspberry,180.0,1,1,1,time
834,2,raspberry,164.0,3,1,1,raspberry_full_control
835,1,raspberry,180.0,3,1,1,time
835,2,raspberry,180.0,3,1,1,time
836,1,raspberry,180.0,3,1,1,time
836,2,raspberry,180.0,1,1,2,time
837,1,raspberry,180.0,1,1,1,time
837,2,raspberry,180.0,3,1,1,time
838,1,blueberry,180.0,-2,1,1,time
838,2,raspberry,180.0,1,1,1,time
838,3,raspberry,180.0,2,1,1,time
839,1,raspberry,180.0,2,1,1,time
839,2,raspberry,180.0,0,1,2,time
840,1,blueberry,180.0,-3,1,1,time
840,2,raspberry,180.0,2,1,1,time
840,3,raspberry,176.0,3,1,1,raspberry_full_control
841,1,raspberry,180.0,3,1,1,time
841,2,raspberry,165.5,3,1,1,raspberry_full_control
842,1,blueberry,180.0,-3,1,1,time
842,2,blueberry,180.0,-3,1,1,time
843,1,raspberry,180.0,3,1,1,time
843,2,blueberry,144.0,-3,1,1,blueberry_full_control
843,3,blueberry,136.5,-3,1,1,blueberry_full_control
844,1,raspberry,180.0,2,2,1,time
844,2,raspberry,180.0,2,2,1,time
845,1,blueberry,180.0,-2,1,2,time
845,2,blueberry,180.0,-3,1,2,time
846,1,blueberry,172.5,-3,1,1,blueberry_full_control
846,2,raspberry,180.0,3,1,1,time
846,3,raspberry,180.0,2,1,1,time
847,1,blueberry,180.0,0,1,1,time
847,2,raspberry,180.0,3,1,1,time
847,3,raspberry,180.0,3,1,1,time
848,1,blueberry,180.0,-2,1,1,time
848,2,blueberry,180.0,-2,1,2,time
849,1,raspberry,180.0,2,1,1,time
849,2,blueberry,180.0,-1,1,1,time
849,3,raspberry,180.0,0,1,1,time
850,1,raspberry,180.0,0,1,1,time
850,2,raspberry,180.0,1,1,1,time
851,1,blueberry,156.0,-3,1,1,blueberry_full_control
851,2,blueberry,152.5,-3,1,1,blueberry_full_control
852,1,raspberry,180.0,3,1,1,time
852,2,raspberry,180.0,1,1,2,time
853,1,raspberry,166.5,3,1,1,raspberry_full_control
853,2,raspberry,180.0,3,1,1,time
854,1,blueberry,180.0,-1,1,1,time
854,2,blueberry,180.0,-2,1,1,time
855,1,raspberry,180.0,3,1,1,time
855,2,blueberry,180.0,-3,1,1,time
855,3,blueberry,180.0,-3,1,1,time
856,1,raspberry,180.0,2,1,1,time
856,2,blueberry,176.5,-3,1,1,blueberry_full_control
856,3,raspberry,180.0,2,1,1,time
857,1,blueberry,125.0,-2,1,1,raspberry_full_control
857,2,blueberry,126.5,-3,1,1,blueberry_full_control
858,1,blueberry,180.0,-1,1,1,time
858,2,blueberry,180.0,-3,1,2,time
859,1,blueberry,180.0,-3,1,1,time
859,2,raspberry,180.0,1,1,1,time
859,3,raspberry,180.0,2,1,2,time
860,1,blueberry,180.0,-2,1,1,time
860,2,raspberry,180.0,0,1,1,time
860,3,blueberry,180.0,-2,1,1,time
861,1,blueberry,180.0,-1,1,1,time
861,2,raspberry,180.0,1,1,1,time
861,3,raspberry,180.0,2,1,1,time
862,1,blueberry,180.0,-1,1,1,time
862,2,raspberry,180.0,0,2,1,time
862,3,raspberry,180.0,3,2,1,time
863,1,blueberry,180.0,-1,1,1,time
863,2,blueberry,154.5,-3,1,3,blueberry_full_control
864,1,blueberry,180.0,-2,1,1,time
864,2,raspberry,180.0,3,1,1,time
864,3,raspberry,180.0,3,1,1,time
865,1,blueberry,180.0,-3,1,1,time
865,2,raspberry,180.0,2,1,1,time
865,3,blueberry,180.0,-1,1,1,time
866,1,raspberry,180.0,1,1,1,time
866,2,blueberry,180.0,-3,1,1,time
866,3,raspberry,180.0,3,1,1,time
867,1,blueberry,180.0,-1,1,1,time
867,2,blueberry,180.0,-2,1,2,time
868,1,raspberry,180.0,1,1,1,time
868,2,raspberry,180.0,1,1,1,time
869,1,blueberry,180.0,-2,1,1,time
869,2,raspberry,180.0,3,1,1,time
869,3,raspberry,180.0,2,1,1,time
870,1,blueberry,173.5,-3,1,1,blueberry_full_control
870,2,blueberry,142.0,-3,1,1,blueberry_full_control
871,1,blueberry,180.0,-3,1,1,time
871,2,blueberry,180.0,-2,1,1,time
872,1,raspberry,180.0,3,1,1,time
872,2,blueberry,152.5,-3,1,1,blueberry_full_control
872,3,raspberry,180.0,2,1,1,time
873,1,blueberry,142.5,-3,1,1,blueberry_full_control
873,2,raspberry,180.0,0,1,1,time
873,3,raspberry,180.0,2,1,1,time
874,1,raspberry,180.0,1,1,1,time
874,2,blueberry,151.5,-3,1,1,blueberry_full_control
874,3,blueberry,180.0,-2,1,1,time
875,1,blueberry,180.0,-3,2,1,time
875,2,raspberry,180.0,2,2,1,time
875,3,raspberry,180.0,3,2,1,time
876,1,raspberry,180.0,1,1,1,time
876,2,blueberry,180.0,-3,1,2,time
876,3,raspberry,180.0,1,1,3,time
877,1,raspberry,180.0,2,1,2,time
877,2,blueberry,124.5,-3,1,2,blueberry_full_control
877,3,blueberry,138.5,-3,1,3,blueberry_full_control
878,1,raspberry,180.0,1,1,1,time
878,2,blueberry,180.0,-3,1,1,time
878,3,blueberry,131.5,-3,1,1,blueberry_full_control
879,1,raspberry,180.0,3,1,1,time
879,2,raspberry,180.0,3,2,1,time
880,1,blueberry,180.0,0,1,1,time
880,2,raspberry,180.0,1,1,2,time
880,3,blueberry,154.0,-3,1,2,blueberry_full_control
881,1,blueberry,180.0,-1,1,1,time
881,2,raspberry,180.0,2,2,1,time
881,3,raspberry,180.0,3,2,1,time
882,1,raspberry,180.0,0,1,1,time
882,2,blueberry,180.0,-2,1,1,time
882,3,raspberry,180.0,2,1,1,time
883,1,raspberry,180.0,1,1,1,time
883,2,blueberry,180.0,-3,1,1,time
883,3,raspberry,180.0,2,1,1,time
884,1,blueberry,180.0,-1,1,1,time
884,2,raspberry,180.0,0,1,1,time
884,3,raspberry,180.0,1,1,1,time
885,1,blueberry,180.0,-3,1,2,time
885,2,raspberry,180.0,2,1,2,time
885,3,blueberry,180.0,-2,1,2,time
886,1,blueberry,154.5,-3,1,1,blueberry_full_control
886,2,raspberry,180.0,1,1,1,time
886,3,blueberry,132.0,-3,1,1,blueberry_full_control
887,1,raspberry,180.0,1,1,2,time
887,2,blueberry,124.5,-3,1,2,blueberry_full_control
887,3,blueberry,141.5,-3,1,2,blueberry_full_control
888,1,blueberry,179.5,-3,1,1,blueberry_full_control
888,2,raspberry,180.0,2,1,1,time
888,3,raspberry,180.0,2,2,1,time
889,1,raspberry,180.0,3,1,1,time
889,2,raspberry,171.5,3,1,1,raspberry_full_control
890,1,raspberry,180.0,2,1,1,time
890,2,raspberry,180.0,3,1,1,time
891,1,raspberry,180.0,2,1,1,time
891,2,blueberry,180.0,-2,1,1,time
891,3,raspberry,180.0,1,1,1,time
892,1,blueberry,171.5,-3,1,1,blueberry_full_control
892,2,raspberry,180.0,0,1,1,time
892,3,raspberry,180.0,1,1,2,time
893,1,raspberry,180.0,3,1,1,time
893,2,raspberry,169.5,3,2,1,raspberry_full_control
894,1,blueberry,180.0,-2,1,1,time
894,2,blueberry,180.0,-3,1,1,time
895,1,raspberry,180.0,0,1,1,time
895,2,raspberry,180.0,2,2,1,time
896,1,raspberry,180.0,2,1,1,time
896,2,raspberry,180.0,1,1,1,time
897,1,raspberry,180.0,3,1,1,time
897,2,raspberry,180.0,3,1,1,time
898,1,blueberry,132.0,-1,1,1,raspberry_full_control
898,2,raspberry,180.0,3,2,1,time
898,3,blueberry,180.0,-1,2,1,time
899,1,raspberry,180.0,2,1,2,time
899,2,raspberry,180.0,3,1,2,time
900,1,blueberry,180.0,0,1,1,time
900,2,blueberry,112.5,-3,1,1,blueberry_full_control
901,1,raspberry,180.0,1,1,1,time
901,2,raspberry,180.0,3,1,1,time
902,1,blueberry,180.0,-3,1,1,time
902,2,raspberry,180.0,2,1,1,time
902,3,raspberry,89.0,0,1,1,raspberry_full_control
903,1,raspberry,180.0,1,1,1,time
903,2,raspberry,180.0,3,1,1,time
904,1,blueberry,180.0,-3,1,1,time
904,2,raspberry,180.0,1,1,1,time
904,3,blueberry,180.0,-2,1,1,time
905,1,raspberry,180.0,3,1,1,time
905,2,raspberry,180.0,1,1,1,time
906,1,blueberry,180.0,-1,1,1,time
906,2,blueberry,180.0,-3,1,2,time
907,1,blueberry,180.0,-3,1,1,time
907,2,blueberry,180.0,-3,1,1,time
908,1,raspberry,180.0,1,1,1,time
908,2,raspberry,153.5,3,1,1,raspberry_full_control
909,1,raspberry,180.0,2,1,1,time
909,2,raspberry,180.0,2,2,1,time
910,1,raspberry,180.0,3,1,1,time
910,2,raspberry,158.0,3,1,1,raspberry_full_control
911,1,raspberry,180.0,2,1,1,time
911,2,raspberry,180.0,0,2,1,time
912,1,raspberry,180.0,2,1,1,time
912,2,raspberry,180.0,2,1,1,time
913,1,raspberry,180.0,1,1,1,time
913,2,raspberry,180.0,3,1,1,time
914,1,blueberry,156.0,-3,1,1,blueberry_full_control
914,2,blueberry,133.5,-3,1,1,blueberry_full_control
915,1,blueberry,172.5,-3,1,1,blueberry_full_control
915,2,blueberry,172.5,-3,1,1,blueberry_full_control
916,1,blueberry,180.0,-2,1,1,time
916,2,raspberry,180.0,0,1,2,time
916,3,blueberry,180.0,-1,1,2,time
917,1,blueberry,180.0,-1,1,3,time
917,2,blueberry,123.0,-3,1,3,blueberry_full_control
918,1,raspberry,180.0,0,1,1,time
918,2,blueberry,180.0,-2,1,2,time
918,3,blueberry,180.0,-3,1,2,time
919,1,raspberry,180.0,0,1,1,time
919,2,blueberry,180.0,-2,2,1,time
919,3,raspberry,180.0,3,2,2,time
920,1,raspberry,180.0,3,2,1,time
920,2,blueberry,180.0,-3,2,1,time
920,3,blueberry,146.5,-3,2,1,blueberry_full_control
921,1,blueberry,180.0,-2,1,1,time
921,2,blueberry,180.0,-1,1,1,time
922,1,raspberry,180.0,3,1,1,time
922,2,raspberry,180.0,1,1,2,time
923,1,raspberry,180.0,3,1,1,time
923,2,raspberry,180.0,3,1,1,time
924,1,raspberry,180.0,1,1,1,time
924,2,blueberry,180.0,-2,1,1,time
924,3,blueberry,180.0,0,1,1,time
925,1,raspberry,180.0,2,2,2,time
925,2,raspberry,180.0,3,3,2,time
926,1,raspberry,180.0,0,1,1,time
926,2,raspberry,180.0,1,1,1,time
927,1,raspberry,180.0,1,1,1,time
927,2,raspberry,180.0,0,1,1,time
928,1,blueberry,180.0,-3,1,1,time
928,2,raspberry,180.0,2,1,1,time
928,3,blueberry,157.0,-3,1,1,blueberry_full_control
929,1,blueberry,180.0,-2,1,1,time
929,2,raspberry,164.0,3,1,1,raspberry_full_control
929,3,blueberry,180.0,-1,1,1,time
930,1,raspberry,180.0,3,1,1,time
930,2,raspberry,180.0,2,1,1,time
931,1,blueberry,180.0,-2,1,1,time
931,2,blueberry,135.0,-3,1,2,blueberry_full_control
932,1,raspberry,180.0,3,1,1,time
932,2,blueberry,180.0,-3,1,1,time
932,3,raspberry,180.0,1,2,1,time
933,1,raspberry,180.0,3,1,1,time
933,2,raspberry,180.0,2,1,1,time
934,1,blueberry,180.0,-3,1,1,time
934,2,blueberry,145.5,-3,1,2,blueberry_full_control
935,1,raspberry,180.0,3,1,1,time
935,2,raspberry,180.0,3,1,1,time
936,1,blueberry,180.0,-2,1,2,time
936,2,blueberry,133.5,-3,1,2,blueberry_full_control
937,1,raspberry,180.0,2,1,1,time
937,2,blueberry,180.0,-3,1,1,time
937,3,raspberry,180.0,3,1,1,time
938,1,raspberry,180.0,1,1,1,time
938,2,raspberry,180.0,1,1,2,time
939,1,raspberry,180.0,2,1,1,time
939,2,raspberry,180.0,1,1,1,time
940,1,raspberry,180.0,2,1,1,time
940,2,raspberry,176.5,3,1,1,raspberry_full_control
941,1,raspberry,180.0,2,1,1,time
941,2,blueberry,180.0,-2,1,1,time
941,3,raspberry,180.0,1,1,1,time
942,1,raspberry,180.0,1,1,1,time
942,2,raspberry,180.0,3,1,1,time
943,1,blueberry,180.0,-3,1,2,time
943,2,blueberry,180.0,-2,1,2,time
944,1,blueberry,180.0,-1,1,1,time
944,2,raspberry,180.0,0,1,1,time
944,3,blueberry,180.0,-1,1,2,time
945,1,blueberry,180.0,-3,1,1,time
945,2,blueberry,142.5,-3,1,2,blueberry_full_control
946,1,raspberry,180.0,2,1,1,time
946,2,raspberry,180.0,3,1,1,time
947,1,blueberry,180.0,-2,1,1,time
947,2,raspberry,180.0,2,2,1,time
947,3,raspberry,180.0,1,3,1,time
948,1,raspberry,180.0,3,1,2,time
948,2,raspberry,180.0,2,1,2,time
949,1,blueberry,180.0,-1,1,1,time
949,2,blueberry,180.0,-2,1,1,time
950,1,raspberry,180.0,0,1,3,time
950,2,blueberry,115.5,-3,1,3,blueberry_full_control
950,3,blueberry,122.5,-3,1,3,blueberry_full_control
951,1,raspberry,180.0,2,1,2,time
951,2,blueberry,180.0,-2,1,2,time
951,3,blueberry,125.0,-3,1,2,blueberry_full_control
952,1,raspberry,180.0,3,1,1,time
952,2,raspberry,180.0,3,1,1,time
953,1,blueberry,180.0,-1,1,1,time
953,2,raspberry,180.0,1,1,1,time
953,3,raspberry,180.0,3,3,1,time
954,1,blueberry,180.0,-2,1,1,time
954,2,raspberry,180.0,1,1,1,time
954,3,blueberry,180.0,-1,1,2,time
955,1,raspberry,180.0,2,1,1,time
955,2,raspberry,152.0,3,1,1,raspberry_full_control
956,1,blueberry,180.0,-3,1,2,time
956,2,blueberry,180.0,-3,1,2,time
957,1,blueberry,180.0,-2,1,1,time
957,2,raspberry,180.0,1,1,3,time
957,3,raspberry,180.0,3,2,3,time
958,1,raspberry,180.0,1,1,1,time
958,2,raspberry,180.0,3,1,2,time
959,1,blueberry,180.0,-2,1,2,time
959,2,blueberry,151.0,-3,1,2,blueberry_full_control
960,1,blueberry,173.0,-3,1,1,blueberry_full_control
960,2,blueberry,144.0,-3,1,1,blueberry_full_control
961,1,blueberry,180.0,-1,1,1,time
961,2,raspberry,180.0,3,1,1,time
961,3,blueberry,180.0,-1,1,2,time
962,1,raspberry,180.0,1,1,1,time
962,2,raspberry,180.0,3,1,1,time
963,1,raspberry,180.0,2,1,1,time
963,2,blueberry,174.0,-3,1,1,blueberry_full_control
963,3,raspberry,180.0,3,1,1,time
964,1,blueberry,177.0,-3,1,2,blueberry_full_control
964,2,blueberry,180.0,-3,1,2,time
965,1,raspberry,180.0,1,1,2,time
965,2,blueberry,133.5,-3,1,2,blueberry_full_control
965,3,raspberry,180.0,1,1,2,time
966,1,raspberry,180.0,1,1,1,time
966,2,raspberry,180.0,2,1,1,time
967,1,raspberry,180.0,2,1,1,time
967,2,raspberry,180.0,2,1,1,time
968,1,raspberry,180.0,2,1,1,time
968,2,raspberry,180.0,2,1,1,time
969,1,raspberry,180.0,3,1,1,time
969,2,blueberry,148.5,-3,1,1,blueberry_full_control
969,3,raspberry,180.0,1,1,1,time
970,1,raspberry,180.0,0,1,2,time
970,2,blueberry,124.5,-3,1,2,blueberry_full_control
970,3,blueberry,180.0,-3,1,3,time
971,1,blueberry,180.0,-3,1,1,time
971,2,blueberry,180.0,-1,1,1,time
972,1,raspberry,180.0,3,1,1,time
972,2,blueberry,162.0,-3,1,2,blueberry_full_control
972,3,blueberry,153.0,-3,1,2,blueberry_full_control
973,1,blueberry,180.0,-3,1,1,time
973,2,blueberry,180.0,-3,2,1,time
974,1,blueberry,180.0,-1,1,1,time
974,2,raspberry,167.0,3,1,1,raspberry_full_control
974,3,raspberry,175.5,3,1,1,raspberry_full_control
975,1,blueberry,180.0,-3,1,1,time
975,2,raspberry,180.0,3,1,2,time
975,3,blueberry,155.5,-3,1,2,blueberry_full_control
976,1,blueberry,180.0,-2,1,1,time
976,2,blueberry,137.0,-3,1,1,blueberry_full_control
977,1,blueberry,180.0,-1,2,1,time
977,2,blueberry,180.0,-3,2,1,time
978,1,blueberry,180.0,-3,1,1,time
978,2,blueberry,152.0,-3,1,1,blueberry_full_control
979,1,blueberry,180.0,0,1,2,time
979,2,blueberry,134.5,-3,1,2,blueberry_full_control
980,1,raspberry,180.0,2,1,1,time
980,2,raspberry,180.0,3,1,1,time
981,1,blueberry,180.0,-2,1,1,time
981,2,blueberry,169.5,-3,1,1,blueberry_full_control
982,1,raspberry,180.0,1,1,1,time
982,2,blueberry,180.0,-2,1,1,time
982,3,raspberry,180.0,0,1,2,time
983,1,raspberry,180.0,3,1,1,time
983,2,blueberry,144.0,-3,1,1,blueberry_full_control
983,3,blueberry,151.5,-3,1,2,blueberry_full_control
984,1,blueberry,180.0,-3,1,1,time
984,2,raspberry,180.0,3,1,1,time
984,3,blueberry,180.0,-2,1,1,time
985,1,blueberry,180.0,-3,1,1,time
985,2,blueberry,180.0,-2,1,1,time
986,1,blueberry,180.0,-2,1,1,time
986,2,raspberry,172.5,3,1,1,raspberry_full_control
986,3,raspberry,153.5,3,1,1,raspberry_full_control
987,1,blueberry,180.0,-2,1,1,time
987,2,blueberry,149.5,-3,1,1,blueberry_full_control
988,1,blueberry,144.0,-3,1,1,blueberry_full_control
988,2,blueberry,114.0,-3,1,1,blueberry_full_control
989,1,raspberry,180.0,3,1,1,time
989,2,raspberry,180.0,1,1,2,time
990,1,raspberry,151.0,3,1,1,raspberry_full_control
990,2,raspberry,156.5,2,1,1,raspberry_full_control
991,1,raspberry,180.0,3,1,1,time
991,2,blueberry,136.5,-3,1,1,blueberry_full_control
991,3,blueberry,180.0,-2,1,2,time
992,1,blueberry,180.0,-2,1,1,time
992,2,blueberry,180.0,-2,1,1,time
993,1,blueberry,180.0,-3,1,1,time
993,2,blueberry,140.0,-3,1,1,blueberry_full_control
994,1,raspberry,159.0,1,1,1,raspberry_full_control
994,2,raspberry,180.0,1,1,1,time
995,1,raspberry,180.0,1,1,2,time
995,2,blueberry,166.5,-3,1,2,blueberry_full_control
995,3,blueberry,168.5,-3,1,2,blueberry_full_control
996,1,blueberry,180.0,-3,1,1,time
996,2,raspberry,180.0,1,1,1,time
996,3,raspberry,180.0,2,1,1,time
997,1,blueberry,146.5,-3,1,1,blueberry_full_control
997,2,raspberry,180.0,1,1,1,time
997,3,raspberry,180.0,2,1,1,time
998,1,raspberry,180.0,2,1,2,time
998,2,raspberry,180.0,1,3,4,time
999,1,blueberry,180.0,-3,1,1,time
999,2,blueberry,145.0,-3,1,1,blueberry_full_control
1000,1,blueberry,180.0,-3,1,2,time
1000,2,blueberry,180.0,-3,1,2,time
1001,1,blueberry,180.0,-3,1,2,time
1001,2,blueberry,180.0,-1,2,3,time
1002,1,raspberry,180.0,2,1,1,time
1002,2,raspberry,180.0,2,2,2,time
1003,1,blueberry,180.0,0,1,2,time
1003,2,blueberry,133.5,-3,2,2,blueberry_full_control
1004,1,raspberry,180.0,3,1,1,time
1004,2,blueberry,180.0,-2,1,1,time
1004,3,raspberry,180.0,1,1,1,time
1005,1,blueberry,180.0,-2,1,1,time
1005,2,blueberry,180.0,-2,1,1,time
1006,1,raspberry,180.0,2,1,1,time
1006,2,blueberry,180.0,-1,1,2,time
1006,3,raspberry,180.0,2,1,3,time
1007,1,raspberry,115.0,0,1,1,raspberry_full_control
1007,2,raspberry,180.0,1,2,1,time
1008,1,raspberry,180.0,1,1,1,time
1008,2,raspberry,180.0,0,1,3,time
1009,1,blueberry,142.5,-3,1,1,blueberry_full_control
1009,2,raspberry,180.0,2,1,1,time
1009,3,raspberry,180.0,1,1,1,time
1010,1,raspberry,180.0,2,1,1,time
1010,2,raspberry,180.0,3,1,1,time
1011,1,raspberry,180.0,3,1,1,time
1011,2,blueberry,180.0,-2,1,1,time
1011,3,raspberry,144.5,3,1,1,raspberry_full_control
1012,1,blueberry,180.0,-2,1,1,time
1012,2,blueberry,145.0,-3,1,1,blueberry_full_control
1013,1,raspberry,180.0,2,2,1,time
1013,2,raspberry,180.0,3,2,1,time
1014,1,blueberry,180.0,-1,2,1,time
1014,2,raspberry,180.0,2,2,1,time
1014,3,blueberry,153.0,-3,2,1,blueberry_full_control
1015,1,blueberry,125.5,-1,1,1,raspberry_full_control
1015,2,raspberry,180.0,1,1,2,time
1015,3,blueberry,173.5,-3,1,2,blueberry_full_control
1016,1,raspberry,180.0,0,1,1,time
1016,2,raspberry,180.0,3,1,1,time
1017,1,blueberry,180.0,-3,1,1,time
1017,2,raspberry,180.0,2,1,1,time
1017,3,raspberry,180.0,1,1,1,time
1018,1,raspberry,180.0,1,1,1,time
1018,2,blueberry,180.0,-2,1,1,time
1018,3,raspberry,180.0,1,1,1,time
1019,1,raspberry,180.0,3,1,1,time
1019,2,raspberry,180.0,1,1,1,time
1020,1,raspberry,180.0,3,1,1,time
1020,2,blueberry,144.5,-3,1,1,blueberry_full_control
1020,3,raspberry,180.0,1,1,1,time
1021,1,raspberry,180.0,3,1,1,time
1021,2,raspberry,173.0,3,1,1,raspberry_full_control
1022,1,raspberry,180.0,1,1,1,time
1022,2,blueberry,180.0,-1,1,1,time
1022,3,blueberry,180.0,-2,1,1,time
1023,1,blueberry,180.0,-3,1,1,time
1023,2,raspberry,180.0,3,1,1,time
1023,3,raspberry,180.0,0,1,2,time
1024,1,blueberry,180.0,-1,2,1,time
1024,2,raspberry,180.0,3,2,1,time
1024,3,blueberry,180.0,-1,2,1,time
1025,1,blueberry,180.0,-3,1,1,time
1025,2,blueberry,180.0,-2,1,1,time
1026,1,raspberry,180.0,2,1,1,time
1026,2,blueberry,180.0,-1,1,1,time
1026,3,blueberry,180.0,-3,1,1,time
1027,1,raspberry,180.0,3,1,2,time
1027,2,raspberry,180.0,2,1,2,time
1028,1,blueberry,180.0,-1,1,1,time
1028,2,blueberry,180.0,-2,1,1,time
1029,1,blueberry,180.0,-3,1,1,time
1029,2,blueberry,124.5,-3,1,1,blueberry_full_control
1030,1,raspberry,180.0,1,1,1,time
1030,2,blueberry,180.0,-3,1,1,time
1030,3,blueberry,180.0,-3,1,1,time
1031,1,blueberry,124.0,-2,1,1,raspberry_full_control
1031,2,blueberry,180.0,-3,1,1,time
1032,1,blueberry,148.5,-3,1,1,blueberry_full_control
1032,2,raspberry,180.0,2,1,1,time
1032,3,blueberry,180.0,-3,1,1,time
1033,1,raspberry,180.0,3,1,1,time
1033,2,blueberry,164.0,-3,1,1,blueberry_full_control
1033,3,raspberry,177.5,3,1,1,raspberry_full_control
1034,1,blueberry,180.0,-2,1,3,time
1034,2,blueberry,158.5,-3,1,3,blueberry_full_control
1035,1,blueberry,180.0,-3,1,1,time
1035,2,blueberry,174.0,-3,1,2,blueberry_full_control
1036,1,raspberry,180.0,0,1,1,time
1036,2,blueberry,180.0,-3,1,1,time
1036,3,raspberry,180.0,1,1,2,time
1037,1,blueberry,180.0,-3,1,1,time
1037,2,blueberry,180.0,-2,1,1,time
1038,1,raspberry,180.0,3,1,1,time
1038,2,raspberry,180.0,3,1,1,time
1039,1,blueberry,180.0,-3,1,1,time
1039,2,raspberry,180.0,2,1,1,time
1039,3,blueberry,180.0,-1,1,2,time
1040,1,raspberry,180.0,1,1,1,time
1040,2,raspberry,180.0,1,1,1,time
1041,1,blueberry,178.5,-3,1,1,blueberry_full_control
1041,2,raspberry,180.0,3,1,1,time
1041,3,blueberry,165.0,-3,1,1,blueberry_full_control
1042,1,blueberry,180.0,-1,1,1,time
1042,2,blueberry,180.0,-3,1,1,time
1043,1,raspberry,180.0,2,1,1,time
1043,2,blueberry,180.0,-3,1,2,time
1043,3,raspberry,180.0,2,1,2,time
1044,1,blueberry,155.0,-1,1,1,raspberry_full_control
1044,2,blueberry,180.0,-2,1,1,time
1045,1,blueberry,180.0,-1,1,1,time
1045,2,raspberry,180.0,1,1,1,time
1045,3,blueberry,180.0,-1,1,1,time
1046,1,blueberry,180.0,-2,1,1,time
1046,2,raspberry,180.0,2,1,1,time
1046,3,raspberry,180.0,3,1,1,time
1047,1,raspberry,180.0,3,2,1,time
1047,2,raspberry,180.0,2,2,1,time
1048,1,blueberry,180.0,-3,1,1,time
1048,2,raspberry,180.0,0,1,1,time
1048,3,raspberry,180.0,1,1,1,time
1049,1,blueberry,180.0,-3,1,2,time
1049,2,blueberry,145.0,-3,1,2,blueberry_full_control
1050,1,blueberry,180.0,-2,1,2,time
1050,2,blueberry,132.5,-3,1,2,blueberry_full_control
1051,1,raspberry,180.0,3,2,1,time
1051,2,blueberry,125.0,-3,2,2,blueberry_full_control
1051,3,raspberry,174.0,3,2,2,raspberry_full_control
1052,1,blueberry,180.0,-2,1,1,time
1052,2,raspberry,180.0,2,1,1,time
1052,3,raspberry,180.0,1,1,1,time
1053,1,raspberry,180.0,0,1,1,time
1053,2,blueberry,180.0,-1,1,1,time
1053,3,raspberry,180.0,3,1,1,time
1054,1,raspberry,170.0,1,1,1,raspberry_full_control
1054,2,blueberry,180.0,-2,1,1,time
1054,3,raspberry,174.0,3,1,2,raspberry_full_control
1055,1,raspberry,180.0,3,1,1,time
1055,2,blueberry,180.0,-3,1,1,time
1055,3,raspberry,175.0,3,2,1,raspberry_full_control
1056,1,raspberry,180.0,1,1,1,time
1056,2,blueberry,180.0,-1,1,2,time
1056,3,blueberry,160.0,-3,1,2,blueberry_full_control
1057,1,raspberry,180.0,1,1,1,time
1057,2,blueberry,143.5,-3,1,1,blueberry_full_control
1057,3,blueberry,157.0,-3,1,1,blueberry_full_control
1058,1,raspberry,180.0,2,1,1,time
1058,2,raspberry,180.0,3,1,1,time
1059,1,raspberry,180.0,1,1,1,time
1059,2,raspberry,180.0,2,1,1,time
1060,1,raspberry,123.0,0,1,1,raspberry_full_control
1060,2,blueberry,180.0,-2,1,1,time
1060,3,raspberry,177.5,3,2,1,raspberry_full_control
1061,1,blueberry,180.0,-2,1,1,time
1061,2,raspberry,180.0,0,1,1,time
1061,3,raspberry,180.0,2,1,1,time
1062,1,blueberry,180.0,-3,1,1,time
1062,2,raspberry,180.0,3,1,1,time
1062,3,raspberry,180.0,3,1,1,time
1063,1,blueberry,180.0,-3,1,1,time
1063,2,raspberry,174.5,3,1,1,raspberry_full_control
1063,3,blueberry,180.0,-2,1,1,time
1064,1,raspberry,180.0,2,1,1,time
1064,2,blueberry,180.0,0,1,1,time
1064,3,raspberry,93.5,1,1,1,raspberry_full_control
1065,1,raspberry,180.0,3,1,1,time
1065,2,blueberry,180.0,-2,1,2,time
1065,3,blueberry,154.5,-3,1,2,blueberry_full_control
1066,1,blueberry,179.5,-3,1,1,blueberry_full_control
1066,2,blueberry,135.0,-3,1,1,blueberry_full_control
1067,1,blueberry,180.0,-2,1,1,time
1067,2,raspberry,180.0,2,1,1,time
1067,3,blueberry,153.0,-3,1,1,blueberry_full_control
1068,1,raspberry,180.0,1,1,1,time
1068,2,blueberry,180.0,-3,1,2,time
1068,3,blueberry,180.0,-1,1,2,time
1069,1,raspberry,160.5,3,1,3,raspberry_full_control
1069,2,raspberry,180.0,3,1,3,time
1070,1,blueberry,180.0,-2,1,2,time
1070,2,blueberry,126.5,-3,1,2,blueberry_full_control
1071,1,raspberry,180.0,0,1,2,time
1071,2,blueberry,173.5,-3,1,2,blueberry_full_control
1071,3,blueberry,180.0,-1,2,3,time
1072,1,blueberry,180.0,-1,1,1,time
1072,2,blueberry,156.0,-3,1,1,blueberry_full_control
1073,1,blueberry,180.0,-3,1,1,time
1073,2,raspberry,177.5,3,1,1,raspberry_full_control
1073,3,raspberry,180.0,2,1,1,time
1074,1,raspberry,180.0,1,1,1,time
1074,2,raspberry,180.0,1,1,1,time
1075,1,blueberry,180.0,-3,1,1,time
1075,2,blueberry,135.0,-3,1,1,blueberry_full_control
1076,1,blueberry,180.0,-3,1,1,time
1076,2,raspberry,180.0,3,1,1,time
1076,3,blueberry,180.0,-3,1,2,time
1077,1,raspberry,180.0,1,1,1,time
1077,2,raspberry,161.0,3,1,1,raspberry_full_control
1078,1,blueberry,180.0,-1,1,1,time
1078,2,raspberry,180.0,0,1,1,time
1078,3,blueberry,140.5,-3,1,1,blueberry_full_control
1079,1,raspberry,180.0,1,1,1,time
1079,2,blueberry,180.0,-1,1,1,time
1079,3,blueberry,180.0,-2,1,1,time
1080,1,blueberry,180.0,-1,1,1,time
1080,2,blueberry,180.0,-2,1,2,time
1081,1,raspberry,180.0,1,1,1,time
1081,2,raspberry,180.0,2,1,1,time
1082,1,blueberry,163.5,-3,1,1,blueberry_full_control
1082,2,blueberry,180.0,-3,1,1,time
1083,1,blueberry,180.0,-1,1,1,time
1083,2,blueberry,180.0,-2,1,1,time
1084,1,blueberry,180.0,-3,1,1,time
1084,2,raspberry,180.0,2,1,2,time
1084,3,blueberry,137.5,-3,1,2,blueberry_full_control
1085,1,blueberry,180.0,-1,1,1,time
1085,2,blueberry,180.0,-3,1,1,time
1086,1,blueberry,180.0,-2,1,1,time
1086,2,raspberry,180.0,2,1,2,time
1086,3,blueberry,135.0,-3,1,2,blueberry_full_control
1087,1,blueberry,180.0,-3,1,2,time
1087,2,raspberry,180.0,2,2,3,time
1087,3,blueberry,180.0,-2,2,3,time
1088,1,blueberry,180.0,-3,1,1,time
1088,2,blueberry,180.0,0,1,1,time
1089,1,blueberry,163.5,-3,1,2,blueberry_full_control
1089,2,blueberry,180.0,-1,1,3,time
1090,1,blueberry,180.0,-3,1,1,time
1090,2,raspberry,180.0,1,1,1,time
1090,3,raspberry,180.0,1,1,1,time
1091,1,raspberry,180.0,2,1,1,time
1091,2,raspberry,176.0,3,1,1,raspberry_full_control
1092,1,blueberry,180.0,-1,1,1,time
1092,2,raspberry,180.0,1,1,1,time
1092,3,raspberry,180.0,1,1,1,time
1093,1,raspberry,180.0,3,1,1,time
1093,2,blueberry,152.5,-3,1,1,blueberry_full_control
1093,3,blueberry,180.0,-1,1,1,time
1094,1,blueberry,180.0,-2,1,1,time
1094,2,raspberry,168.5,3,2,1,raspberry_full_control
1094,3,raspberry,180.0,3,2,1,time
1095,1,raspberry,180.0,2,1,2,time
1095,2,blueberry,153.0,-3,1,2,blueberry_full_control
1095,3,raspberry,180.0,1,1,2,time
1096,1,blueberry,163.5,-3,1,1,blueberry_full_control
1096,2,blueberry,180.0,-2,1,1,time
1097,1,raspberry,180.0,3,1,1,time
1097,2,raspberry,180.0,3,1,1,time
1098,1,raspberry,180.0,3,1,1,time
1098,2,raspberry,180.0,3,1,1,time
1099,1,blueberry,157.5,-1,1,1,raspberry_full_control
1099,2,blueberry,180.0,-2,1,1,time
1100,1,raspberry,180.0,2,1,1,time
1100,2,raspberry,180.0,1,2,1,time
1101,1,raspberry,180.0,2,1,1,time
1101,2,raspberry,180.0,1,1,1,time
1102,1,blueberry,180.0,-1,1,1,time
1102,2,raspberry,180.0,3,1,1,time
1102,3,raspberry,180.0,2,1,1,time
1103,1,raspberry,180.0,2,1,1,time
1103,2,raspberry,180.0,2,1,1,time
1104,1,blueberry,180.0,-1,1,1,time
1104,2,blueberry,134.5,-3,1,1,blueberry_full_control
1105,1,raspberry,180.0,0,1,2,time
1105,2,blueberry,163.5,-3,1,2,blueberry_full_control
1105,3,blueberry,180.0,-3,1,2,time
1106,1,raspberry,180.0,0,1,1,time
1106,2,raspberry,180.0,3,1,1,time
1107,1,blueberry,180.0,-1,2,1,time
1107,2,raspberry,180.0,1,2,1,time
1107,3,raspberry,180.0,3,2,1,time
1108,1,raspberry,180.0,1,2,1,time
1108,2,raspberry,180.0,2,2,1,time
1109,1,blueberry,180.0,-1,1,1,time
1109,2,blueberry,180.0,-1,1,1,time
1110,1,raspberry,180.0,3,1,1,time
1110,2,raspberry,179.0,3,1,1,raspberry_full_control
1111,1,raspberry,177.5,3,2,1,raspberry_full_control
1111,2,raspberry,180.0,3,4,1,time
1112,1,raspberry,180.0,1,1,2,time
1112,2,blueberry,157.5,-3,1,2,blueberry_full_control
1112,3,raspberry,180.0,0,1,2,time
1113,1,blueberry,180.0,-2,1,1,time
1113,2,raspberry,180.0,1,1,1,time
1113,3,blueberry,180.0,-1,1,1,time
1114,1,blueberry,180.0,-1,1,1,time
1114,2,blueberry,180.0,-3,1,2,time
1115,1,blueberry,180.0,-1,1,1,time
1115,2,blueberry,180.0,-1,1,2,time
1116,1,raspberry,180.0,3,1,1,time
1116,2,blueberry,180.0,-1,1,2,time
1116,3,raspberry,180.0,1,1,2,time
1117,1,raspberry,180.0,1,1,1,time
1117,2,blueberry,180.0,0,1,1,time
1117,3,blueberry,165.0,-3,1,1,blueberry_full_control
1118,1,raspberry,180.0,2,1,1,time
1118,2,blueberry,180.0,-2,1,1,time
1118,3,raspberry,180.0,2,1,2,time
1119,1,blueberry,180.0,-1,1,1,time
1119,2,blueberry,180.0,-2,1,1,time
1120,1,raspberry,180.0,1,1,1,time
1120,2,raspberry,180.0,1,1,1,time
1121,1,blueberry,180.0,-2,1,2,time
1121,2,blueberry,133.0,-3,1,2,blueberry_full_control
1122,1,raspberry,123.5,0,1,1,raspberry_full_control
1122,2,raspberry,180.0,3,1,1,time
1123,1,blueberry,180.0,-3,2,1,time
1123,2,raspberry,178.5,3,2,2,raspberry_full_control
1123,3,raspberry,180.0,1,2,2,time
1124,1,blueberry,180.0,-1,1,1,time
1124,2,raspberry,180.0,2,1,1,time
1124,3,raspberry,180.0,2,1,1,time
1125,1,raspberry,180.0,2,1,1,time
1125,2,raspberry,180.0,3,1,1,time
1126,1,blueberry,169.5,-3,1,1,blueberry_full_control
1126,2,raspberry,180.0,0,1,1,time
1126,3,raspberry,180.0,1,1,1,time
1127,1,blueberry,142.5,-3,1,1,blueberry_full_control
1127,2,blueberry,145.0,-3,1,1,blueberry_full_control
1128,1,raspberry,180.0,1,1,1,time
1128,2,raspberry,180.0,1,1,1,time
1129,1,blueberry,180.0,-1,1,1,time
1129,2,blueberry,180.0,0,1,1,time
1130,1,blueberry,180.0,-1,1,1,time
1130,2,blueberry,180.0,-3,1,1,time
1131,1,raspberry,180.0,1,1,1,time
1131,2,blueberry,180.0,-3,1,1,time
1131,3,raspberry,180.0,2,1,1,time
1132,1,blueberry,157.5,-3,1,1,blueberry_full_control
1132,2,blueberry,180.0,-3,1,1,time
1133,1,blueberry,155.0,-3,1,2,blueberry_full_control
1133,2,raspberry,180.0,1,1,2,time
1133,3,raspberry,180.0,1,1,3,time
1134,1,blueberry,180.0,-3,1,1,time
1134,2,raspberry,180.0,0,1,2,time
1134,3,blueberry,180.0,-1,1,2,time
1135,1,raspberry,180.0,2,1,1,time
1135,2,blueberry,180.0,-1,1,1,time
1135,3,blueberry,164.5,-3,1,1,blueberry_full_control
1136,1,blueberry,168.0,-3,1,1,blueberry_full_control
1136,2,raspberry,180.0,3,1,1,time
1136,3,blueberry,162.5,-3,1,1,blueberry_full_control
1137,1,raspberry,180.0,3,1,1,time
1137,2,raspberry,180.0,0,1,1,time
1138,1,raspberry,180.0,2,1,1,time
1138,2,blueberry,180.0,-3,1,1,time
1138,3,raspberry,180.0,3,1,1,time
1139,1,blueberry,180.0,-2,1,2,time
1139,2,blueberry,180.0,0,1,2,time
1140,1,raspberry,180.0,2,1,1,time
1140,2,raspberry,180.0,1,1,1,time
1141,1,raspberry,180.0,3,1,1,time
1141,2,raspberry,180.0,2,1,1,time
1142,1,blueberry,180.0,-1,1,2,time
1142,2,raspberry,180.0,1,1,2,time
1142,3,raspberry,180.0,3,1,2,time
1143,1,blueberry,180.0,-3,1,1,time
1143,2,blueberry,180.0,-3,1,1,time
1144,1,raspberry,180.0,2,1,1,time
1144,2,raspberry,180.0,3,1,2,time
1145,1,raspberry,180.0,0,1,2,time
1145,2,blueberry,180.0,-3,1,2,time
1145,3,blueberry,124.5,-3,1,2,blueberry_full_control
1146,1,raspberry,180.0,1,1,1,time
1146,2,raspberry,156.0,3,1,1,raspberry_full_control
1147,1,raspberry,180.0,3,1,1,time
1147,2,blueberry,180.0,-2,1,1,time
1147,3,raspberry,180.0,1,1,1,time
1148,1,raspberry,180.0,3,1,1,time
1148,2,raspberry,180.0,2,1,1,time
1149,1,raspberry,180.0,2,1,1,time
1149,2,raspberry,180.0,0,1,3,time
1150,1,blueberry,180.0,-1,1,1,time
1150,2,raspberry,180.0,2,1,2,time
1150,3,blueberry,180.0,-3,1,2,time
1151,1,raspberry,180.0,1,1,1,time
1151,2,raspberry,180.0,2,1,1,time
1152,1,raspberry,180.0,1,1,1,time
1152,2,blueberry,180.0,-3,1,1,time
1152,3,raspberry,180.0,2,1,1,time
1153,1,raspberry,180.0,2,1,1,time
1153,2,raspberry,180.0,2,1,1,time
1154,1,raspberry,180.0,1,1,1,time
1154,2,blueberry,180.0,-2,1,1,time
1154,3,raspberry,180.0,2,1,1,time
1155,1,blueberry,180.0,-3,1,1,time
1155,2,blueberry,180.0,-3,1,2,time
1156,1,raspberry,180.0,2,1,1,time
1156,2,blueberry,180.0,-3,1,1,time
1156,3,raspberry,180.0,2,1,1,time
1157,1,raspberry,180.0,3,1,1,time
1157,2,blueberry,180.0,-2,1,1,time
1157,3,raspberry,180.0,0,1,1,time
1158,1,blueberry,179.0,-3,1,1,blueberry_full_control
1158,2,raspberry,180.0,3,1,1,time
1158,3,raspberry,180.0,1,1,1,time
1159,1,blueberry,180.0,-1,1,1,time
1159,2,raspberry,180.0,3,1,1,time
1159,3,blueberry,180.0,-1,1,1,time
1160,1,blueberry,151.5,-3,1,1,blueberry_full_control
1160,2,raspberry,180.0,3,1,1,time
1160,3,raspberry,180.0,2,1,1,time
1161,1,blueberry,180.0,-3,1,1,time
1161,2,raspberry,180.0,2,1,1,time
1161,3,raspberry,180.0,2,1,1,time
1162,1,blueberry,180.0,-3,1,1,time
1162,2,raspberry,180.0,1,1,1,time
1162,3,raspberry,180.0,2,1,1,time
1163,1,blueberry,180.0,-1,1,1,time
1163,2,raspberry,180.0,2,1,1,time
1163,3,raspberry,180.0,1,1,1,time
1164,1,raspberry,180.0,1,1,1,time
1164,2,raspberry,180.0,1,1,1,time
1165,1,raspberry,180.0,0,1,1,time
1165,2,blueberry,123.0,-3,1,1,blueberry_full_control
1165,3,raspberry,178.5,0,1,1,raspberry_full_control
1166,1,blueberry,180.0,-2,1,1,time
1166,2,raspberry,180.0,2,1,1,time
1166,3,blueberry,180.0,-1,1,1,time
1167,1,blueberry,180.0,-2,1,1,time
1167,2,blueberry,165.0,-3,1,2,blueberry_full_control
1168,1,blueberry,180.0,-3,1,1,time
1168,2,raspberry,180.0,1,1,1,time
1168,3,raspberry,180.0,2,1,1,time
1169,1,raspberry,180.0,2,1,1,time
1169,2,blueberry,107.5,-2,1,1,raspberry_full_control
1169,3,blueberry,107.5,-1,1,1,raspberry_full_control
1170,1,raspberry,180.0,3,1,1,time
1170,2,blueberry,171.5,-3,1,1,blueberry_full_control
1170,3,blueberry,180.0,-1,1,1,time
1171,1,blueberry,180.0,-3,1,1,time
1171,2,raspberry,176.0,3,1,1,raspberry_full_control
1171,3,blueberry,180.0,-3,1,1,time
1172,1,raspberry,180.0,1,1,1,time
1172,2,blueberry,180.0,-3,1,1,time
1172,3,raspberry,180.0,2,1,1,time
1173,1,blueberry,180.0,-3,1,1,time
1173,2,blueberry,154.5,-3,1,1,blueberry_full_control
1174,1,blueberry,180.0,-3,1,1,time
1174,2,raspberry,180.0,0,1,1,time
1174,3,raspberry,180.0,1,1,1,time
1175,1,blueberry,180.0,-1,1,1,time
1175,2,blueberry,180.0,-2,1,1,time
1176,1,blueberry,180.0,-3,1,1,time
1176,2,blueberry,180.0,-3,1,1,time
1177,1,blueberry,175.0,-3,1,1,blueberry_full_control
1177,2,raspberry,180.0,2,1,1,time
1177,3,blueberry,180.0,-3,1,1,time
1178,1,raspberry,180.0,2,1,2,time
1178,2,blueberry,180.0,-1,1,2,time
1178,3,raspberry,180.0,1,1,2,time
1179,1,blueberry,180.0,-3,1,1,time
1179,2,raspberry,180.0,2,2,1,time
1179,3,raspberry,180.0,2,2,2,time
1180,1,blueberry,180.0,-3,1,2,time
1180,2,blueberry,180.0,-2,1,2,time
1181,1,raspberry,180.0,3,1,1,time
1181,2,blueberry,180.0,-2,1,1,time
1181,3,raspberry,180.0,2,1,1,time
1182,1,blueberry,180.0,-1,1,1,time
1182,2,raspberry,174.0,3,1,1,raspberry_full_control
1182,3,raspberry,174.5,3,1,1,raspberry_full_control
1183,1,raspberry,180.0,2,1,1,time
1183,2,blueberry,180.0,0,1,1,time
1183,3,raspberry,180.0,2,1,1,time
1184,1,raspberry,180.0,3,1,1,time
1184,2,raspberry,180.0,3,1,1,time
1185,1,blueberry,180.0,-3,1,1,time
1185,2,blueberry,180.0,-2,1,1,time
1186,1,raspberry,180.0,0,1,1,time
1186,2,blueberry,96.0,-2,1,1,raspberry_full_control
1186,3,raspberry,180.0,1,1,1,time
1187,1,raspberry,180.0,1,1,1,time
1187,2,raspberry,180.0,3,1,1,time
1188,1,raspberry,180.0,2,1,1,time
1188,2,blueberry,180.0,-3,1,3,time
1188,3,raspberry,180.0,0,2,3,time
1189,1,blueberry,180.0,-1,1,1,time
1189,2,raspberry,180.0,2,1,1,time
1189,3,raspberry,180.0,2,1,1,time
1190,1,raspberry,180.0,1,1,1,time
1190,2,raspberry,180.0,3,1,1,time
1191,1,raspberry,180.0,1,1,1,time
1191,2,blueberry,180.0,-3,1,2,time
1191,3,blueberry,180.0,-2,1,2,time
1192,1,blueberry,180.0,-1,1,1,time
1192,2,blueberry,180.0,-1,1,1,time
1193,1,raspberry,180.0,3,1,1,time
1193,2,raspberry,180.0,2,1,1,time
1194,1,blueberry,180.0,-3,1,1,time
1194,2,raspberry,180.0,1,1,1,time
1194,3,raspberry,180.0,0,1,1,time
1195,1,blueberry,166.5,-3,1,1,blueberry_full_control
1195,2,raspberry,180.0,1,1,1,time
1195,3,raspberry,180.0,2,1,1,time
1196,1,raspberry,180.0,1,1,1,time
1196,2,raspberry,180.0,3,1,1,time
1197,1,blueberry,159.5,-3,1,1,blueberry_full_control
1197,2,blueberry,133.5,-3,1,2,blueberry_full_control
1198,1,blueberry,180.0,-1,1,1,time
1198,2,blueberry,180.0,-1,1,1,time
1199,1,raspberry,180.0,3,1,1,time
1199,2,raspberry,180.0,2,1,1,time
1200,1,blueberry,180.0,-1,1,1,time
1200,2,raspberry,180.0,2,1,1,time
1200,3,blueberry,153.0,-3,1,1,blueberry_full_control
1201,1,raspberry,180.0,3,1,1,time
1201,2,raspberry,180.0,3,1,1,time
1202,1,blueberry,180.0,0,1,1,time
1202,2,raspberry,173.5,3,1,1,raspberry_full_control
1202,3,blueberry,180.0,-1,1,1,time
1203,1,raspberry,180.0,2,1,1,time
1203,2,raspberry,180.0,1,1,2,time
1204,1,blueberry,172.0,-3,1,1,blueberry_full_control
1204,2,blueberry,173.0,-3,1,1,blueberry_full_control
1205,1,raspberry,180.0,1,1,1,time
1205,2,raspberry,180.0,2,1,1,time
1206,1,blueberry,180.0,-1,1,2,time
1206,2,raspberry,180.0,2,2,2,time
1206,3,raspberry,180.0,1,2,2,time
1207,1,raspberry,180.0,3,1,1,time
1207,2,blueberry,180.0,-2,1,2,time
1207,3,raspberry,180.0,2,1,2,time
1208,1,blueberry,180.0,-3,1,1,time
1208,2,raspberry,180.0,2,1,1,time
1208,3,blueberry,180.0,-1,1,2,time
1209,1,blueberry,180.0,-3,1,1,time
1209,2,blueberry,115.5,-3,1,2,blueberry_full_control
1210,1,blueberry,180.0,-3,1,1,time
1210,2,raspberry,180.0,2,1,1,time
1210,3,raspberry,180.0,3,1,1,time
1211,1,blueberry,180.0,-1,1,2,time
1211,2,raspberry,180.0,1,1,2,time
1211,3,raspberry,180.0,1,1,2,time
1212,1,blueberry,180.0,-3,1,2,time
1212,2,blueberry,144.0,-3,1,2,blueberry_full_control
1213,1,raspberry,180.0,0,1,1,time
1213,2,raspberry,180.0,1,1,1,time
1214,1,blueberry,124.0,-1,1,1,raspberry_full_control
1214,2,blueberry,166.5,-3,1,1,blueberry_full_control
1215,1,raspberry,180.0,0,1,1,time
1215,2,blueberry,180.0,-2,1,2,time
1215,3,blueberry,133.5,-3,1,2,blueberry_full_control
1216,1,raspberry,180.0,1,1,1,time
1216,2,raspberry,180.0,3,1,1,time
1217,1,blueberry,180.0,-1,1,1,time
1217,2,raspberry,180.0,3,1,1,time
1217,3,raspberry,180.0,1,1,1,time
1218,1,blueberry,166.5,-3,1,1,blueberry_full_control
1218,2,raspberry,180.0,3,1,1,time
1218,3,raspberry,152.5,3,1,1,raspberry_full_control
1219,1,raspberry,180.0,3,1,1,time
1219,2,raspberry,180.0,1,1,1,time
1220,1,raspberry,180.0,2,1,1,time
1220,2,blueberry,180.0,-3,1,1,time
1220,3,blueberry,142.5,-3,1,3,blueberry_full_control
1221,1,blueberry,157.5,-3,1,1,blueberry_full_control
1221,2,blueberry,166.5,-3,1,1,blueberry_full_control
1222,1,blueberry,180.0,-2,1,1,time
1222,2,blueberry,180.0,-3,1,1,time
1223,1,blueberry,180.0,-1,1,1,time
1223,2,raspberry,180.0,2,1,1,time
1223,3,raspberry,180.0,1,1,1,time
1224,1,blueberry,180.0,-1,1,1,time
1224,2,blueberry,117.0,-3,1,1,blueberry_full_control
1225,1,blueberry,153.0,-3,1,1,blueberry_full_control
1225,2,blueberry,180.0,-1,1,2,time
1226,1,raspberry,180.0,2,1,1,time
1226,2,blueberry,180.0,-3,1,2,time
1226,3,raspberry,180.0,0,1,2,time
1227,1,raspberry,180.0,3,1,1,time
1227,2,raspberry,180.0,2,1,1,time
1228,1,raspberry,180.0,1,1,1,time
1228,2,blueberry,180.0,-1,1,2,time
1228,3,blueberry,180.0,-3,1,2,time
1229,1,raspberry,180.0,2,1,1,time
1229,2,blueberry,180.0,-2,1,1,time
1229,3,raspberry,180.0,2,2,2,time
1230,1,blueberry,180.0,-3,1,1,time
1230,2,raspberry,180.0,2,1,1,time
1230,3,blueberry,180.0,-2,1,2,time
1231,1,blueberry,180.0,-1,1,2,time
1231,2,blueberry,131.0,-3,1,2,blueberry_full_control
1232,1,blueberry,180.0,-1,1,1,time
1232,2,raspberry,180.0,2,1,1,time
1232,3,raspberry,180.0,1,1,1,time
1233,1,blueberry,180.0,-3,1,1,time
1233,2,raspberry,180.0,2,1,1,time
1233,3,raspberry,180.0,2,1,1,time
1234,1,blueberry,180.0,-3,1,1,time
1234,2,raspberry,171.0,3,1,1,raspberry_full_control
1234,3,raspberry,180.0,1,1,1,time
1235,1,raspberry,180.0,2,1,2,time
1235,2,blueberry,180.0,-3,1,2,time
1235,3,blueberry,170.0,-3,1,2,blueberry_full_control
1236,1,raspberry,180.0,0,1,1,time
1236,2,blueberry,94.0,-1,1,1,raspberry_full_control
1236,3,raspberry,180.0,3,1,1,time
1237,1,blueberry,180.0,-2,1,1,time
1237,2,raspberry,180.0,2,1,1,time
1237,3,raspberry,180.0,2,1,1,time
1238,1,raspberry,180.0,2,1,1,time
1238,2,blueberry,95.0,-1,1,1,raspberry_full_control
1238,3,raspberry,165.0,3,1,1,raspberry_full_control
1239,1,blueberry,180.0,-2,1,1,time
1239,2,blueberry,152.0,-3,1,1,blueberry_full_control
1240,1,raspberry,180.0,3,1,1,time
1240,2,blueberry,137.5,-3,1,1,blueberry_full_control
1240,3,raspberry,180.0,2,1,1,time
1241,1,blueberry,180.0,-2,1,1,time
1241,2,blueberry,148.5,-3,1,1,blueberry_full_control
1242,1,blueberry,180.0,-3,1,1,time
1242,2,blueberry,180.0,-3,1,2,time
1243,1,raspberry,180.0,2,1,1,time
1243,2,raspberry,180.0,1,1,1,time
1244,1,raspberry,180.0,3,1,1,time
1244,2,raspberry,180.0,2,1,1,time
1245,1,raspberry,180.0,1,1,1,time
1245,2,blueberry,180.0,-3,1,1,time
1245,3,raspberry,180.0,3,1,1,time
1246,1,blueberry,180.0,-3,1,1,time
1246,2,blueberry,180.0,-2,1,2,time
1247,1,blueberry,180.0,-2,1,1,time
1247,2,raspberry,154.5,3,1,1,raspberry_full_control
1247,3,raspberry,180.0,1,1,1,time
1248,1,blueberry,180.0,-1,1,1,time
1248,2,blueberry,180.0,0,1,1,time
1249,1,raspberry,180.0,2,1,1,time
1249,2,raspberry,180.0,3,1,1,time
1250,1,raspberry,180.0,1,1,2,time
1250,2,blueberry,180.0,-3,1,2,time
1250,3,blueberry,180.0,-3,1,2,time
1251,1,blueberry,180.0,-3,1,2,time
1251,2,blueberry,180.0,-2,1,2,time
1252,1,raspberry,180.0,1,1,1,time
1252,2,raspberry,180.0,0,1,1,time
1253,1,blueberry,180.0,-3,1,2,time
1253,2,raspberry,176.0,3,1,2,raspberry_full_control
1253,3,raspberry,174.5,3,1,2,raspberry_full_control
1254,1,raspberry,180.0,3,1,2,time
1254,2,blueberry,180.0,-3,1,2,time
1254,3,blueberry,180.0,0,1,2,time
1255,1,blueberry,180.0,-2,1,1,time
1255,2,raspberry,180.0,2,2,1,time
1255,3,raspberry,180.0,3,3,1,time
1256,1,raspberry,177.0,3,1,1,raspberry_full_control
1256,2,blueberry,180.0,-1,1,1,time
1256,3,blueberry,133.5,-3,1,2,blueberry_full_control
1257,1,raspberry,180.0,1,1,1,time
1257,2,blueberry,161.0,-3,1,2,blueberry_full_control
1257,3,blueberry,153.0,-3,1,2,blueberry_full_control
1258,1,raspberry,180.0,0,1,2,time
1258,2,raspberry,180.0,2,1,2,time
1259,1,raspberry,180.0,3,1,1,time
1259,2,blueberry,180.0,0,1,1,time
1259,3,blueberry,144.0,-3,1,1,blueberry_full_control
1260,1,raspberry,180.0,2,1,1,time
1260,2,raspberry,180.0,2,1,1,time
1261,1,raspberry,180.0,1,2,1,time
1261,2,raspberry,180.0,3,2,1,time
1262,1,blueberry,180.0,-1,1,1,time
1262,2,raspberry,180.0,2,1,1,time
1262,3,blueberry,180.0,-1,1,2,time
1263,1,raspberry,180.0,1,1,1,time
1263,2,raspberry,180.0,1,1,1,time
1264,1,raspberry,180.0,1,1,2,time
1264,2,blueberry,180.0,-3,1,2,time
1264,3,blueberry,179.5,-3,1,2,blueberry_full_control
1265,1,blueberry,155.0,-3,1,1,blueberry_full_control
1265,2,blueberry,180.0,-3,1,1,time
1266,1,blueberry,180.0,-2,1,1,time
1266,2,blueberry,180.0,-3,1,1,time
1267,1,raspberry,176.0,3,1,1,raspberry_full_control
1267,2,raspberry,94.0,0,1,1,raspberry_full_control
1268,1,raspberry,180.0,0,1,1,time
1268,2,blueberry,180.0,-3,1,1,time
1268,3,blueberry,143.0,-3,1,1,blueberry_full_control
1269,1,blueberry,180.0,-3,1,1,time
1269,2,blueberry,155.0,-3,1,1,blueberry_full_control
1270,1,blueberry,180.0,-1,1,1,time
1270,2,blueberry,180.0,-1,1,2,time
1271,1,blueberry,180.0,-1,1,2,time
1271,2,blueberry,143.0,-3,1,2,blueberry_full_control
1272,1,raspberry,180.0,3,1,1,time
1272,2,raspberry,164.5,3,1,1,raspberry_full_control
1273,1,raspberry,180.0,0,1,1,time
1273,2,raspberry,180.0,3,1,1,time
1274,1,raspberry,180.0,3,1,1,time
1274,2,raspberry,180.0,3,1,2,time
1275,1,raspberry,180.0,1,1,1,time
1275,2,raspberry,180.0,3,1,1,time
1276,1,blueberry,174.0,-3,1,1,blueberry_full_control
1276,2,raspberry,180.0,3,1,1,time
1276,3,blueberry,180.0,-1,1,1,time
1277,1,blueberry,180.0,-2,1,1,time
1277,2,raspberry,180.0,1,1,1,time
1277,3,raspberry,180.0,1,1,1,time
1278,1,blueberry,180.0,-1,1,1,time
1278,2,blueberry,180.0,-3,1,1,time
1279,1,blueberry,180.0,-3,1,1,time
1279,2,raspberry,180.0,2,1,1,time
1279,3,raspberry,180.0,1,1,1,time
1280,1,blueberry,180.0,-2,1,1,time
1280,2,raspberry,179.0,3,1,1,raspberry_full_control
1280,3,blueberry,133.5,-3,1,1,blueberry_full_control
1281,1,raspberry,180.0,1,1,1,time
1281,2,blueberry,180.0,-1,1,1,time
1281,3,blueberry,153.0,-3,1,1,blueberry_full_control
1282,1,raspberry,180.0,3,2,1,time
1282,2,raspberry,180.0,3,2,1,time
1283,1,raspberry,180.0,3,1,2,time
1283,2,blueberry,180.0,-3,1,2,time
1283,3,blueberry,142.5,-3,1,2,blueberry_full_control
1284,1,blueberry,180.0,-1,1,1,time
1284,2,raspberry,180.0,0,1,1,time
1284,3,raspberry,180.0,1,1,1,time
1285,1,raspberry,180.0,2,1,1,time
1285,2,blueberry,180.0,-3,1,1,time
1285,3,blueberry,126.0,-3,1,1,blueberry_full_control
1286,1,blueberry,180.0,-3,1,1,time
1286,2,raspberry,180.0,1,1,1,time
1286,3,raspberry,180.0,1,1,1,time
1287,1,blueberry,180.0,-3,1,1,time
1287,2,blueberry,179.0,-3,1,2,blueberry_full_control
1288,1,raspberry,180.0,3,1,1,time
1288,2,blueberry,159.5,-3,1,1,blueberry_full_control
1288,3,blueberry,150.5,-3,1,1,blueberry_full_control
1289,1,raspberry,180.0,3,1,1,time
1289,2,raspberry,165.5,3,1,1,raspberry_full_control
1290,1,blueberry,180.0,-3,1,1,time
1290,2,raspberry,180.0,1,1,2,time
1290,3,blueberry,180.0,-2,1,2,time
1291,1,raspberry,180.0,3,1,1,time
1291,2,raspberry,180.0,3,1,1,time
1292,1,blueberry,180.0,-3,1,2,time
1292,2,blueberry,121.0,-3,1,3,blueberry_full_control
1293,1,raspberry,180.0,1,1,2,time
1293,2,blueberry,144.0,-3,1,3,blueberry_full_control
1293,3,blueberry,133.5,-3,1,3,blueberry_full_control
1294,1,raspberry,180.0,3,1,1,time
1294,2,raspberry,180.0,1,1,1,time
1295,1,raspberry,180.0,0,1,2,time
1295,2,raspberry,165.0,3,1,2,raspberry_full_control
1296,1,blueberry,180.0,-1,1,1,time
1296,2,blueberry,180.0,-2,1,1,time
1297,1,blueberry,180.0,-3,1,1,time
1297,2,raspberry,180.0,1,1,2,time
1297,3,blueberry,158.0,-3,1,2,blueberry_full_control
1298,1,raspberry,180.0,1,1,2,time
1298,2,blueberry,151.0,-3,1,2,blueberry_full_control
1298,3,blueberry,180.0,-3,1,2,time
1299,1,raspberry,180.0,2,1,1,time
1299,2,raspberry,180.0,3,1,1,time
1300,1,raspberry,180.0,1,2,1,time
1300,2,raspberry,180.0,2,2,1,time
1301,1,blueberry,180.0,-3,1,1,time
1301,2,raspberry,180.0,3,1,1,time
1301,3,blueberry,176.5,-3,1,1,blueberry_full_control
1302,1,raspberry,180.0,2,1,1,time
1302,2,blueberry,180.0,-1,1,1,time
1302,3,blueberry,116.0,-3,1,1,blueberry_full_control
1303,1,raspberry,180.0,2,1,2,time
1303,2,blueberry,180.0,-1,1,2,time
1303,3,raspberry,180.0,3,1,2,time
1304,1,raspberry,180.0,2,1,1,time
1304,2,raspberry,180.0,3,1,1,time
1305,1,blueberry,180.0,-3,1,1,time
1305,2,blueberry,180.0,-3,1,1,time
1306,1,blueberry,179.5,-3,1,2,blueberry_full_control
1306,2,raspberry,180.0,1,1,2,time
1306,3,raspberry,180.0,2,1,2,time
1307,1,raspberry,180.0,2,1,1,time
1307,2,blueberry,180.0,-2,1,1,time
1307,3,blueberry,135.0,-3,1,1,blueberry_full_control
1308,1,raspberry,180.0,2,1,1,time
1308,2,blueberry,157.5,-3,1,1,blueberry_full_control
1308,3,blueberry,180.0,-3,1,1,time
1309,1,blueberry,180.0,-3,1,1,time
1309,2,raspberry,180.0,1,1,1,time
1309,3,blueberry,180.0,-3,1,1,time
1310,1,raspberry,180.0,2,1,1,time
1310,2,blueberry,180.0,-3,1,1,time
1310,3,raspberry,180.0,3,1,1,time
1311,1,raspberry,180.0,3,2,1,time
1311,2,blueberry,180.0,0,2,1,time
1311,3,raspberry,180.0,1,2,1,time
1312,1,raspberry,180.0,3,1,1,time
1312,2,raspberry,180.0,1,1,1,time
1313,1,raspberry,180.0,2,1,1,time
1313,2,blueberry,180.0,-2,1,2,time
1313,3,raspberry,155.0,3,1,2,raspberry_full_control
1314,1,blueberry,180.0,-1,2,2,time
1314,2,blueberry,180.0,-3,2,2,time
1315,1,blueberry,180.0,-3,1,1,time
1315,2,raspberry,180.0,2,1,1,time
1315,3,raspberry,180.0,2,1,1,time
1316,1,blueberry,180.0,-1,1,1,time
1316,2,raspberry,180.0,3,2,1,time
1316,3,raspberry,180.0,3,2,1,time
1317,1,raspberry,180.0,2,1,1,time
1317,2,raspberry,180.0,1,1,1,time
1318,1,raspberry,180.0,1,1,1,time
1318,2,raspberry,180.0,3,1,1,time
1319,1,raspberry,180.0,1,1,1,time
1319,2,blueberry,163.0,-3,1,1,blueberry_full_control
1319,3,blueberry,180.0,-2,1,1,time
1320,1,raspberry,180.0,0,1,1,time
1320,2,blueberry,163.5,-3,1,1,blueberry_full_control
1320,3,raspberry,180.0,2,1,1,time
1321,1,blueberry,180.0,-1,1,1,time
1321,2,blueberry,137.5,-3,1,1,blueberry_full_control
1322,1,blueberry,180.0,-1,1,1,time
1322,2,raspberry,180.0,2,1,1,time
1322,3,raspberry,180.0,1,1,2,time
1323,1,blueberry,180.0,0,1,1,time
1323,2,raspberry,180.0,3,1,1,time
1323,3,raspberry,151.0,3,1,1,raspberry_full_control
1324,1,raspberry,180.0,0,1,1,time
1324,2,raspberry,180.0,3,1,1,time
1325,1,raspberry,180.0,2,1,1,time
1325,2,raspberry,180.0,2,1,1,time
1326,1,raspberry,180.0,3,1,1,time
1326,2,blueberry,180.0,-3,1,1,time
1326,3,blueberry,180.0,-2,1,1,time
1327,1,raspberry,180.0,1,1,1,time
1327,2,raspberry,157.5,3,1,1,raspberry_full_control
1328,1,raspberry,180.0,2,1,1,time
1328,2,blueberry,180.0,-1,1,1,time
1328,3,blueberry,180.0,-2,1,2,time
1329,1,blueberry,180.0,-1,1,2,time
1329,2,blueberry,114.0,-3,1,2,blueberry_full_control
1330,1,raspberry,180.0,2,1,1,time
1330,2,raspberry,177.0,3,1,1,raspberry_full_control
1331,1,raspberry,180.0,3,1,1,time
1331,2,raspberry,179.5,3,1,1,raspberry_full_control
1332,1,raspberry,180.0,2,1,1,time
1332,2,raspberry,180.0,1,1,1,time
1333,1,blueberry,180.0,-2,1,1,time
1333,2,raspberry,175.5,3,1,1,raspberry_full_control
1333,3,raspberry,176.5,3,1,1,raspberry_full_control
1334,1,raspberry,180.0,3,1,1,time
1334,2,raspberry,180.0,2,1,1,time
1335,1,raspberry,180.0,3,1,1,time
1335,2,raspberry,180.0,3,1,1,time
1336,1,raspberry,180.0,2,1,1,time
1336,2,raspberry,174.5,3,1,1,raspberry_full_control
1337,1,raspberry,180.0,3,1,1,time
1337,2,blueberry,180.0,-1,1,2,time
1337,3,blueberry,144.0,-3,1,2,blueberry_full_control
1338,1,blueberry,180.0,-2,1,1,time
1338,2,raspberry,180.0,0,1,1,time
1338,3,blueberry,153.5,-3,1,1,blueberry_full_control
1339,1,raspberry,180.0,2,1,2,time
1339,2,raspberry,180.0,3,1,2,time
1340,1,raspberry,180.0,0,1,2,time
1340,2,blueberry,180.0,-1,1,2,time
1340,3,raspberry,168.5,3,1,2,raspberry_full_control
1341,1,blueberry,180.0,-1,1,1,time
1341,2,blueberry,180.0,-1,1,1,time
1342,1,raspberry,180.0,1,1,1,time
1342,2,blueberry,180.0,-2,1,1,time
1342,3,blueberry,168.5,-3,1,1,blueberry_full_control
1343,1,blueberry,180.0,-3,1,1,time
1343,2,blueberry,179.5,-3,1,1,blueberry_full_control
1344,1,raspberry,180.0,1,1,1,time
1344,2,raspberry,180.0,3,1,1,time
1345,1,blueberry,175.5,-3,1,2,blueberry_full_control
1345,2,raspberry,180.0,3,1,3,time
1345,3,blueberry,140.0,-3,1,3,blueberry_full_control
1346,1,blueberry,180.0,-2,1,1,time
1346,2,raspberry,180.0,3,1,1,time
1346,3,raspberry,166.0,3,1,1,raspberry_full_control
1347,1,raspberry,180.0,1,1,2,time
1347,2,blueberry,180.0,-3,1,2,time
1347,3,blueberry,138.0,-3,1,3,blueberry_full_control
1348,1,raspberry,180.0,3,1,1,time
1348,2,blueberry,140.5,-3,1,1,blueberry_full_control
1348,3,raspberry,180.0,3,1,1,time
1349,1,blueberry,180.0,0,1,1,time
1349,2,raspberry,180.0,2,1,1,time
1349,3,raspberry,180.0,3,1,1,time
1350,1,raspberry,180.0,2,1,1,time
1350,2,blueberry,177.0,-3,1,1,blueberry_full_control
1350,3,raspberry,180.0,0,1,1,time
1351,1,raspberry,180.0,1,1,1,time
1351,2,blueberry,180.0,-3,1,1,time
1351,3,blueberry,180.0,0,1,1,time
1352,1,blueberry,180.0,-1,1,2,time
1352,2,raspberry,180.0,3,1,2,time
1352,3,raspberry,180.0,3,1,2,time
1353,1,blueberry,180.0,-2,1,1,time
1353,2,blueberry,180.0,-3,1,1,time
1354,1,raspberry,180.0,1,2,1,time
1354,2,blueberry,180.0,-3,2,1,time
1354,3,raspberry,180.0,2,2,1,time
1355,1,raspberry,180.0,3,1,1,time
1355,2,raspberry,180.0,3,1,1,time
1356,1,blueberry,180.0,-3,1,1,time
1356,2,raspberry,180.0,2,1,2,time
1356,3,blueberry,101.5,-2,1,2,raspberry_full_control
1357,1,blueberry,180.0,-2,1,2,time
1357,2,blueberry,180.0,-1,1,2,time
1358,1,blueberry,180.0,-1,1,1,time
1358,2,raspberry,180.0,1,1,1,time
1358,3,blueberry,180.0,-3,1,1,time
1359,1,blueberry,140.0,-3,1,1,blueberry_full_control
1359,2,blueberry,132.0,-3,1,1,blueberry_full_control
1360,1,blueberry,180.0,-2,1,1,time
1360,2,raspberry,180.0,1,1,1,time
1360,3,raspberry,180.0,3,1,1,time
1361,1,blueberry,180.0,-2,1,1,time
1361,2,blueberry,180.0,-1,2,2,time
1362,1,raspberry,180.0,1,1,1,time
1362,2,raspberry,180.0,2,1,1,time
1363,1,blueberry,172.0,-3,1,1,blueberry_full_control
1363,2,raspberry,180.0,2,1,1,time
1363,3,blueberry,180.0,-3,1,1,time
1364,1,blueberry,180.0,-1,1,2,time
1364,2,blueberry,180.0,-2,1,2,time
1365,1,blueberry,180.0,0,1,1,time
1365,2,blueberry,132.0,-3,1,1,blueberry_full_control
1366,1,raspberry,180.0,1,1,1,time
1366,2,raspberry,180.0,1,2,2,time
1367,1,blueberry,180.0,-3,1,1,time
1367,2,blueberry,174.0,-3,1,1,blueberry_full_control
1368,1,blueberry,168.0,-3,1,1,blueberry_full_control
1368,2,blueberry,127.0,-3,1,1,blueberry_full_control
1369,1,raspberry,180.0,2,1,1,time
1369,2,blueberry,180.0,0,1,1,time
1369,3,raspberry,180.0,2,1,2,time
1370,1,raspberry,180.0,0,1,1,time
1370,2,raspberry,180.0,0,1,1,time
1371,1,blueberry,132.5,-2,1,1,raspberry_full_control
1371,2,blueberry,180.0,-2,1,3,time
1372,1,blueberry,180.0,-3,1,1,time
1372,2,blueberry,152.0,-3,1,1,blueberry_full_control
1373,1,raspberry,180.0,2,1,1,time
1373,2,blueberry,146.0,-3,1,1,blueberry_full_control
1373,3,blueberry,180.0,-2,1,1,time
1374,1,blueberry,180.0,-2,1,1,time
1374,2,blueberry,172.5,-3,1,2,blueberry_full_control
1375,1,blueberry,142.5,-3,1,1,blueberry_full_control
1375,2,raspberry,180.0,1,2,2,time
1375,3,raspberry,180.0,2,2,2,time
1376,1,blueberry,180.0,-3,1,1,time
1376,2,raspberry,180.0,2,1,1,time
1376,3,blueberry,180.0,-3,1,2,time
1377,1,blueberry,180.0,-1,1,1,time
1377,2,blueberry,170.5,-3,1,1,blueberry_full_control
1378,1,raspberry,180.0,2,1,1,time
1378,2,blueberry,172.5,-3,1,1,blueberry_full_control
1378,3,raspberry,176.0,3,1,1,raspberry_full_control
1379,1,raspberry,129.0,1,1,1,raspberry_full_control
1379,2,blueberry,134.0,-3,1,1,blueberry_full_control
1379,3,raspberry,180.0,0,2,1,time
1380,1,raspberry,180.0,0,1,2,time
1380,2,blueberry,180.0,-1,1,2,time
1380,3,raspberry,180.0,3,1,2,time
1381,1,blueberry,180.0,-3,1,1,time
1381,2,raspberry,180.0,1,1,1,time
1381,3,raspberry,171.5,3,1,1,raspberry_full_control
1382,1,blueberry,180.0,-2,1,2,time
1382,2,blueberry,180.0,-3,1,2,time
1383,1,blueberry,180.0,-1,1,2,time
1383,2,raspberry,180.0,1,1,2,time
1383,3,blueberry,173.0,-3,1,2,blueberry_full_control
1384,1,blueberry,180.0,-1,1,1,time
1384,2,blueberry,136.5,-3,1,2,blueberry_full_control
1385,1,blueberry,163.5,-3,1,1,blueberry_full_control
1385,2,raspberry,180.0,0,1,2,time
1385,3,raspberry,180.0,3,1,3,time
1386,1,blueberry,174.0,-3,1,1,blueberry_full_control
1386,2,blueberry,153.0,-3,1,1,blueberry_full_control
1387,1,blueberry,153.0,-3,1,1,blueberry_full_control
1387,2,blueberry,180.0,-1,1,1,time
1388,1,raspberry,180.0,2,1,1,time
1388,2,raspberry,175.5,2,1,1,raspberry_full_control
1389,1,blueberry,180.0,-3,1,1,time
1389,2,raspberry,180.0,2,1,2,time
1389,3,blueberry,180.0,-2,1,3,time
1390,1,blueberry,142.5,-3,1,1,blueberry_full_control
1390,2,blueberry,142.0,-3,1,1,blueberry_full_control
1391,1,raspberry,180.0,2,1,1,time
1391,2,raspberry,180.0,2,1,1,time
1392,1,blueberry,180.0,-2,1,1,time
1392,2,blueberry,142.0,-3,1,1,blueberry_full_control
1393,1,raspberry,180.0,2,1,1,time
1393,2,raspberry,180.0,3,1,1,time
1394,1,raspberry,180.0,1,1,1,time
1394,2,raspberry,180.0,3,1,1,time
1395,1,raspberry,180.0,1,1,1,time
1395,2,raspberry,180.0,2,1,1,time
1396,1,raspberry,180.0,0,1,1,time
1396,2,blueberry,180.0,-2,1,1,time
1396,3,raspberry,180.0,2,1,1,time
1397,1,raspberry,180.0,3,1,1,time
1397,2,raspberry,180.0,3,1,2,time
1398,1,blueberry,180.0,-3,1,1,time
1398,2,blueberry,142.5,-3,1,2,blueberry_full_control
1399,1,raspberry,180.0,0,1,1,time
1399,2,blueberry,180.0,-1,1,1,time
1399,3,blueberry,180.0,-3,1,1,time
1400,1,blueberry,153.0,-3,1,1,blueberry_full_control
1400,2,blueberry,168.0,-3,1,1,blueberry_full_control
1401,1,raspberry,180.0,0,1,1,time
1401,2,raspberry,180.0,2,1,1,time
1402,1,blueberry,180.0,-1,1,1,time
1402,2,blueberry,180.0,-2,1,1,time
1403,1,raspberry,180.0,2,1,1,time
1403,2,blueberry,173.0,-3,1,1,blueberry_full_control
1403,3,blueberry,153.0,-3,1,2,blueberry_full_control
1404,1,raspberry,180.0,0,1,2,time
1404,2,blueberry,121.5,-3,1,3,blueberry_full_control
1404,3,blueberry,145.5,-3,1,3,blueberry_full_control
1405,1,blueberry,180.0,-2,1,1,time
1405,2,blueberry,163.5,-3,1,1,blueberry_full_control
1406,1,blueberry,180.0,-1,1,1,time
1406,2,raspberry,170.5,3,1,1,raspberry_full_control
1406,3,raspberry,180.0,1,1,1,time
1407,1,raspberry,180.0,3,1,1,time
1407,2,raspberry,180.0,3,1,1,time
1408,1,raspberry,180.0,3,1,1,time
1408,2,raspberry,180.0,2,1,1,time
1409,1,raspberry,180.0,3,1,1,time
1409,2,raspberry,180.0,3,1,2,time
1410,1,blueberry,180.0,-3,1,2,time
1410,2,blueberry,180.0,-2,1,2,time
1411,1,raspberry,180.0,0,1,1,time
1411,2,raspberry,180.0,3,1,1,time
1412,1,blueberry,180.0,-2,1,1,time
1412,2,blueberry,159.0,-3,1,2,blueberry_full_control
1413,1,blueberry,159.5,-3,1,1,blueberry_full_control
1413,2,blueberry,176.5,-3,1,1,blueberry_full_control
1414,1,blueberry,180.0,-1,1,1,time
1414,2,blueberry,180.0,-2,1,1,time
1415,1,blueberry,180.0,-2,1,1,time
1415,2,raspberry,180.0,3,1,1,time
1415,3,raspberry,180.0,3,1,1,time
1416,1,blueberry,180.0,-2,1,1,time
1416,2,raspberry,180.0,2,1,1,time
1416,3,blueberry,180.0,-2,1,2,time
1417,1,blueberry,172.5,-3,1,1,blueberry_full_control
1417,2,raspberry,180.0,1,1,2,time
1417,3,blueberry,180.0,-3,1,2,time
1418,1,blueberry,180.0,-3,1,1,time
1418,2,raspberry,180.0,2,1,1,time
1418,3,blueberry,180.0,-3,1,1,time
1419,1,raspberry,180.0,2,1,1,time
1419,2,raspberry,180.0,2,1,1,time
1420,1,blueberry,152.0,-3,1,1,blueberry_full_control
1420,2,blueberry,133.5,-3,1,1,blueberry_full_control
1421,1,blueberry,180.0,-2,1,1,time
1421,2,blueberry,180.0,-1,1,2,time
1422,1,blueberry,180.0,-3,1,2,time
1422,2,blueberry,121.5,-3,1,2,blueberry_full_control
1423,1,raspberry,180.0,1,1,2,time
1423,2,blueberry,154.0,-3,1,2,blueberry_full_control
1423,3,blueberry,126.0,-3,1,2,blueberry_full_control
1424,1,raspberry,180.0,0,1,1,time
1424,2,blueberry,157.5,-3,1,2,blueberry_full_control
1424,3,raspberry,180.0,2,1,2,time
1425,1,blueberry,180.0,-1,1,1,time
1425,2,raspberry,176.0,3,1,1,raspberry_full_control
1425,3,raspberry,180.0,1,1,1,time
1426,1,blueberry,180.0,-2,1,1,time
1426,2,blueberry,180.0,-1,1,1,time
1427,1,blueberry,180.0,-2,1,1,time
1427,2,raspberry,180.0,3,1,1,time
1427,3,raspberry,180.0,1,1,1,time
1428,1,blueberry,180.0,-1,1,1,time
1428,2,blueberry,159.5,-3,1,1,blueberry_full_control
1429,1,blueberry,153.0,-3,1,1,blueberry_full_control
1429,2,blueberry,172.0,-3,1,1,blueberry_full_control
1430,1,blueberry,180.0,-3,1,1,time
1430,2,blueberry,145.5,-3,1,1,blueberry_full_control
1431,1,blueberry,180.0,-3,1,1,time
1431,2,blueberry,180.0,-2,1,1,time
1432,1,blueberry,180.0,-2,1,2,time
1432,2,blueberry,180.0,-3,1,3,time
1433,1,blueberry,180.0,-1,1,1,time
1433,2,blueberry,180.0,-3,1,1,time
1434,1,blueberry,161.5,-3,1,1,blueberry_full_control
1434,2,blueberry,180.0,-3,1,1,time
1435,1,blueberry,180.0,-1,1,1,time
1435,2,blueberry,180.0,-2,1,1,time
1436,1,raspberry,180.0,3,1,1,time
1436,2,raspberry,180.0,1,1,1,time
1437,1,blueberry,180.0,-1,1,1,time
1437,2,blueberry,180.0,-2,1,1,time
1438,1,raspberry,180.0,3,1,1,time
1438,2,blueberry,180.0,-3,1,1,time
1438,3,blueberry,174.0,-3,1,1,blueberry_full_control
1439,1,blueberry,180.0,-1,1,1,time
1439,2,blueberry,180.0,-1,1,1,time
1440,1,blueberry,180.0,-1,1,1,time
1440,2,blueberry,134.0,-3,1,1,blueberry_full_control
1441,1,blueberry,180.0,-1,1,1,time
1441,2,blueberry,180.0,-2,1,1,time
1442,1,blueberry,180.0,-2,1,1,time
1442,2,blueberry,142.5,-3,1,1,blueberry_full_control
1443,1,blueberry,180.0,-1,1,1,time
1443,2,raspberry,180.0,3,1,1,time
1443,3,blueberry,159.0,-3,1,2,blueberry_full_control
1444,1,blueberry,180.0,-3,1,1,time
1444,2,raspberry,180.0,2,1,1,time
1444,3,blueberry,152.0,-3,1,1,blueberry_full_control
1445,1,raspberry,180.0,1,1,2,time
1445,2,raspberry,180.0,2,2,3,time
1446,1,raspberry,180.0,2,1,1,time
1446,2,blueberry,180.0,-1,1,1,time
1446,3,blueberry,135.0,-3,1,1,blueberry_full_control
1447,1,blueberry,180.0,-1,1,1,time
1447,2,blueberry,180.0,-1,1,1,time
1448,1,blueberry,172.5,-3,1,1,blueberry_full_control
1448,2,raspberry,180.0,2,1,1,time
1448,3,blueberry,180.0,-3,1,1,time
1449,1,blueberry,180.0,-3,1,1,time
1449,2,blueberry,180.0,-1,1,2,time
1450,1,raspberry,180.0,1,1,1,time
1450,2,raspberry,180.0,1,1,1,time
1451,1,blueberry,180.0,-1,1,1,time
1451,2,blueberry,133.5,-3,1,1,blueberry_full_control
1452,1,blueberry,180.0,-2,1,1,time
1452,2,blueberry,150.5,-3,1,1,blueberry_full_control
1453,1,raspberry,180.0,2,1,1,time
1453,2,blueberry,138.0,-3,1,1,blueberry_full_control
1453,3,raspberry,180.0,1,1,1,time
1454,1,blueberry,180.0,-2,1,1,time
1454,2,raspberry,180.0,2,1,1,time
1454,3,raspberry,180.0,2,1,1,time
1455,1,blueberry,180.0,-3,1,1,time
1455,2,raspberry,180.0,3,1,1,time
1455,3,raspberry,180.0,3,1,1,time
1456,1,raspberry,180.0,2,1,1,time
1456,2,raspberry,162.0,3,1,1,raspberry_full_control
1457,1,raspberry,180.0,2,1,1,time
1457,2,blueberry,177.0,-3,1,1,blueberry_full_control
1457,3,blueberry,180.0,-3,1,1,time
1458,1,raspberry,89.0,1,1,1,raspberry_full_control
1458,2,raspberry,180.0,2,1,1,time
1459,1,blueberry,180.0,-3,1,1,time
1459,2,raspberry,180.0,2,1,1,time
1459,3,blueberry,180.0,-1,1,2,time
1460,1,blueberry,180.0,-3,1,1,time
1460,2,blueberry,180.0,-3,1,1,time
1461,1,blueberry,180.0,-3,1,1,time
1461,2,blueberry,180.0,-1,1,1,time
1462,1,blueberry,180.0,-1,1,1,time
1462,2,raspberry,180.0,2,1,1,time
1462,3,raspberry,180.0,2,1,1,time
1463,1,raspberry,180.0,1,1,2,time
1463,2,blueberry,154.0,-3,1,2,blueberry_full_control
1463,3,blueberry,172.0,-3,1,3,blueberry_full_control
1464,1,blueberry,180.0,0,1,1,time
1464,2,raspberry,180.0,1,1,2,time
1464,3,blueberry,180.0,-1,1,2,time
1465,1,raspberry,180.0,2,1,1,time
1465,2,raspberry,180.0,3,1,1,time
1466,1,raspberry,180.0,2,1,1,time
1466,2,blueberry,180.0,-2,1,1,time
1466,3,raspberry,180.0,3,1,1,time
1467,1,blueberry,180.0,-3,1,1,time
1467,2,blueberry,180.0,-1,1,2,time
1468,1,raspberry,180.0,2,1,1,time
1468,2,raspberry,180.0,3,1,1,time
1469,1,raspberry,180.0,1,1,1,time
1469,2,raspberry,180.0,3,1,1,time
1470,1,blueberry,180.0,-3,1,2,time
1470,2,blueberry,153.0,-3,1,2,blueberry_full_control
1471,1,blueberry,154.5,-3,1,1,blueberry_full_control
1471,2,raspberry,180.0,1,1,2,time
1471,3,blueberry,180.0,-2,1,2,time
1472,1,blueberry,180.0,-3,1,1,time
1472,2,raspberry,180.0,1,1,1,time
1472,3,blueberry,180.0,-1,1,1,time
1473,1,blueberry,165.0,-3,1,1,blueberry_full_control
1473,2,raspberry,180.0,2,1,2,time
1473,3,raspberry,180.0,0,1,3,time
1474,1,blueberry,180.0,-3,1,1,time
1474,2,blueberry,180.0,-3,1,1,time
1475,1,raspberry,180.0,1,1,1,time
1475,2,blueberry,180.0,-1,1,1,time
1475,3,blueberry,142.5,-3,1,2,blueberry_full_control
1476,1,raspberry,180.0,1,1,1,time
1476,2,raspberry,180.0,2,1,2,time
1477,1,blueberry,172.0,-3,1,1,blueberry_full_control
1477,2,raspberry,180.0,1,1,1,time
1477,3,blueberry,154.0,-3,1,2,blueberry_full_control
1478,1,raspberry,180.0,2,1,1,time
1478,2,raspberry,180.0,3,1,1,time
1479,1,blueberry,180.0,-3,1,1,time
1479,2,blueberry,180.0,-3,1,1,time
1480,1,raspberry,180.0,2,1,2,time
1480,2,blueberry,153.0,-3,1,2,blueberry_full_control
1480,3,blueberry,180.0,-3,1,3,time
1481,1,raspberry,180.0,0,1,1,time
1481,2,raspberry,180.0,3,1,1,time
1482,1,raspberry,180.0,1,1,1,time
1482,2,blueberry,180.0,-2,1,1,time
1482,3,raspberry,180.0,2,1,1,time
1483,1,blueberry,180.0,-3,1,1,time
1483,2,raspberry,180.0,3,1,1,time
1483,3,raspberry,180.0,1,2,1,time
1484,1,blueberry,180.0,-3,1,1,time
1484,2,raspberry,180.0,0,1,1,time
1484,3,raspberry,180.0,0,2,1,time
1485,1,blueberry,131.0,-1,1,1,raspberry_full_control
1485,2,raspberry,163.0,3,1,1,raspberry_full_control
1485,3,raspberry,180.0,2,1,2,time
1486,1,blueberry,180.0,-2,1,1,time
1486,2,blueberry,180.0,-3,1,1,time
1487,1,blueberry,180.0,-3,1,1,time
1487,2,blueberry,180.0,-3,1,1,time
1488,1,raspberry,180.0,2,1,1,time
1488,2,blueberry,180.0,-2,1,1,time
1488,3,raspberry,158.5,3,1,1,raspberry_full_control
1489,1,raspberry,180.0,3,1,1,time
1489,2,blueberry,180.0,-2,1,1,time
1489,3,raspberry,180.0,1,1,1,time
1490,1,blueberry,180.0,-1,1,1,time
1490,2,raspberry,174.5,3,1,2,raspberry_full_control
1490,3,blueberry,180.0,-2,1,2,time
1491,1,blueberry,180.0,-2,1,2,time
1491,2,blueberry,154.0,-3,1,2,blueberry_full_control
1492,1,blueberry,180.0,-2,1,1,time
1492,2,blueberry,173.0,-3,1,1,blueberry_full_control
1493,1,raspberry,180.0,3,1,1,time
1493,2,blueberry,180.0,-2,1,1,time
1493,3,raspberry,176.5,3,1,1,raspberry_full_control
1494,1,raspberry,180.0,1,1,1,time
1494,2,raspberry,180.0,1,1,1,time
1495,1,blueberry,180.0,-1,1,1,time
1495,2,raspberry,167.0,3,1,1,raspberry_full_control
1495,3,raspberry,156.5,3,1,1,raspberry_full_control
1496,1,blueberry,142.5,-3,1,1,blueberry_full_control
1496,2,blueberry,130.5,-3,1,1,blueberry_full_control
1497,1,raspberry,180.0,2,1,1,time
1497,2,raspberry,180.0,0,1,1,time
1498,1,blueberry,180.0,-1,1,2,time
1498,2,blueberry,180.0,-1,1,2,time
1499,1,blueberry,180.0,0,1,1,time
1499,2,raspberry,180.0,3,1,1,time
1499,3,blueberry,142.5,-3,1,2,blueberry_full_control
1500,1,blueberry,180.0,-3,1,1,time
1500,2,raspberry,180.0,2,1,1,time
1500,3,raspberry,180.0,1,1,2,time
