match_id,round_no,winner,duration,final_control,raspberry_upgrades,blueberry_upgrades,reason
1,1,blueberry,180.0,-1,1,0,time
1,2,raspberry,180.0,1,2,0,time
1,3,raspberry,180.0,3,4,0,time
2,1,raspberry,170.5,3,1,0,raspberry_full_control
2,2,raspberry,172.5,3,2,0,raspberry_full_control
3,1,raspberry,172.5,3,0,0,raspberry_full_control
3,2,raspberry,180.0,1,1,0,time
4,1,raspberry,180.0,2,1,0,time
4,2,raspberry,165.5,3,2,0,raspberry_full_control
5,1,blueberry,180.0,0,0,0,time
5,2,raspberry,180.0,1,2,0,time
5,3,raspberry,161.5,3,2,0,raspberry_full_control
6,1,raspberry,180.0,3,0,0,time
6,2,blueberry,180.0,-3,0,0,time
6,3,raspberry,179.5,3,0,0,raspberry_full_control
7,1,raspberry,180.0,3,0,0,time
7,2,blueberry,180.0,-3,0,0,time
7,3,blueberry,180.0,-1,0,0,time
8,1,blueberry,180.0,-2,0,1,time
8,2,raspberry,180.0,1,1,1,time
8,3,blueberry,163.5,-3,1,1,blueberry_full_control
9,1,raspberry,180.0,3,0,0,time
9,2,blueberry,180.0,-3,0,1,time
9,3,blueberry,180.0,-3,0,1,time
10,1,blueberry,180.0,-3,0,0,time
10,2,raspberry,180.0,2,0,0,time
10,3,blueberry,180.0,-1,0,0,time
11,1,blueberry,180.0,-2,0,1,time
11,2,raspberry,180.0,0,0,1,time
11,3,raspberry,180.0,0,0,1,time
12,1,blueberry,180.0,-3,0,1,time
12,2,raspberry,180.0,0,1,1,time
12,3,blueberry,124.0,-3,1,1,blueberry_full_control
13,1,blueberry,156.0,-3,0,0,blueberry_full_control
13,2,blueberry,180.0,-2,0,1,time
14,1,raspberry,180.0,2,1,0,time
14,2,raspberry,161.5,3,1,0,raspberry_full_control
15,1,blueberry,180.0,-1,0,0,time
15,2,blueberry,165.5,-3,0,0,blueberry_full_control
16,1,raspberry,180.0,2,0,0,time
16,2,raspberry,180.0,3,0,0,time
17,1,raspberry,180.0,1,0,0,time
17,2,blueberry,180.0,-3,0,1,time
17,3,blueberry,163.5,-3,0,1,blueberry_full_control
18,1,blueberry,180.0,-3,0,0,time
18,2,blueberry,180.0,-1,1,0,time
19,1,raspberry,180.0,1,0,0,time
19,2,raspberry,180.0,1,0,0,time
20,1,blueberry,180.0,-3,0,1,time
20,2,blueberry,146.0,-3,0,1,blueberry_full_control
21,1,raspberry,180.0,3,0,0,time
21,2,raspberry,180.0,3,0,0,time
22,1,raspberry,180.0,3,1,0,time
22,2,raspberry,180.0,3,1,0,time
23,1,raspberry,180.0,2,0,0,time
23,2,blueberry,180.0,-2,0,0,time
23,3,raspberry,180.0,2,0,0,time
24,1,blueberry,180.0,-3,0,1,time
24,2,blueberry,116.0,-3,0,1,blueberry_full_control
25,1,raspberry,180.0,2,0,0,time
25,2,blueberry,180.0,-3,1,0,time
25,3,raspberry,180.0,1,1,0,time
26,1,blueberry,162.0,-3,0,0,blueberry_full_control
26,2,blueberry,180.0,-3,0,0,time
27,1,raspberry,179.0,3,0,0,raspberry_full_control
27,2,raspberry,180.0,0,0,0,time
28,1,raspberry,180.0,1,0,0,time
28,2,blueberry,156.0,-3,0,1,blueberry_full_control
28,3,blueberry,180.0,-3,0,1,time
29,1,raspberry,180.0,2,0,0,time
29,2,raspberry,180.0,2,0,0,time
30,1,raspberry,180.0,3,1,0,time
30,2,raspberry,180.0,3,1,0,time
31,1,blueberry,180.0,-3,0,0,time
31,2,blueberry,163.5,-3,0,0,blueberry_full_control
32,1,blueberry,180.0,0,0,1,time
32,2,raspberry,180.0,3,1,1,time
32,3,raspberry,180.0,2,2,1,time
33,1,blueberry,180.0,-2,0,0,time
33,2,blueberry,140.5,-3,0,1,blueberry_full_control
34,1,raspberry,119.0,1,0,0,raspberry_full_control
34,2,raspberry,180.0,3,0,0,time
35,1,raspberry,180.0,1,0,0,time
35,2,blueberry,172.5,-3,0,0,blueberry_full_control
35,3,blueberry,180.0,-2,0,0,time
36,1,raspberry,180.0,3,0,0,time
36,2,raspberry,180.0,3,0,0,time
37,1,blueberry,180.0,-2,0,0,time
37,2,raspberry,180.0,3,0,0,time
37,3,raspberry,180.0,3,0,0,time
38,1,blueberry,180.0,-1,0,0,time
38,2,blueberry,167.5,-3,0,0,blueberry_full_control
39,1,blueberry,180.0,-2,0,1,time
39,2,raspberry,180.0,2,1,1,time
39,3,raspberry,180.0,3,1,1,time
40,1,blueberry,92.0,-1,0,0,raspberry_full_control
40,2,blueberry,92.0,-1,0,0,raspberry_full_control
41,1,raspberry,173.0,3,0,0,raspberry_full_control
41,2,raspberry,156.5,2,0,0,raspberry_full_control
42,1,blueberry,180.0,-3,0,0,time
42,2,blueberry,180.0,-2,0,0,time
43,1,blueberry,180.0,-1,0,0,time
43,2,blueberry,163.5,-3,0,0,blueberry_full_control
44,1,raspberry,180.0,2,0,0,time
44,2,blueberry,180.0,-1,0,0,time
44,3,blueberry,180.0,-2,0,1,time
45,1,blueberry,180.0,-3,0,1,time
45,2,blueberry,135.5,-3,0,1,blueberry_full_control
46,1,blueberry,180.0,-2,0,1,time
46,2,blueberry,153.0,-3,0,1,blueberry_full_control
47,1,blueberry,180.0,-3,0,0,time
47,2,blueberry,180.0,0,0,0,time
48,1,raspberry,180.0,2,1,0,time
48,2,raspberry,180.0,0,1,0,time
49,1,blueberry,180.0,-1,0,0,time
49,2,raspberry,180.0,2,1,0,time
49,3,raspberry,169.0,3,1,0,raspberry_full_control
50,1,blueberry,180.0,-3,0,0,time
50,2,raspberry,180.0,2,1,0,time
50,3,raspberry,176.0,3,1,0,raspberry_full_control
51,1,blueberry,180.0,-3,0,0,time
51,2,blueberry,127.5,-3,0,0,blueberry_full_control
52,1,raspberry,176.0,3,0,0,raspberry_full_control
52,2,raspberry,180.0,1,1,0,time
53,1,blueberry,180.0,-3,0,0,time
53,2,raspberry,180.0,2,0,0,time
53,3,raspberry,143.5,1,0,0,raspberry_full_control
54,1,blueberry,124.5,-3,0,0,blueberry_full_control
54,2,blueberry,136.0,-3,0,0,blueberry_full_control
55,1,raspberry,180.0,3,0,0,time
55,2,blueberry,180.0,-3,0,0,time
55,3,blueberry,180.0,-2,0,0,time
56,1,blueberry,180.0,-3,0,0,time
56,2,blueberry,180.0,-1,0,0,time
57,1,raspberry,170.0,1,0,0,raspberry_full_control
57,2,blueberry,180.0,-3,0,0,time
57,3,blueberry,180.0,-3,0,0,time
58,1,raspberry,165.0,3,0,0,raspberry_full_control
58,2,blueberry,180.0,-3,0,1,time
58,3,blueberry,142.5,-3,0,1,blueberry_full_control
59,1,raspberry,107.5,1,0,0,raspberry_full_control
59,2,raspberry,180.0,2,1,0,time
60,1,raspberry,180.0,2,0,0,time
60,2,raspberry,180.0,1,0,0,time
61,1,blueberry,171.5,-3,0,0,blueberry_full_control
61,2,blueberry,161.5,-3,1,0,blueberry_full_control
62,1,raspberry,180.0,3,0,0,time
62,2,blueberry,180.0,-2,0,1,time
62,3,blueberry,148.0,-3,0,1,blueberry_full_control
63,1,raspberry,180.0,2,0,0,time
63,2,raspberry,180.0,2,0,0,time
64,1,blueberry,180.0,-3,0,0,time
64,2,blueberry,180.0,-2,0,0,time
65,1,blueberry,180.0,-3,0,0,time
65,2,raspberry,180.0,1,0,0,time
65,3,raspberry,180.0,2,0,0,time
66,1,blueberry,180.0,-2,0,0,time
66,2,raspberry,180.0,1,0,0,time
66,3,blueberry,149.5,-3,0,0,blueberry_full_control
67,1,raspberry,180.0,1,1,0,time
67,2,raspberry,180.0,3,1,0,time
68,1,raspberry,180.0,3,1,0,time
68,2,blueberry,180.0,-1,1,1,time
68,3,raspberry,180.0,3,3,1,time
69,1,raspberry,180.0,0,0,0,time
69,2,raspberry,180.0,2,0,0,time
70,1,raspberry,180.0,2,0,0,time
70,2,blueberry,142.5,-3,0,0,blueberry_full_control
70,3,raspberry,180.0,1,0,0,time
71,1,blueberry,180.0,-3,0,1,time
71,2,raspberry,180.0,3,1,1,time
71,3,raspberry,180.0,1,1,1,time
72,1,raspberry,176.0,3,0,0,raspberry_full_control
72,2,blueberry,136.5,-3,0,0,blueberry_full_control
72,3,blueberry,180.0,-1,0,0,time
73,1,raspberry,180.0,1,0,0,time
73,2,raspberry,180.0,3,0,0,time
74,1,raspberry,180.0,1,0,0,time
74,2,raspberry,180.0,1,0,0,time
75,1,blueberry,171.5,-3,0,1,blueberry_full_control
75,2,blueberry,180.0,0,1,1,time
76,1,blueberry,180.0,-1,0,0,time
76,2,blueberry,180.0,-3,0,0,time
77,1,raspberry,180.0,1,0,0,time
77,2,raspberry,180.0,3,0,0,time
78,1,raspberry,180.0,2,0,0,time
78,2,blueberry,180.0,-1,0,1,time
78,3,blueberry,123.5,-3,0,1,blueberry_full_control
79,1,blueberry,180.0,0,0,0,time
79,2,blueberry,180.0,-3,0,0,time
80,1,raspberry,180.0,0,0,0,time
80,2,blueberry,180.0,-3,0,0,time
80,3,raspberry,160.5,3,0,0,raspberry_full_control
81,1,raspberry,180.0,3,0,0,time
81,2,raspberry,180.0,0,0,0,time
82,1,blueberry,152.5,-3,0,1,blueberry_full_control
82,2,raspberry,180.0,3,0,1,time
82,3,raspberry,180.0,3,1,1,time
83,1,raspberry,180.0,3,0,0,time
83,2,raspberry,180.0,3,0,0,time
84,1,blueberry,180.0,-3,0,0,time
84,2,blueberry,163.0,-3,0,0,blueberry_full_control
85,1,blueberry,173.0,-3,0,1,blueberry_full_control
85,2,raspberry,180.0,0,1,2,time
85,3,blueberry,180.0,-3,1,3,time
86,1,blueberry,180.0,-3,0,0,time
86,2,blueberry,180.0,-2,0,0,time
87,1,blueberry,180.0,-3,0,0,time
87,2,blueberry,180.0,-1,0,0,time
88,1,blueberry,138.5,-3,0,0,blueberry_full_control
88,2,blueberry,180.0,-2,0,1,time
89,1,blueberry,123.0,-3,0,0,blueberry_full_control
89,2,blueberry,180.0,-3,0,0,time
90,1,blueberry,135.0,-3,0,1,blueberry_full_control
90,2,blueberry,133.5,-3,0,1,blueberry_full_control
91,1,raspberry,180.0,2,0,0,time
91,2,blueberry,180.0,-1,0,0,time
91,3,blueberry,180.0,-1,0,1,time
92,1,blueberry,144.5,-3,0,0,blueberry_full_control
92,2,raspberry,180.0,3,0,0,time
92,3,blueberry,166.5,-3,0,0,blueberry_full_control
93,1,blueberry,180.0,-2,0,1,time
93,2,raspberry,172.5,3,0,1,raspberry_full_control
93,3,blueberry,127.0,-3,0,1,blueberry_full_control
94,1,raspberry,180.0,3,0,0,time
94,2,raspberry,166.0,3,0,0,raspberry_full_control
95,1,raspberry,180.0,3,1,0,time
95,2,raspberry,164.0,3,2,0,raspberry_full_control
96,1,blueberry,180.0,-2,0,0,time
96,2,blueberry,175.0,-3,0,0,blueberry_full_control
97,1,raspberry,180.0,0,0,0,time
97,2,raspberry,180.0,2,1,0,time
98,1,raspberry,176.5,3,0,0,raspberry_full_control
98,2,blueberry,142.5,-3,0,0,blueberry_full_control
98,3,blueberry,114.0,-3,0,0,blueberry_full_control
99,1,blueberry,180.0,-1,0,0,time
99,2,raspberry,180.0,3,1,0,time
99,3,raspberry,180.0,1,1,0,time
100,1,blueberry,180.0,-2,0,0,time
100,2,raspberry,180.0,2,0,0,time
100,3,blueberry,180.0,-1,0,0,time
101,1,raspberry,173.0,3,0,0,raspberry_full_control
101,2,raspberry,180.0,3,0,0,time
102,1,raspberry,180.0,2,0,0,time
102,2,raspberry,180.0,2,0,0,time
103,1,blueberry,180.0,-2,0,2,time
103,2,blueberry,180.0,-1,0,2,time
104,1,blueberry,180.0,-1,1,1,time
104,2,raspberry,173.0,3,2,1,raspberry_full_control
104,3,raspberry,134.5,3,2,1,raspberry_full_control
105,1,raspberry,66.5,1,0,0,raspberry_full_control
105,2,raspberry,177.5,3,1,0,raspberry_full_control
106,1,blueberry,180.0,-3,0,2,time
106,2,blueberry,123.0,-3,0,2,blueberry_full_control
107,1,blueberry,157.5,-3,0,0,blueberry_full_control
107,2,blueberry,163.5,-3,0,1,blueberry_full_control
108,1,blueberry,160.0,-3,0,0,blueberry_full_control
108,2,raspberry,180.0,2,0,0,time
108,3,blueberry,112.5,-2,0,0,raspberry_full_control
109,1,raspberry,180.0,3,0,0,time
109,2,blueberry,180.0,-2,0,0,time
109,3,blueberry,180.0,-2,0,0,time
110,1,blueberry,180.0,-3,0,0,time
110,2,raspberry,180.0,2,0,0,time
110,3,raspberry,180.0,3,0,0,time
111,1,raspberry,180.0,2,0,0,time
111,2,raspberry,180.0,1,0,0,time
112,1,blueberry,153.0,-3,0,0,blueberry_full_control
112,2,blueberry,159.0,-3,0,0,blueberry_full_control
113,1,blueberry,180.0,-1,0,0,time
113,2,raspberry,180.0,2,0,0,time
113,3,raspberry,180.0,2,0,0,time
114,1,raspberry,180.0,1,0,0,time
114,2,raspberry,180.0,3,0,0,time
115,1,blueberry,180.0,-3,0,0,time
115,2,blueberry,133.5,-3,0,0,blueberry_full_control
116,1,raspberry,180.0,3,0,0,time
116,2,blueberry,122.0,-2,0,0,raspberry_full_control
116,3,blueberry,180.0,-3,0,1,time
117,1,raspberry,180.0,3,0,0,time
117,2,raspberry,180.0,1,0,0,time
118,1,raspberry,180.0,1,0,1,time
118,2,blueberry,180.0,-3,0,1,time
118,3,raspberry,180.0,2,0,1,time
119,1,raspberry,180.0,3,0,0,time
119,2,blueberry,180.0,-2,1,0,time
119,3,raspberry,173.0,3,1,0,raspberry_full_control
120,1,blueberry,154.5,-3,0,0,blueberry_full_control
120,2,blueberry,180.0,-2,0,0,time
121,1,raspberry,180.0,3,0,0,time
121,2,raspberry,180.0,3,0,0,time
122,1,raspberry,180.0,2,0,0,time
122,2,blueberry,142.5,-3,0,0,blueberry_full_control
122,3,raspberry,166.5,3,0,0,raspberry_full_control
123,1,blueberry,172.5,-3,0,0,blueberry_full_control
123,2,blueberry,180.0,-2,0,0,time
124,1,raspberry,180.0,3,0,0,time
124,2,raspberry,180.0,3,0,0,time
125,1,blueberry,180.0,-1,0,0,time
125,2,blueberry,180.0,-1,0,0,time
126,1,blueberry,173.5,-3,0,0,blueberry_full_control
126,2,blueberry,142.5,-3,0,0,blueberry_full_control
127,1,blueberry,180.0,-3,0,1,time
127,2,blueberry,180.0,-1,1,1,time
128,1,raspberry,180.0,3,0,0,time
128,2,raspberry,171.0,3,0,0,raspberry_full_control
129,1,blueberry,172.5,-3,0,0,blueberry_full_control
129,2,blueberry,180.0,-2,0,1,time
130,1,raspberry,180.0,3,0,0,time
130,2,blueberry,154.5,-3,0,0,blueberry_full_control
130,3,raspberry,180.0,1,0,0,time
131,1,blueberry,180.0,-3,0,0,time
131,2,blueberry,153.0,-3,0,0,blueberry_full_control
132,1,blueberry,152.5,-3,0,0,blueberry_full_control
132,2,blueberry,180.0,-2,0,0,time
133,1,raspberry,176.0,3,0,0,raspberry_full_control
133,2,blueberry,150.0,-3,0,0,blueberry_full_control
133,3,blueberry,175.5,-3,0,0,blueberry_full_control
134,1,blueberry,180.0,-1,0,0,time
134,2,blueberry,180.0,-3,0,0,time
135,1,blueberry,180.0,-1,0,0,time
135,2,raspberry,180.0,1,0,0,time
135,3,raspberry,180.0,2,0,0,time
136,1,blueberry,150.5,-3,0,0,blueberry_full_control
136,2,raspberry,180.0,3,0,0,time
136,3,raspberry,180.0,3,0,0,time
137,1,raspberry,180.0,0,0,0,time
137,2,blueberry,180.0,-3,0,1,time
137,3,blueberry,180.0,-3,0,1,time
138,1,blueberry,180.0,-1,0,0,time
138,2,blueberry,163.5,-3,0,0,blueberry_full_control
139,1,raspberry,180.0,3,0,0,time
139,2,raspberry,180.0,1,0,0,time
140,1,raspberry,180.0,3,0,0,time
140,2,blueberry,176.5,-3,0,0,blueberry_full_control
140,3,blueberry,180.0,-3,0,0,time
141,1,blueberry,180.0,-1,0,0,time
141,2,blueberry,93.0,-1,0,0,raspberry_full_control
142,1,raspberry,180.0,1,0,0,time
142,2,blueberry,143.0,-3,0,0,blueberry_full_control
142,3,blueberry,180.0,-2,0,0,time
143,1,blueberry,180.0,-2,0,0,time
143,2,blueberry,93.5,-1,0,0,raspberry_full_control
144,1,raspberry,180.0,0,0,0,time
144,2,blueberry,180.0,-3,0,0,time
144,3,blueberry,180.0,-3,0,0,time
145,1,raspberry,172.0,3,1,0,raspberry_full_control
145,2,raspberry,180.0,3,1,0,time
146,1,raspberry,180.0,2,0,1,time
146,2,raspberry,180.0,1,0,1,time
147,1,blueberry,142.5,-3,0,0,blueberry_full_control
147,2,blueberry,124.5,-3,0,0,blueberry_full_control
148,1,blueberry,180.0,-2,1,0,time
148,2,raspberry,180.0,3,1,0,time
148,3,raspberry,144.0,3,1,0,raspberry_full_control
149,1,raspberry,180.0,2,0,0,time
149,2,blueberry,180.0,-1,0,0,time
149,3,blueberry,180.0,-2,0,0,time
150,1,raspberry,180.0,1,0,0,time
150,2,blueberry,180.0,-2,0,1,time
150,3,blueberry,180.0,-1,0,1,time
151,1,raspberry,168.5,3,0,0,raspberry_full_control
151,2,raspberry,153.5,3,0,0,raspberry_full_control
152,1,raspberry,180.0,2,0,0,time
152,2,blueberry,180.0,-1,0,0,time
152,3,raspberry,180.0,3,0,0,time
153,1,raspberry,180.0,3,0,0,time
153,2,blueberry,180.0,0,0,0,time
153,3,raspberry,180.0,3,0,0,time
154,1,raspberry,180.0,2,0,0,time
154,2,blueberry,180.0,-1,0,0,time
154,3,raspberry,180.0,2,0,0,time
155,1,blueberry,145.5,-3,0,0,blueberry_full_control
155,2,raspberry,164.5,3,0,0,raspberry_full_control
155,3,blueberry,147.5,-3,0,0,blueberry_full_control
156,1,raspberry,180.0,1,0,0,time
156,2,raspberry,180.0,2,0,0,time
157,1,blueberry,180.0,0,0,0,time
157,2,blueberry,163.0,-3,0,0,blueberry_full_control
158,1,raspberry,180.0,1,0,0,time
158,2,blueberry,148.5,-3,0,0,blueberry_full_control
158,3,blueberry,154.5,-3,0,0,blueberry_full_control
159,1,blueberry,172.5,-3,0,0,blueberry_full_control
159,2,blueberry,180.0,-3,0,0,time
160,1,raspberry,180.0,2,0,0,time
160,2,raspberry,180.0,0,0,0,time
161,1,raspberry,180.0,3,0,1,time
161,2,raspberry,180.0,0,1,1,time
162,1,raspberry,180.0,3,0,0,time
162,2,blueberry,174.0,-3,0,0,blueberry_full_control
162,3,raspberry,180.0,3,0,0,time
163,1,raspberry,180.0,3,0,0,time
163,2,blueberry,180.0,-2,0,0,time
163,3,blueberry,180.0,-1,0,0,time
164,1,raspberry,180.0,2,0,0,time
164,2,blueberry,180.0,-3,0,0,time
164,3,blueberry,180.0,-2,0,0,time
165,1,raspberry,180.0,2,0,0,time
165,2,blueberry,180.0,-3,0,0,time
165,3,blueberry,180.0,-3,0,0,time
166,1,raspberry,176.0,3,0,0,raspberry_full_control
166,2,raspberry,170.5,3,0,0,raspberry_full_control
167,1,raspberry,180.0,3,0,0,time
167,2,raspberry,180.0,3,0,0,time
168,1,raspberry,180.0,1,0,0,time
168,2,raspberry,180.0,3,0,0,time
169,1,blueberry,180.0,-2,0,0,time
169,2,raspberry,180.0,2,0,0,time
169,3,blueberry,180.0,-1,0,0,time
170,1,raspberry,180.0,2,0,1,time
170,2,raspberry,180.0,1,0,1,time
171,1,raspberry,157.0,3,0,1,raspberry_full_control
171,2,blueberry,159.5,-3,0,1,blueberry_full_control
171,3,raspberry,180.0,0,0,1,time
172,1,raspberry,180.0,3,0,0,time
172,2,raspberry,180.0,3,0,0,time
173,1,blueberry,129.5,-3,0,0,blueberry_full_control
173,2,blueberry,180.0,-3,0,0,time
174,1,raspberry,180.0,2,0,0,time
174,2,blueberry,180.0,0,0,0,time
174,3,raspberry,127.0,1,0,0,raspberry_full_control
175,1,blueberry,180.0,-3,0,0,time
175,2,raspberry,180.0,2,0,0,time
175,3,blueberry,180.0,-3,0,0,time
176,1,blueberry,180.0,-2,0,0,time
176,2,raspberry,180.0,3,0,0,time
176,3,blueberry,162.5,-3,0,0,blueberry_full_control
177,1,blueberry,173.5,-3,0,0,blueberry_full_control
177,2,blueberry,180.0,-1,0,0,time
178,1,raspberry,180.0,3,1,0,time
178,2,raspberry,164.0,3,1,0,raspberry_full_control
179,1,raspberry,180.0,3,1,0,time
179,2,raspberry,172.5,3,1,0,raspberry_full_control
180,1,blueberry,144.0,-3,0,0,blueberry_full_control
180,2,raspberry,180.0,0,0,0,time
180,3,raspberry,180.0,2,0,0,time
181,1,blueberry,180.0,-2,0,0,time
181,2,raspberry,180.0,0,0,0,time
181,3,raspberry,179.5,3,0,0,raspberry_full_control
182,1,blueberry,172.5,-3,0,0,blueberry_full_control
182,2,raspberry,180.0,2,0,0,time
182,3,blueberry,180.0,-1,0,1,time
183,1,raspberry,180.0,1,0,0,time
183,2,blueberry,180.0,-2,0,0,time
183,3,raspberry,180.0,1,0,0,time
184,1,raspberry,180.0,0,0,0,time
184,2,raspberry,180.0,3,1,0,time
185,1,raspberry,165.5,3,0,0,raspberry_full_control
185,2,blueberry,133.5,-3,0,1,blueberry_full_control
185,3,blueberry,142.5,-3,0,2,blueberry_full_control
186,1,raspberry,180.0,3,0,0,time
186,2,blueberry,180.0,-3,0,0,time
186,3,raspberry,180.0,3,1,0,time
187,1,raspberry,180.0,2,0,0,time
187,2,blueberry,139.0,-3,0,0,blueberry_full_control
187,3,blueberry,180.0,-2,0,0,time
188,1,raspberry,180.0,1,0,0,time
188,2,raspberry,180.0,3,0,0,time
189,1,raspberry,180.0,2,0,0,time
189,2,blueberry,180.0,-1,0,0,time
189,3,blueberry,146.0,-3,0,0,blueberry_full_control
190,1,blueberry,180.0,-3,0,0,time
190,2,blueberry,151.5,-3,0,0,blueberry_full_control
191,1,blueberry,180.0,-1,1,0,time
191,2,blueberry,156.0,-3,1,0,blueberry_full_control
192,1,raspberry,180.0,2,0,0,time
192,2,blueberry,180.0,-3,0,0,time
192,3,blueberry,180.0,-2,0,0,time
193,1,raspberry,180.0,2,0,0,time
193,2,raspberry,180.0,3,0,0,time
194,1,raspberry,180.0,3,0,0,time
194,2,raspberry,180.0,2,0,0,time
195,1,raspberry,180.0,2,0,0,time
195,2,raspberry,180.0,3,0,0,time
196,1,blueberry,134.5,-3,0,0,blueberry_full_control
196,2,raspberry,180.0,1,0,0,time
196,3,blueberry,138.5,-3,0,0,blueberry_full_control
197,1,blueberry,180.0,-1,0,0,time
197,2,blueberry,180.0,-1,0,1,time
198,1,blueberry,180.0,0,0,0,time
198,2,blueberry,180.0,-2,0,0,time
199,1,raspberry,180.0,2,0,1,time
199,2,blueberry,180.0,-1,0,1,time
199,3,blueberry,134.0,-3,0,1,blueberry_full_control
200,1,blueberry,163.0,-3,0,0,blueberry_full_control
200,2,blueberry,141.5,-3,0,1,blueberry_full_control
201,1,blueberry,180.0,-2,0,0,time
201,2,blueberry,180.0,-1,0,0,time
202,1,blueberry,180.0,-2,0,0,time
202,2,raspberry,180.0,0,0,0,time
202,3,blueberry,180.0,-2,0,0,time
203,1,blueberry,180.0,-2,0,0,time
203,2,raspberry,180.0,0,0,1,time
203,3,blueberry,156.0,-3,0,1,blueberry_full_control
204,1,blueberry,180.0,-3,0,0,time
204,2,blueberry,180.0,-3,0,0,time
205,1,blueberry,180.0,-2,0,0,time
205,2,raspberry,180.0,1,0,0,time
205,3,blueberry,163.5,-3,0,0,blueberry_full_control
206,1,raspberry,180.0,1,0,0,time
206,2,blueberry,146.0,-3,0,0,blueberry_full_control
206,3,raspberry,180.0,3,0,0,time
207,1,raspberry,180.0,2,0,0,time
207,2,raspberry,180.0,2,0,0,time
208,1,raspberry,180.0,1,0,1,time
208,2,raspberry,180.0,0,0,1,time
209,1,blueberry,180.0,-2,0,0,time
209,2,raspberry,178.0,3,0,1,raspberry_full_control
209,3,raspberry,180.0,3,0,1,time
210,1,blueberry,180.0,-1,0,0,time
210,2,raspberry,180.0,0,0,0,time
210,3,raspberry,180.0,1,0,0,time
211,1,blueberry,180.0,-3,0,0,time
211,2,raspberry,180.0,0,0,0,time
211,3,raspberry,180.0,2,0,0,time
212,1,blueberry,180.0,-3,0,0,time
212,2,blueberry,141.0,-3,0,1,blueberry_full_control
213,1,blueberry,133.5,-3,0,0,blueberry_full_control
213,2,raspberry,180.0,3,0,0,time
213,3,blueberry,132.5,-3,0,0,blueberry_full_control
214,1,raspberry,180.0,2,0,0,time
214,2,raspberry,156.5,2,0,0,raspberry_full_control
215,1,blueberry,168.5,-3,0,0,blueberry_full_control
215,2,raspberry,180.0,1,0,0,time
215,3,raspberry,180.0,1,0,0,time
216,1,blueberry,180.0,-3,0,0,time
216,2,raspberry,143.0,1,1,0,raspberry_full_control
216,3,raspberry,180.0,3,1,0,time
217,1,raspberry,180.0,1,0,0,time
217,2,blueberry,180.0,-2,0,0,time
217,3,blueberry,180.0,-1,0,0,time
218,1,raspberry,176.0,3,0,1,raspberry_full_control
218,2,blueberry,132.5,-3,0,1,blueberry_full_control
218,3,blueberry,123.5,-3,0,1,blueberry_full_control
219,1,blueberry,144.0,-3,0,0,blueberry_full_control
219,2,raspberry,180.0,3,0,0,time
219,3,raspberry,180.0,3,0,0,time
220,1,raspberry,173.0,3,0,0,raspberry_full_control
220,2,blueberry,180.0,-3,0,0,time
220,3,blueberry,180.0,-2,0,1,time
221,1,blueberry,180.0,-2,0,0,time
221,2,raspberry,180.0,3,0,0,time
221,3,raspberry,180.0,3,0,0,time
222,1,raspberry,180.0,2,0,0,time
222,2,raspberry,180.0,3,0,0,time
223,1,raspberry,180.0,3,0,0,time
223,2,blueberry,135.0,-3,0,0,blueberry_full_control
223,3,blueberry,180.0,-2,0,0,time
224,1,raspberry,171.0,3,0,0,raspberry_full_control
224,2,blueberry,180.0,-3,0,0,time
224,3,raspberry,180.0,2,0,0,time
225,1,blueberry,122.5,-3,0,0,blueberry_full_control
225,2,blueberry,180.0,-3,0,0,time
226,1,blueberry,180.0,-1,0,0,time
226,2,raspberry,180.0,1,0,0,time
226,3,blueberry,180.0,-1,0,0,time
227,1,raspberry,180.0,3,0,0,time
227,2,raspberry,180.0,3,0,0,time
228,1,raspberry,180.0,1,0,0,time
228,2,blueberry,180.0,-1,0,0,time
228,3,blueberry,147.0,-3,0,0,blueberry_full_control
229,1,blueberry,180.0,-1,0,0,time
229,2,raspberry,180.0,2,0,0,time
229,3,raspberry,180.0,0,0,0,time
230,1,blueberry,174.0,-3,0,0,blueberry_full_control
230,2,blueberry,180.0,-2,0,0,time
231,1,blueberry,180.0,-3,0,0,time
231,2,blueberry,174.0,-3,0,0,blueberry_full_control
232,1,blueberry,180.0,-2,0,0,time
232,2,blueberry,142.5,-3,0,0,blueberry_full_control
233,1,raspberry,180.0,0,0,0,time
233,2,blueberry,180.0,-2,0,0,time
233,3,blueberry,180.0,-2,0,0,time
234,1,raspberry,180.0,3,0,0,time
234,2,raspberry,180.0,1,0,0,time
235,1,raspberry,180.0,2,0,1,time
235,2,blueberry,180.0,-2,0,1,time
235,3,blueberry,180.0,-3,0,1,time
236,1,blueberry,180.0,-3,0,0,time
236,2,raspberry,180.0,1,0,0,time
236,3,blueberry,136.5,-3,0,0,blueberry_full_control
237,1,raspberry,180.0,2,0,0,time
237,2,raspberry,180.0,3,0,0,time
238,1,raspberry,180.0,1,0,0,time
238,2,raspberry,180.0,3,0,0,time
239,1,raspberry,180.0,0,0,0,time
239,2,blueberry,180.0,0,0,0,time
239,3,raspberry,180.0,3,0,0,time
240,1,raspberry,165.5,3,0,0,raspberry_full_control
240,2,blueberry,180.0,-2,0,0,time
240,3,raspberry,180.0,2,0,0,time
241,1,blueberry,124.5,-3,0,0,blueberry_full_control
241,2,blueberry,139.0,-3,0,0,blueberry_full_control
242,1,blueberry,118.0,-3,0,1,blueberry_full_control
242,2,blueberry,180.0,-3,0,2,time
243,1,blueberry,166.5,-3,0,1,blueberry_full_control
243,2,blueberry,97.0,-1,0,1,raspberry_full_control
244,1,raspberry,180.0,3,0,0,time
244,2,blueberry,162.5,-3,0,0,blueberry_full_control
244,3,raspberry,173.0,3,0,0,raspberry_full_control
245,1,raspberry,180.0,3,0,0,time
245,2,raspberry,180.0,3,0,0,time
246,1,blueberry,171.0,-3,0,0,blueberry_full_control
246,2,raspberry,180.0,3,0,0,time
246,3,blueberry,180.0,-2,0,0,time
247,1,blueberry,136.5,-3,0,1,blueberry_full_control
247,2,raspberry,180.0,1,0,1,time
247,3,blueberry,145.5,-3,0,1,blueberry_full_control
248,1,raspberry,180.0,1,1,0,time
248,2,raspberry,180.0,3,1,0,time
249,1,blueberry,180.0,0,0,0,time
249,2,blueberry,180.0,-3,0,0,time
250,1,blueberry,154.0,-3,0,0,blueberry_full_control
250,2,blueberry,151.0,-3,0,0,blueberry_full_control
251,1,raspberry,180.0,1,0,0,time
251,2,blueberry,180.0,-1,0,1,time
251,3,blueberry,180.0,-2,0,1,time
252,1,blueberry,180.0,-3,0,0,time
252,2,blueberry,163.0,-3,0,0,blueberry_full_control
253,1,raspberry,180.0,2,0,0,time
253,2,blueberry,180.0,-1,0,0,time
253,3,blueberry,180.0,-1,0,0,time
254,1,raspberry,180.0,1,1,0,time
254,2,raspberry,180.0,2,1,0,time
255,1,raspberry,180.0,3,1,0,time
255,2,raspberry,180.0,3,1,0,time
256,1,raspberry,180.0,2,0,0,time
256,2,blueberry,170.5,-3,0,0,blueberry_full_control
256,3,blueberry,180.0,-3,0,0,time
257,1,blueberry,180.0,-1,0,0,time
257,2,raspberry,180.0,1,0,0,time
257,3,blueberry,180.0,-3,0,0,time
258,1,blueberry,168.0,-3,0,0,blueberry_full_control
258,2,blueberry,174.5,-3,0,0,blueberry_full_control
259,1,blueberry,146.0,-3,0,0,blueberry_full_control
259,2,blueberry,180.0,-3,0,0,time
260,1,raspberry,180.0,2,0,0,time
260,2,blueberry,180.0,-3,0,0,time
260,3,blueberry,180.0,-2,0,0,time
261,1,blueberry,180.0,-1,0,0,time
261,2,blueberry,127.0,-3,0,0,blueberry_full_control
262,1,blueberry,180.0,-2,0,0,time
262,2,blueberry,180.0,-1,0,1,time
263,1,blueberry,143.0,-3,0,0,blueberry_full_control
263,2,blueberry,180.0,-3,0,0,time
264,1,blueberry,180.0,-2,0,0,time
264,2,blueberry,180.0,-2,0,0,time
265,1,raspberry,180.0,3,0,0,time
265,2,blueberry,180.0,-1,0,0,time
265,3,blueberry,180.0,-1,0,0,time
266,1,blueberry,172.0,-3,0,0,blueberry_full_control
266,2,blueberry,157.0,-3,0,0,blueberry_full_control
267,1,raspberry,180.0,2,0,0,time
267,2,raspberry,180.0,2,0,0,time
268,1,blueberry,180.0,-3,0,0,time
268,2,blueberry,180.0,-3,0,0,time
269,1,blueberry,147.5,-3,0,0,blueberry_full_control
269,2,blueberry,180.0,-1,0,1,time
270,1,blueberry,180.0,-2,0,0,time
270,2,blueberry,180.0,-2,0,0,time
271,1,blueberry,144.0,-3,0,0,blueberry_full_control
271,2,raspberry,180.0,3,0,0,time
271,3,raspberry,180.0,2,0,0,time
272,1,raspberry,180.0,3,0,0,time
272,2,blueberry,162.5,-3,0,0,blueberry_full_control
272,3,blueberry,134.5,-3,0,0,blueberry_full_control
273,1,blueberry,180.0,-3,0,0,time
273,2,blueberry,180.0,-3,0,0,time
274,1,raspberry,180.0,1,0,0,time
274,2,raspberry,180.0,1,0,0,time
275,1,raspberry,180.0,3,0,0,time
275,2,blueberry,180.0,-2,0,0,time
275,3,blueberry,180.0,-2,0,0,time
276,1,raspberry,180.0,0,0,0,time
276,2,raspberry,180.0,3,0,0,time
277,1,blueberry,180.0,-2,0,0,time
277,2,blueberry,180.0,-3,0,0,time
278,1,blueberry,180.0,-1,0,0,time
278,2,blueberry,180.0,-2,1,1,time
279,1,raspberry,170.5,3,0,0,raspberry_full_control
279,2,blueberry,180.0,-2,0,0,time
279,3,raspberry,180.0,2,0,1,time
280,1,raspberry,180.0,3,0,0,time
280,2,raspberry,180.0,0,0,0,time
281,1,raspberry,180.0,2,0,0,time
281,2,raspberry,180.0,2,0,0,time
282,1,blueberry,180.0,-1,0,0,time
282,2,blueberry,143.5,-3,0,0,blueberry_full_control
283,1,raspberry,180.0,2,0,0,time
283,2,raspberry,180.0,3,0,0,time
284,1,raspberry,180.0,1,0,0,time
284,2,blueberry,180.0,-2,0,0,time
284,3,raspberry,180.0,2,0,0,time
285,1,raspberry,180.0,3,1,0,time
285,2,raspberry,146.0,3,1,0,raspberry_full_control
286,1,raspberry,180.0,3,0,1,time
286,2,blueberry,180.0,-2,0,1,time
286,3,blueberry,123.0,-3,0,2,blueberry_full_control
287,1,blueberry,180.0,0,0,0,time
287,2,blueberry,180.0,-1,0,0,time
288,1,raspberry,156.0,3,0,0,raspberry_full_control
288,2,blueberry,180.0,-2,0,0,time
288,3,blueberry,180.0,-2,0,0,time
289,1,blueberry,180.0,-2,0,0,time
289,2,blueberry,145.5,-3,0,0,blueberry_full_control
290,1,blueberry,180.0,-2,0,0,time
290,2,raspberry,180.0,3,0,0,time
290,3,raspberry,180.0,2,0,1,time
291,1,blueberry,180.0,-3,0,0,time
291,2,raspberry,180.0,3,0,0,time
291,3,blueberry,180.0,-3,0,0,time
292,1,raspberry,180.0,2,0,0,time
292,2,blueberry,147.0,-3,0,0,blueberry_full_control
292,3,raspberry,180.0,2,0,0,time
293,1,raspberry,180.0,2,0,0,time
293,2,raspberry,180.0,3,0,0,time
294,1,blueberry,180.0,-1,0,0,time
294,2,raspberry,180.0,3,0,1,time
294,3,raspberry,180.0,2,0,1,time
295,1,raspberry,180.0,3,0,0,time
295,2,raspberry,171.5,3,0,0,raspberry_full_control
296,1,blueberry,130.0,-3,0,0,blueberry_full_control
296,2,raspberry,176.0,3,0,0,raspberry_full_control
296,3,blueberry,180.0,-1,0,0,time
297,1,raspberry,168.5,3,0,0,raspberry_full_control
297,2,raspberry,171.0,3,0,0,raspberry_full_control
298,1,blueberry,180.0,-3,0,0,time
298,2,blueberry,149.5,-3,0,0,blueberry_full_control
299,1,raspberry,161.0,3,0,0,raspberry_full_control
299,2,raspberry,159.5,3,0,0,raspberry_full_control
300,1,blueberry,166.5,-3,0,0,blueberry_full_control
300,2,raspberry,180.0,1,0,0,time
300,3,blueberry,180.0,-3,0,0,time
301,1,blueberry,113.0,-3,0,0,blueberry_full_control
301,2,blueberry,121.5,-3,0,0,blueberry_full_control
302,1,blueberry,138.0,-3,0,0,blueberry_full_control
302,2,raspberry,180.0,3,1,0,time
302,3,raspberry,180.0,3,1,0,time
303,1,blueberry,180.0,-2,0,0,time
303,2,blueberry,172.5,-3,0,0,blueberry_full_control
304,1,raspberry,180.0,3,0,1,time
304,2,blueberry,134.5,-3,0,1,blueberry_full_control
304,3,raspberry,180.0,1,0,1,time
305,1,blueberry,180.0,-1,0,0,time
305,2,raspberry,180.0,2,0,0,time
305,3,raspberry,180.0,2,0,0,time
306,1,blueberry,180.0,-3,0,0,time
306,2,blueberry,180.0,-3,0,0,time
307,1,blueberry,180.0,-1,0,0,time
307,2,raspberry,180.0,2,0,0,time
307,3,raspberry,180.0,2,0,0,time
308,1,blueberry,180.0,-1,0,0,time
308,2,raspberry,180.0,3,0,0,time
308,3,raspberry,180.0,1,0,0,time
309,1,blueberry,135.0,-3,0,0,blueberry_full_control
309,2,raspberry,180.0,0,0,0,time
309,3,blueberry,180.0,-2,0,0,time
310,1,raspberry,167.0,3,0,0,raspberry_full_control
310,2,raspberry,180.0,2,1,0,time
311,1,blueberry,163.5,-3,0,0,blueberry_full_control
311,2,raspberry,180.0,0,0,0,time
311,3,blueberry,127.5,-3,0,0,blueberry_full_control
312,1,blueberry,180.0,-1,0,0,time
312,2,blueberry,180.0,-2,0,0,time
313,1,blueberry,180.0,-2,0,0,time
313,2,blueberry,126.0,-3,0,0,blueberry_full_control
314,1,raspberry,180.0,0,0,0,time
314,2,raspberry,180.0,1,0,0,time
315,1,raspberry,180.0,2,0,0,time
315,2,raspberry,180.0,3,0,0,time
316,1,raspberry,180.0,3,0,0,time
316,2,raspberry,180.0,0,0,1,time
317,1,blueberry,180.0,-1,0,0,time
317,2,blueberry,180.0,-2,0,0,time
318,1,blueberry,180.0,-2,0,0,time
318,2,raspberry,180.0,0,0,0,time
318,3,raspberry,180.0,0,0,0,time
319,1,blueberry,180.0,-2,0,1,time
319,2,blueberry,180.0,-3,0,2,time
320,1,raspberry,180.0,1,0,0,time
320,2,raspberry,180.0,1,0,1,time
321,1,raspberry,180.0,3,0,0,time
321,2,raspberry,180.0,1,0,0,time
322,1,raspberry,180.0,2,0,1,time
322,2,blueberry,165.0,-3,0,1,blueberry_full_control
322,3,blueberry,180.0,-3,0,1,time
323,1,raspberry,180.0,1,0,0,time
323,2,raspberry,180.0,1,0,0,time
324,1,raspberry,180.0,3,0,0,time
324,2,blueberry,180.0,-2,0,2,time
324,3,blueberry,132.5,-3,0,2,blueberry_full_control
325,1,raspberry,180.0,0,0,1,time
325,2,blueberry,125.0,-3,0,1,blueberry_full_control
325,3,blueberry,180.0,-3,0,1,time
326,1,blueberry,141.0,-3,0,0,blueberry_full_control
326,2,blueberry,180.0,-1,0,0,time
327,1,blueberry,124.5,-3,0,0,blueberry_full_control
327,2,blueberry,180.0,-3,0,0,time
328,1,blueberry,180.0,-1,0,0,time
328,2,blueberry,180.0,-1,0,0,time
329,1,blueberry,180.0,-2,0,0,time
329,2,blueberry,180.0,-1,0,0,time
330,1,blueberry,180.0,-1,0,0,time
330,2,raspberry,180.0,2,0,0,time
330,3,blueberry,142.5,-3,0,0,blueberry_full_control
331,1,raspberry,180.0,2,0,0,time
331,2,blueberry,180.0,-1,0,0,time
331,3,blueberry,180.0,-1,0,0,time
332,1,raspberry,180.0,2,0,0,time
332,2,raspberry,180.0,2,0,0,time
333,1,blueberry,180.0,-3,0,0,time
333,2,blueberry,180.0,-3,0,0,time
334,1,blueberry,180.0,-3,0,0,time
334,2,raspberry,180.0,2,0,0,time
334,3,raspberry,180.0,3,0,0,time
335,1,raspberry,167.0,3,0,0,raspberry_full_control
335,2,blueberry,180.0,-3,0,0,time
335,3,blueberry,104.0,-1,0,0,raspberry_full_control
336,1,raspberry,180.0,2,0,0,time
336,2,raspberry,180.0,3,0,0,time
337,1,blueberry,180.0,-3,0,0,time
337,2,raspberry,180.0,0,0,0,time
337,3,blueberry,139.0,-3,1,0,blueberry_full_control
338,1,blueberry,180.0,-3,0,0,time
338,2,raspberry,180.0,3,0,0,time
338,3,raspberry,173.5,3,0,0,raspberry_full_control
339,1,raspberry,180.0,1,0,0,time
339,2,blueberry,180.0,-2,0,0,time
339,3,blueberry,180.0,-2,0,0,time
340,1,raspberry,180.0,3,0,0,time
340,2,blueberry,143.0,-3,0,0,blueberry_full_control
340,3,raspberry,180.0,1,0,0,time
341,1,blueberry,157.5,-3,0,0,blueberry_full_control
341,2,blueberry,155.0,-3,0,0,blueberry_full_control
342,1,raspberry,180.0,2,0,0,time
342,2,raspberry,165.5,3,0,0,raspberry_full_control
343,1,blueberry,180.0,0,0,0,time
343,2,raspberry,180.0,2,0,0,time
343,3,raspberry,180.0,3,0,0,time
344,1,raspberry,180.0,0,0,0,time
344,2,blueberry,180.0,-3,0,0,time
344,3,blueberry,180.0,-2,0,0,time
345,1,raspberry,180.0,3,0,0,time
345,2,raspberry,180.0,2,0,0,time
346,1,blueberry,180.0,-1,0,0,time
346,2,raspberry,180.0,0,0,0,time
346,3,blueberry,176.5,-3,0,0,blueberry_full_control
347,1,blueberry,153.0,-3,0,0,blueberry_full_control
347,2,raspberry,180.0,2,0,0,time
347,3,raspberry,180.0,2,0,0,time
348,1,raspberry,180.0,2,0,0,time
348,2,blueberry,180.0,-3,0,0,time
348,3,blueberry,180.0,-1,0,0,time
349,1,raspberry,180.0,3,0,0,time
349,2,raspberry,180.0,1,0,0,time
350,1,raspberry,180.0,2,0,0,time
350,2,blueberry,180.0,-1,0,0,time
350,3,raspberry,180.0,2,0,0,time
351,1,raspberry,180.0,3,0,0,time
351,2,blueberry,155.0,-3,0,0,blueberry_full_control
351,3,raspberry,180.0,3,0,0,time
352,1,blueberry,180.0,-1,0,0,time
352,2,blueberry,175.5,-3,0,0,blueberry_full_control
353,1,blueberry,180.0,-2,0,0,time
353,2,blueberry,180.0,-1,0,0,time
354,1,raspberry,166.5,3,0,0,raspberry_full_control
354,2,raspberry,180.0,1,0,0,time
355,1,blueberry,156.0,-3,0,0,blueberry_full_control
355,2,blueberry,124.5,-3,0,0,blueberry_full_control
356,1,raspberry,180.0,3,0,0,time
356,2,blueberry,180.0,-2,0,0,time
356,3,raspberry,180.0,0,0,0,time
357,1,blueberry,180.0,-3,0,0,time
357,2,raspberry,180.0,3,0,0,time
357,3,raspberry,180.0,3,0,0,time
358,1,blueberry,180.0,-2,0,0,time
358,2,blueberry,180.0,-3,0,0,time
359,1,blueberry,123.5,-3,0,0,blueberry_full_control
359,2,blueberry,123.5,-3,0,0,blueberry_full_control
360,1,raspberry,180.0,0,0,0,time
360,2,raspberry,180.0,2,0,0,time
361,1,blueberry,180.0,-3,0,0,time
361,2,blueberry,180.0,-2,0,1,time
362,1,blueberry,163.5,-3,0,0,blueberry_full_control
362,2,blueberry,180.0,-3,0,0,time
363,1,raspberry,180.0,2,0,0,time
363,2,raspberry,180.0,3,0,0,time
364,1,blueberry,180.0,-3,0,0,time
364,2,blueberry,122.5,-3,0,0,blueberry_full_control
365,1,blueberry,135.5,-3,0,0,blueberry_full_control
365,2,blueberry,180.0,-3,0,0,time
366,1,raspberry,180.0,1,0,0,time
366,2,blueberry,180.0,-1,0,0,time
366,3,blueberry,180.0,-2,0,0,time
367,1,blueberry,180.0,-3,0,0,time
367,2,raspberry,180.0,0,0,0,time
367,3,raspberry,180.0,0,1,0,time
368,1,raspberry,165.0,3,0,0,raspberry_full_control
368,2,raspberry,180.0,1,0,0,time
369,1,blueberry,180.0,-2,0,0,time
369,2,blueberry,129.0,-3,0,0,blueberry_full_control
370,1,raspberry,180.0,3,0,0,time
370,2,blueberry,154.5,-3,0,0,blueberry_full_control
370,3,blueberry,149.0,-3,0,0,blueberry_full_control
371,1,raspberry,174.5,3,0,0,raspberry_full_control
371,2,raspberry,180.0,2,0,0,time
372,1,raspberry,180.0,3,0,1,time
372,2,blueberry,180.0,-2,0,1,time
372,3,raspberry,180.0,0,0,2,time
373,1,blueberry,180.0,-2,0,0,time
373,2,blueberry,180.0,-1,0,0,time
374,1,raspberry,180.0,3,0,0,time
374,2,raspberry,139.0,1,0,0,raspberry_full_control
375,1,raspberry,171.5,3,0,0,raspberry_full_control
375,2,raspberry,180.0,1,0,0,time
376,1,blueberry,180.0,0,0,0,time
376,2,raspberry,180.0,2,0,0,time
376,3,raspberry,180.0,3,0,0,time
377,1,raspberry,180.0,1,0,0,time
377,2,raspberry,180.0,3,0,0,time
378,1,raspberry,180.0,1,0,0,time
378,2,raspberry,180.0,3,0,0,time
379,1,raspberry,166.5,3,0,0,raspberry_full_control
379,2,raspberry,180.0,2,0,0,time
380,1,raspberry,180.0,2,0,0,time
380,2,raspberry,180.0,2,0,1,time
381,1,blueberry,180.0,-3,0,0,time
381,2,raspberry,180.0,2,0,0,time
381,3,raspberry,180.0,3,0,0,time
382,1,raspberry,180.0,3,0,0,time
382,2,raspberry,180.0,2,0,0,time
383,1,raspberry,180.0,2,0,0,time
383,2,blueberry,180.0,-2,0,0,time
383,3,raspberry,180.0,3,0,0,time
384,1,raspberry,180.0,3,0,0,time
384,2,raspberry,180.0,3,0,0,time
385,1,raspberry,180.0,1,0,0,time
385,2,raspberry,180.0,3,0,0,time
386,1,blueberry,169.0,-3,0,1,blueberry_full_control
386,2,raspberry,180.0,2,0,1,time
386,3,blueberry,137.0,-3,0,1,blueberry_full_control
387,1,raspberry,180.0,3,0,0,time
387,2,raspberry,180.0,2,1,0,time
388,1,raspberry,180.0,2,0,0,time
388,2,blueberry,104.5,-1,0,0,raspberry_full_control
388,3,blueberry,179.5,-3,0,0,blueberry_full_control
389,1,blueberry,180.0,-2,0,0,time
389,2,raspberry,180.0,2,0,0,time
389,3,raspberry,180.0,2,0,0,time
390,1,blueberry,180.0,-3,0,0,time
390,2,blueberry,137.0,-3,0,0,blueberry_full_control
391,1,raspberry,180.0,0,0,1,time
391,2,blueberry,180.0,-2,0,1,time
391,3,blueberry,144.0,-3,0,1,blueberry_full_control
392,1,blueberry,180.0,-2,0,0,time
392,2,blueberry,163.5,-3,0,0,blueberry_full_control
393,1,blueberry,146.0,-3,0,0,blueberry_full_control
393,2,blueberry,180.0,-3,0,0,time
394,1,blueberry,180.0,-2,0,0,time
394,2,raspberry,180.0,1,0,0,time
394,3,blueberry,180.0,-1,0,1,time
395,1,blueberry,180.0,-1,0,1,time
395,2,raspberry,180.0,1,0,1,time
395,3,blueberry,167.5,-3,0,1,blueberry_full_control
396,1,blueberry,172.5,-3,0,0,blueberry_full_control
396,2,raspberry,180.0,3,0,0,time
396,3,raspberry,171.5,3,0,0,raspberry_full_control
397,1,raspberry,180.0,3,1,0,time
397,2,raspberry,180.0,2,1,0,time
398,1,blueberry,180.0,-3,0,0,time
398,2,raspberry,180.0,1,0,0,time
398,3,raspberry,180.0,1,0,0,time
399,1,raspberry,180.0,2,1,0,time
399,2,raspberry,180.0,2,1,0,time
400,1,raspberry,180.0,2,0,0,time
400,2,raspberry,180.0,3,0,0,time
401,1,raspberry,180.0,3,0,0,time
401,2,raspberry,180.0,3,0,0,time
402,1,raspberry,180.0,0,0,1,time
402,2,blueberry,180.0,-2,0,2,time
402,3,blueberry,124.5,-3,0,2,blueberry_full_control
403,1,blueberry,180.0,-1,0,0,time
403,2,blueberry,142.0,-3,0,0,blueberry_full_control
404,1,raspberry,180.0,3,0,0,time
404,2,raspberry,180.0,2,0,0,time
405,1,raspberry,180.0,3,1,0,time
405,2,raspberry,180.0,2,1,0,time
406,1,blueberry,154.5,-3,0,0,blueberry_full_control
406,2,blueberry,154.0,-3,0,0,blueberry_full_control
407,1,raspberry,180.0,2,0,0,time
407,2,raspberry,180.0,0,0,0,time
408,1,blueberry,166.5,-3,0,0,blueberry_full_control
408,2,raspberry,180.0,1,0,0,time
408,3,blueberry,163.5,-3,0,0,blueberry_full_control
409,1,blueberry,154.5,-3,0,0,blueberry_full_control
409,2,blueberry,180.0,-3,0,0,time
410,1,blueberry,180.0,0,0,0,time
410,2,raspberry,180.0,2,0,0,time
410,3,blueberry,180.0,-1,0,1,time
411,1,blueberry,180.0,-2,0,0,time
411,2,raspberry,180.0,2,0,0,time
411,3,raspberry,180.0,3,0,0,time
412,1,blueberry,123.0,-3,0,0,blueberry_full_control
412,2,blueberry,134.5,-3,0,0,blueberry_full_control
413,1,blueberry,180.0,-2,0,0,time
413,2,raspberry,180.0,0,0,0,time
413,3,blueberry,180.0,-3,0,0,time
414,1,raspberry,180.0,2,0,0,time
414,2,raspberry,180.0,0,0,0,time
415,1,raspberry,180.0,3,0,0,time
415,2,raspberry,180.0,2,0,0,time
416,1,blueberry,180.0,-2,0,0,time
416,2,raspberry,180.0,0,0,0,time
416,3,raspberry,180.0,1,0,0,time
417,1,blueberry,180.0,-3,0,1,time
417,2,blueberry,163.5,-3,0,1,blueberry_full_control
418,1,blueberry,124.5,-3,0,0,blueberry_full_control
418,2,blueberry,180.0,-2,0,0,time
419,1,blueberry,180.0,-3,0,0,time
419,2,blueberry,144.0,-3,0,0,blueberry_full_control
420,1,blueberry,165.5,-3,0,1,blueberry_full_control
420,2,raspberry,180.0,0,0,1,time
420,3,blueberry,124.5,-3,0,1,blueberry_full_control
421,1,raspberry,180.0,2,1,0,time
421,2,raspberry,180.0,3,1,0,time
422,1,blueberry,180.0,-1,0,0,time
422,2,blueberry,180.0,-1,0,0,time
423,1,blueberry,145.5,-3,0,0,blueberry_full_control
423,2,blueberry,140.0,-3,0,0,blueberry_full_control
424,1,blueberry,180.0,-2,0,0,time
424,2,raspberry,180.0,2,0,0,time
424,3,blueberry,129.5,-3,0,0,blueberry_full_control
425,1,blueberry,144.0,-3,0,0,blueberry_full_control
425,2,blueberry,180.0,-1,0,1,time
426,1,raspberry,180.0,1,0,0,time
426,2,blueberry,145.0,-3,0,0,blueberry_full_control
426,3,blueberry,145.0,-3,0,0,blueberry_full_control
427,1,blueberry,180.0,-2,0,0,time
427,2,blueberry,180.0,-2,0,0,time
428,1,blueberry,180.0,-3,0,0,time
428,2,blueberry,180.0,-3,0,0,time
429,1,blueberry,180.0,-2,0,0,time
429,2,blueberry,180.0,-3,0,0,time
430,1,raspberry,180.0,3,0,0,time
430,2,raspberry,180.0,2,0,0,time
431,1,blueberry,180.0,-3,0,0,time
431,2,raspberry,180.0,2,0,0,time
431,3,raspberry,180.0,2,0,0,time
432,1,raspberry,180.0,3,0,0,time
432,2,raspberry,180.0,3,0,0,time
433,1,blueberry,180.0,-2,0,0,time
433,2,blueberry,180.0,-2,0,0,time
434,1,blueberry,180.0,-3,0,0,time
434,2,raspberry,180.0,2,0,0,time
434,3,raspberry,180.0,3,0,0,time
435,1,raspberry,180.0,3,0,0,time
435,2,blueberry,144.5,-3,0,0,blueberry_full_control
435,3,raspberry,172.5,3,0,0,raspberry_full_control
436,1,blueberry,180.0,-1,0,0,time
436,2,blueberry,177.0,-3,0,0,blueberry_full_control
437,1,blueberry,180.0,0,0,0,time
437,2,blueberry,180.0,0,0,1,time
438,1,raspberry,95.5,1,0,0,raspberry_full_control
438,2,blueberry,180.0,-2,0,0,time
438,3,raspberry,180.0,3,0,0,time
439,1,blueberry,180.0,-3,0,0,time
439,2,raspberry,180.0,1,0,0,time
439,3,raspberry,180.0,2,0,0,time
440,1,raspberry,180.0,2,0,0,time
440,2,blueberry,180.0,-2,0,0,time
440,3,blueberry,180.0,-3,0,0,time
441,1,blueberry,180.0,-1,0,0,time
441,2,blueberry,180.0,-2,0,0,time
442,1,blueberry,144.5,-3,0,0,blueberry_full_control
442,2,blueberry,180.0,-2,0,0,time
443,1,blueberry,180.0,-3,0,0,time
443,2,raspberry,180.0,3,0,0,time
443,3,blueberry,180.0,-2,0,0,time
444,1,raspberry,164.0,3,0,0,raspberry_full_control
444,2,blueberry,157.0,-3,0,0,blueberry_full_control
444,3,raspberry,180.0,2,0,0,time
445,1,blueberry,180.0,-2,0,0,time
445,2,blueberry,180.0,-2,0,0,time
446,1,blueberry,180.0,0,0,0,time
446,2,raspberry,180.0,3,0,0,time
446,3,blueberry,180.0,-1,0,0,time
447,1,blueberry,118.0,-3,0,0,blueberry_full_control
447,2,blueberry,180.0,-3,0,0,time
448,1,blueberry,180.0,-2,0,0,time
448,2,raspberry,180.0,1,0,1,time
448,3,raspberry,180.0,2,0,1,time
449,1,raspberry,180.0,3,0,0,time
449,2,raspberry,180.0,2,0,0,time
450,1,raspberry,180.0,2,0,0,time
450,2,raspberry,180.0,1,0,0,time
451,1,raspberry,180.0,2,0,0,time
451,2,raspberry,180.0,0,1,0,time
452,1,raspberry,165.5,3,0,0,raspberry_full_control
452,2,raspberry,180.0,2,0,0,time
453,1,raspberry,180.0,3,0,0,time
453,2,blueberry,180.0,-3,0,0,time
453,3,raspberry,180.0,2,0,0,time
454,1,blueberry,180.0,-1,0,0,time
454,2,blueberry,180.0,-2,0,0,time
455,1,raspberry,180.0,2,1,0,time
455,2,raspberry,173.5,3,1,0,raspberry_full_control
456,1,raspberry,180.0,2,0,0,time
456,2,blueberry,167.5,-3,0,0,blueberry_full_control
456,3,raspberry,180.0,2,0,0,time
457,1,blueberry,180.0,-1,0,0,time
457,2,raspberry,180.0,1,0,0,time
457,3,raspberry,180.0,3,0,0,time
458,1,raspberry,180.0,2,0,0,time
458,2,blueberry,180.0,-1,0,0,time
458,3,raspberry,180.0,2,0,0,time
459,1,blueberry,180.0,-3,0,0,time
459,2,raspberry,155.0,3,0,0,raspberry_full_control
459,3,raspberry,180.0,2,0,0,time
460,1,raspberry,180.0,3,0,0,time
460,2,blueberry,180.0,-2,0,0,time
460,3,raspberry,180.0,1,0,0,time
461,1,raspberry,180.0,3,0,0,time
461,2,raspberry,180.0,3,0,0,time
462,1,blueberry,133.5,-3,0,0,blueberry_full_control
462,2,blueberry,123.0,-3,0,0,blueberry_full_control
463,1,blueberry,180.0,-3,0,0,time
463,2,raspberry,180.0,3,0,0,time
463,3,raspberry,180.0,0,0,0,time
464,1,raspberry,180.0,0,0,0,time
464,2,blueberry,180.0,-2,0,0,time
464,3,blueberry,150.5,-3,0,0,blueberry_full_control
465,1,blueberry,180.0,-2,0,0,time
465,2,raspberry,180.0,3,0,0,time
465,3,blueberry,180.0,-1,0,0,time
466,1,raspberry,180.0,1,0,0,time
466,2,blueberry,180.0,0,0,0,time
466,3,blueberry,160.5,-3,0,0,blueberry_full_control
467,1,blueberry,135.0,-3,0,0,blueberry_full_control
467,2,blueberry,112.5,-3,0,0,blueberry_full_control
468,1,raspberry,180.0,3,0,0,time
468,2,raspberry,180.0,3,1,0,time
469,1,blueberry,180.0,-2,0,0,time
469,2,blueberry,180.0,-3,0,0,time
470,1,blueberry,180.0,-3,0,0,time
470,2,raspberry,180.0,0,0,0,time
470,3,raspberry,180.0,2,0,0,time
471,1,blueberry,150.5,-3,0,0,blueberry_full_control
471,2,blueberry,180.0,-3,0,0,time
472,1,blueberry,180.0,-1,0,0,time
472,2,blueberry,180.0,-2,0,0,time
473,1,blueberry,133.5,-3,0,0,blueberry_full_control
473,2,blueberry,123.0,-3,0,0,blueberry_full_control
474,1,blueberry,180.0,-1,0,0,time
474,2,blueberry,180.0,-3,0,0,time
475,1,blueberry,180.0,-3,0,0,time
475,2,raspberry,180.0,3,0,0,time
475,3,blueberry,180.0,-2,0,0,time
476,1,blueberry,165.0,-3,0,0,blueberry_full_control
476,2,raspberry,180.0,2,0,0,time
476,3,raspberry,180.0,3,0,0,time
477,1,blueberry,165.0,-3,0,0,blueberry_full_control
477,2,blueberry,180.0,-1,0,0,time
478,1,blueberry,180.0,-2,0,0,time
478,2,blueberry,180.0,-2,0,0,time
479,1,blueberry,123.0,-3,0,0,blueberry_full_control
479,2,blueberry,180.0,-3,0,0,time
480,1,raspberry,161.0,3,0,0,raspberry_full_control
480,2,raspberry,169.0,3,0,0,raspberry_full_control
481,1,blueberry,180.0,-3,0,0,time
481,2,blueberry,154.5,-3,0,0,blueberry_full_control
482,1,blueberry,180.0,-1,0,0,time
482,2,raspberry,180.0,2,0,0,time
482,3,blueberry,134.5,-3,0,0,blueberry_full_control
483,1,raspberry,180.0,3,0,1,time
483,2,blueberry,172.5,-3,0,1,blueberry_full_control
483,3,raspberry,180.0,2,0,1,time
484,1,blueberry,180.0,-1,0,0,time
484,2,blueberry,180.0,-3,0,0,time
485,1,blueberry,136.5,-3,0,0,blueberry_full_control
485,2,blueberry,180.0,-2,0,0,time
486,1,raspberry,180.0,0,0,0,time
486,2,raspberry,180.0,2,0,0,time
487,1,blueberry,180.0,-2,0,0,time
487,2,blueberry,180.0,-2,0,0,time
488,1,blueberry,180.0,-2,0,0,time
488,2,blueberry,180.0,-1,0,0,time
489,1,raspberry,180.0,1,0,0,time
489,2,raspberry,180.0,2,0,0,time
490,1,raspberry,180.0,2,0,0,time
490,2,blueberry,162.0,-3,0,0,blueberry_full_control
490,3,blueberry,180.0,-2,0,0,time
491,1,raspberry,180.0,3,0,0,time
491,2,blueberry,180.0,-1,0,0,time
491,3,raspberry,180.0,3,0,0,time
492,1,raspberry,180.0,1,0,0,time
492,2,raspberry,180.0,2,0,0,time
493,1,blueberry,180.0,-1,0,1,time
493,2,blueberry,144.0,-3,0,1,blueberry_full_control
494,1,raspberry,180.0,2,0,0,time
494,2,blueberry,167.5,-3,0,0,blueberry_full_control
494,3,raspberry,156.5,2,0,0,raspberry_full_control
495,1,raspberry,180.0,3,0,0,time
495,2,raspberry,180.0,3,0,0,time
496,1,raspberry,180.0,1,0,0,time
496,2,blueberry,180.0,-3,0,0,time
496,3,raspberry,180.0,2,0,0,time
497,1,raspberry,180.0,3,0,0,time
497,2,raspberry,180.0,0,0,0,time
498,1,raspberry,180.0,1,0,0,time
498,2,raspberry,180.0,1,0,0,time
499,1,blueberry,163.5,-3,0,0,blueberry_full_control
499,2,raspberry,180.0,0,0,0,time
499,3,blueberry,180.0,-3,0,0,time
500,1,raspberry,180.0,2,0,0,time
500,2,blueberry,144.0,-3,0,0,blueberry_full_control
500,3,blueberry,180.0,-3,0,0,time
501,1,raspberry,180.0,3,0,0,time
501,2,blueberry,180.0,-1,0,1,time
501,3,raspberry,180.0,2,0,1,time
502,1,raspberry,180.0,0,0,0,time
502,2,blueberry,180.0,-1,0,0,time
502,3,blueberry,180.0,0,0,0,time
503,1,blueberry,180.0,-3,0,0,time
503,2,raspberry,173.0,3,0,1,raspberry_full_control
503,3,raspberry,173.0,3,0,1,raspberry_full_control
504,1,blueberry,180.0,-3,0,0,time
504,2,blueberry,158.5,-3,0,0,blueberry_full_control
505,1,blueberry,180.0,0,0,0,time
505,2,blueberry,152.5,-3,0,2,blueberry_full_control
506,1,raspberry,160.0,3,0,0,raspberry_full_control
506,2,blueberry,180.0,-2,1,0,time
506,3,raspberry,176.0,3,1,0,raspberry_full_control
507,1,blueberry,157.5,-3,0,0,blueberry_full_control
507,2,blueberry,147.5,-3,0,0,blueberry_full_control
508,1,blueberry,120.5,-3,0,0,blueberry_full_control
508,2,blueberry,180.0,-3,0,0,time
509,1,raspberry,176.0,3,0,0,raspberry_full_control
509,2,blueberry,180.0,-1,0,0,time
509,3,blueberry,180.0,-2,0,0,time
510,1,blueberry,180.0,-3,0,0,time
510,2,raspberry,180.0,3,0,0,time
510,3,blueberry,154.0,-3,0,0,blueberry_full_control
511,1,blueberry,180.0,-2,0,0,time
511,2,blueberry,180.0,-3,0,0,time
512,1,raspberry,180.0,1,1,0,time
512,2,raspberry,180.0,3,1,0,time
513,1,blueberry,123.0,-3,0,0,blueberry_full_control
513,2,blueberry,136.0,-3,0,0,blueberry_full_control
514,1,raspberry,180.0,0,0,1,time
514,2,blueberry,180.0,-3,0,1,time
514,3,blueberry,180.0,-3,0,2,time
515,1,blueberry,180.0,-2,0,0,time
515,2,raspberry,180.0,3,0,0,time
515,3,blueberry,123.0,-3,0,0,blueberry_full_control
516,1,raspberry,180.0,3,1,0,time
516,2,raspberry,180.0,3,1,0,time
517,1,blueberry,162.5,-3,0,0,blueberry_full_control
517,2,raspberry,180.0,2,0,0,time
517,3,blueberry,180.0,-1,0,1,time
518,1,blueberry,180.0,-1,0,0,time
518,2,raspberry,180.0,3,0,0,time
518,3,raspberry,180.0,2,0,0,time
519,1,blueberry,180.0,-2,0,0,time
519,2,raspberry,180.0,0,0,1,time
519,3,blueberry,142.5,-3,0,1,blueberry_full_control
520,1,blueberry,133.5,-3,0,0,blueberry_full_control
520,2,raspberry,180.0,2,0,0,time
520,3,raspberry,180.0,1,1,0,time
521,1,raspberry,180.0,0,0,0,time
521,2,raspberry,180.0,1,0,0,time
522,1,blueberry,154.5,-3,0,0,blueberry_full_control
522,2,blueberry,158.5,-3,0,0,blueberry_full_control
523,1,blueberry,142.5,-3,0,0,blueberry_full_control
523,2,raspberry,180.0,1,0,0,time
523,3,raspberry,180.0,1,0,0,time
524,1,raspberry,180.0,0,0,0,time
524,2,blueberry,180.0,-3,0,2,time
524,3,blueberry,124.5,-3,0,2,blueberry_full_control
525,1,blueberry,180.0,-3,0,0,time
525,2,blueberry,180.0,-3,0,0,time
526,1,raspberry,174.5,3,0,0,raspberry_full_control
526,2,blueberry,152.0,-3,0,0,blueberry_full_control
526,3,raspberry,137.5,2,0,0,raspberry_full_control
527,1,blueberry,180.0,-2,0,0,time
527,2,raspberry,180.0,3,0,0,time
527,3,raspberry,180.0,0,0,0,time
528,1,blueberry,112.5,-3,0,0,blueberry_full_control
528,2,blueberry,180.0,-3,0,0,time
529,1,blueberry,180.0,0,0,0,time
529,2,raspberry,180.0,2,0,0,time
529,3,blueberry,172.5,-3,0,0,blueberry_full_control
530,1,raspberry,180.0,1,0,0,time
530,2,raspberry,180.0,0,0,0,time
531,1,blueberry,180.0,-3,0,0,time
531,2,raspberry,180.0,2,0,0,time
531,3,raspberry,180.0,2,0,0,time
532,1,raspberry,180.0,3,0,0,time
532,2,blueberry,161.5,-3,0,0,blueberry_full_control
532,3,raspberry,180.0,3,0,0,time
533,1,blueberry,163.0,-3,0,0,blueberry_full_control
533,2,raspberry,180.0,1,0,0,time
533,3,blueberry,180.0,-2,0,0,time
534,1,blueberry,180.0,-2,0,0,time
534,2,raspberry,180.0,0,0,0,time
534,3,blueberry,162.0,-3,0,0,blueberry_full_control
535,1,blueberry,180.0,-1,0,0,time
535,2,blueberry,160.0,-3,0,0,blueberry_full_control
536,1,blueberry,180.0,-3,0,0,time
536,2,blueberry,164.5,-3,0,0,blueberry_full_control
537,1,raspberry,180.0,1,0,0,time
537,2,raspberry,180.0,1,0,0,time
538,1,blueberry,127.5,-3,0,0,blueberry_full_control
538,2,blueberry,180.0,-3,0,1,time
539,1,blueberry,180.0,-1,0,0,time
539,2,blueberry,180.0,0,0,0,time
540,1,blueberry,138.5,-3,0,0,blueberry_full_control
540,2,blueberry,168.0,-3,0,0,blueberry_full_control
541,1,blueberry,153.5,-3,0,0,blueberry_full_control
541,2,blueberry,180.0,-1,0,0,time
542,1,raspberry,180.0,1,0,0,time
542,2,blueberry,180.0,-2,0,0,time
542,3,blueberry,180.0,-1,0,0,time
543,1,raspberry,180.0,0,0,0,time
543,2,raspberry,180.0,2,0,0,time
544,1,blueberry,167.0,-3,0,0,blueberry_full_control
544,2,blueberry,180.0,-3,0,0,time
545,1,blueberry,145.5,-3,0,1,blueberry_full_control
545,2,blueberry,132.5,-3,0,1,blueberry_full_control
546,1,raspberry,180.0,0,0,0,time
546,2,raspberry,180.0,2,0,0,time
547,1,blueberry,180.0,-3,0,1,time
547,2,blueberry,131.0,-3,0,2,blueberry_full_control
548,1,raspberry,171.5,3,0,0,raspberry_full_control
548,2,raspberry,180.0,2,0,0,time
549,1,blueberry,135.0,-3,0,0,blueberry_full_control
549,2,blueberry,144.0,-3,0,0,blueberry_full_control
550,1,raspberry,180.0,1,0,0,time
550,2,blueberry,114.0,-3,0,0,blueberry_full_control
550,3,blueberry,180.0,-3,0,0,time
551,1,raspberry,180.0,2,0,0,time
551,2,blueberry,180.0,-2,0,0,time
551,3,blueberry,180.0,-3,0,0,time
552,1,blueberry,129.0,-3,0,0,blueberry_full_control
552,2,blueberry,121.5,-3,0,0,blueberry_full_control
553,1,blueberry,135.0,-3,0,0,blueberry_full_control
553,2,blueberry,180.0,-1,1,0,time
554,1,raspberry,180.0,3,0,0,time
554,2,raspberry,180.0,3,0,0,time
555,1,blueberry,142.5,-3,0,0,blueberry_full_control
555,2,blueberry,123.0,-3,0,0,blueberry_full_control
556,1,blueberry,132.5,-3,0,0,blueberry_full_control
556,2,blueberry,172.5,-3,0,0,blueberry_full_control
557,1,blueberry,180.0,-2,0,0,time
557,2,blueberry,180.0,-3,0,0,time
558,1,raspberry,180.0,1,0,0,time
558,2,blueberry,180.0,-2,0,0,time
558,3,blueberry,180.0,-1,0,0,time
559,1,raspberry,180.0,2,0,0,time
559,2,blueberry,180.0,-1,0,0,time
559,3,blueberry,180.0,-3,0,0,time
560,1,blueberry,124.5,-3,0,0,blueberry_full_control
560,2,blueberry,124.5,-3,0,0,blueberry_full_control
561,1,raspberry,180.0,1,0,0,time
561,2,raspberry,180.0,3,0,0,time
562,1,raspberry,163.0,3,0,0,raspberry_full_control
562,2,raspberry,180.0,1,0,0,time
563,1,blueberry,146.5,-3,0,0,blueberry_full_control
563,2,blueberry,142.5,-3,0,0,blueberry_full_control
564,1,blueberry,180.0,-1,0,0,time
564,2,blueberry,163.5,-3,0,0,blueberry_full_control
565,1,blueberry,180.0,-1,0,0,time
565,2,raspberry,180.0,2,0,0,time
565,3,blueberry,146.5,-3,0,0,blueberry_full_control
566,1,blueberry,180.0,-3,0,0,time
566,2,raspberry,180.0,3,0,0,time
566,3,raspberry,180.0,3,0,0,time
567,1,raspberry,180.0,3,0,0,time
567,2,blueberry,180.0,-3,0,0,time
567,3,blueberry,180.0,-3,0,0,time
568,1,blueberry,180.0,-3,0,0,time
568,2,raspberry,180.0,2,0,0,time
568,3,blueberry,166.0,-3,0,0,blueberry_full_control
569,1,blueberry,169.0,-3,0,0,blueberry_full_control
569,2,blueberry,124.5,-3,0,0,blueberry_full_control
570,1,blueberry,180.0,-3,0,0,time
570,2,raspberry,180.0,1,0,0,time
570,3,blueberry,177.0,-3,0,0,blueberry_full_control
571,1,blueberry,180.0,-2,0,0,time
571,2,blueberry,157.0,-3,0,0,blueberry_full_control
572,1,raspberry,180.0,1,0,0,time
572,2,blueberry,180.0,-3,0,0,time
572,3,blueberry,180.0,-3,0,0,time
573,1,blueberry,180.0,-1,0,0,time
573,2,blueberry,180.0,-1,0,0,time
574,1,raspberry,180.0,1,0,0,time
574,2,blueberry,180.0,-1,0,0,time
574,3,blueberry,180.0,-2,0,0,time
575,1,blueberry,155.0,-3,0,0,blueberry_full_control
575,2,blueberry,153.5,-3,0,0,blueberry_full_control
576,1,blueberry,180.0,-3,0,0,time
576,2,blueberry,180.0,-2,0,0,time
577,1,raspberry,180.0,0,0,0,time
577,2,blueberry,153.0,-3,0,0,blueberry_full_control
577,3,raspberry,180.0,1,0,0,time
578,1,raspberry,180.0,3,0,0,time
578,2,blueberry,174.0,-3,0,0,blueberry_full_control
578,3,blueberry,180.0,-3,0,1,time
579,1,blueberry,144.0,-3,0,0,blueberry_full_control
579,2,blueberry,180.0,-3,0,0,time
580,1,raspberry,180.0,0,0,0,time
580,2,blueberry,180.0,-2,1,0,time
580,3,raspberry,180.0,1,1,0,time
581,1,blueberry,180.0,-2,0,0,time
581,2,blueberry,180.0,-2,0,0,time
582,1,raspberry,180.0,2,0,0,time
582,2,raspberry,180.0,2,0,1,time
583,1,raspberry,180.0,3,0,0,time
583,2,raspberry,180.0,1,0,0,time
584,1,blueberry,115.5,-1,0,0,raspberry_full_control
584,2,raspberry,180.0,2,0,0,time
584,3,blueberry,180.0,-2,0,0,time
585,1,raspberry,180.0,1,0,0,time
585,2,raspberry,180.0,2,0,0,time
586,1,blueberry,174.0,-3,0,1,blueberry_full_control
586,2,blueberry,134.0,-3,0,1,blueberry_full_control
587,1,raspberry,180.0,1,0,1,time
587,2,blueberry,180.0,-1,0,1,time
587,3,blueberry,149.5,-3,0,1,blueberry_full_control
588,1,blueberry,180.0,-2,0,0,time
588,2,blueberry,147.0,-3,0,0,blueberry_full_control
589,1,raspberry,180.0,3,0,0,time
589,2,blueberry,180.0,-1,0,0,time
589,3,blueberry,180.0,-2,0,0,time
590,1,blueberry,180.0,-1,0,0,time
590,2,raspberry,180.0,1,0,0,time
590,3,blueberry,180.0,0,0,0,time
591,1,blueberry,180.0,-3,0,0,time
591,2,raspberry,180.0,2,0,0,time
591,3,raspberry,180.0,1,0,0,time
592,1,blueberry,180.0,-1,0,0,time
592,2,blueberry,142.5,-3,0,0,blueberry_full_control
593,1,raspberry,180.0,2,1,0,time
593,2,raspberry,176.0,3,1,0,raspberry_full_control
594,1,blueberry,180.0,-3,0,0,time
594,2,raspberry,180.0,2,0,0,time
594,3,blueberry,180.0,-1,0,2,time
595,1,blueberry,104.0,-2,0,0,raspberry_full_control
595,2,raspberry,180.0,3,0,0,time
595,3,raspberry,180.0,1,0,1,time
596,1,blueberry,96.0,-1,0,0,raspberry_full_control
596,2,blueberry,180.0,-2,0,0,time
597,1,raspberry,180.0,2,0,1,time
597,2,blueberry,180.0,0,0,1,time
597,3,raspberry,180.0,2,0,1,time
598,1,raspberry,180.0,3,0,0,time
598,2,raspberry,159.5,3,1,0,raspberry_full_control
599,1,blueberry,141.0,-3,0,0,blueberry_full_control
599,2,raspberry,180.0,1,0,0,time
599,3,blueberry,152.0,-3,0,0,blueberry_full_control
600,1,blueberry,167.5,-3,0,0,blueberry_full_control
600,2,raspberry,180.0,2,0,0,time
600,3,raspberry,180.0,2,0,0,time
601,1,raspberry,175.0,3,0,0,raspberry_full_control
601,2,blueberry,180.0,-2,0,0,time
601,3,blueberry,180.0,-3,0,0,time
602,1,raspberry,180.0,3,0,1,time
602,2,blueberry,174.0,-3,1,2,blueberry_full_control
602,3,raspberry,180.0,1,1,2,time
603,1,blueberry,157.5,-3,0,0,blueberry_full_control
603,2,blueberry,180.0,-2,0,0,time
604,1,blueberry,180.0,-1,0,0,time
604,2,blueberry,144.0,-3,0,0,blueberry_full_control
605,1,blueberry,134.0,-3,0,0,blueberry_full_control
605,2,blueberry,132.5,-3,0,0,blueberry_full_control
606,1,raspberry,180.0,2,0,0,time
606,2,blueberry,180.0,0,0,0,time
606,3,blueberry,180.0,-2,0,0,time
607,1,raspberry,180.0,3,0,0,time
607,2,blueberry,167.0,-3,0,0,blueberry_full_control
607,3,raspberry,180.0,2,0,0,time
608,1,raspberry,180.0,3,0,0,time
608,2,raspberry,180.0,3,0,0,time
609,1,blueberry,180.0,-3,0,0,time
609,2,blueberry,180.0,-2,1,0,time
610,1,blueberry,180.0,0,0,0,time
610,2,raspberry,180.0,3,0,0,time
610,3,blueberry,180.0,-2,0,0,time
611,1,blueberry,180.0,-1,0,0,time
611,2,blueberry,150.0,-3,0,0,blueberry_full_control
612,1,raspberry,180.0,1,0,0,time
612,2,raspberry,180.0,3,0,0,time
613,1,blueberry,150.5,-3,0,0,blueberry_full_control
613,2,blueberry,144.0,-3,0,0,blueberry_full_control
614,1,blueberry,150.0,-3,0,0,blueberry_full_control
614,2,blueberry,107.0,-1,0,0,raspberry_full_control
615,1,raspberry,180.0,1,0,1,time
615,2,blueberry,168.5,-3,0,1,blueberry_full_control
615,3,blueberry,180.0,-1,0,3,time
616,1,blueberry,163.5,-3,0,0,blueberry_full_control
616,2,raspberry,180.0,3,0,0,time
616,3,blueberry,180.0,-1,0,0,time
617,1,raspberry,180.0,2,0,0,time
617,2,raspberry,180.0,3,0,0,time
618,1,blueberry,180.0,-2,0,1,time
618,2,blueberry,126.0,-3,0,2,blueberry_full_control
619,1,blueberry,180.0,-2,0,0,time
619,2,raspberry,180.0,3,0,0,time
619,3,blueberry,180.0,-2,0,0,time
620,1,raspberry,180.0,2,0,0,time
620,2,raspberry,180.0,1,0,0,time
621,1,blueberry,142.5,-3,0,0,blueberry_full_control
621,2,blueberry,140.0,-3,0,0,blueberry_full_control
622,1,raspberry,180.0,2,0,0,time
622,2,raspberry,180.0,0,0,0,time
623,1,blueberry,159.0,-3,0,0,blueberry_full_control
623,2,blueberry,154.5,-3,0,0,blueberry_full_control
624,1,blueberry,180.0,-3,0,1,time
624,2,raspberry,180.0,1,0,1,time
624,3,blueberry,142.5,-3,0,1,blueberry_full_control
625,1,blueberry,133.5,-3,0,0,blueberry_full_control
625,2,blueberry,149.0,-3,0,0,blueberry_full_control
626,1,raspberry,180.0,0,0,1,time
626,2,raspberry,180.0,0,0,1,time
627,1,raspberry,135.5,3,0,1,raspberry_full_control
627,2,blueberry,165.0,-3,0,1,blueberry_full_control
627,3,blueberry,170.0,-3,0,1,blueberry_full_control
628,1,raspberry,180.0,3,0,0,time
628,2,blueberry,180.0,-2,0,0,time
628,3,blueberry,180.0,-1,0,0,time
629,1,blueberry,180.0,-2,0,0,time
629,2,raspberry,162.5,3,1,0,raspberry_full_control
629,3,raspberry,180.0,3,1,0,time
630,1,blueberry,180.0,-1,0,0,time
630,2,blueberry,142.5,-3,0,0,blueberry_full_control
631,1,raspberry,180.0,2,0,1,time
631,2,blueberry,152.5,-3,0,2,blueberry_full_control
631,3,blueberry,180.0,-1,0,3,time
632,1,blueberry,180.0,-3,0,0,time
632,2,blueberry,180.0,-2,1,0,time
633,1,raspberry,180.0,3,0,0,time
633,2,raspberry,180.0,2,0,0,time
634,1,raspberry,165.5,3,0,0,raspberry_full_control
634,2,blueberry,133.5,-3,0,0,blueberry_full_control
634,3,blueberry,150.0,-3,0,0,blueberry_full_control
635,1,raspberry,180.0,2,0,0,time
635,2,blueberry,133.5,-3,0,0,blueberry_full_control
635,3,blueberry,112.5,-3,0,0,blueberry_full_control
636,1,blueberry,162.5,-3,0,0,blueberry_full_control
636,2,raspberry,180.0,2,0,0,time
636,3,raspberry,180.0,1,0,0,time
637,1,blueberry,180.0,-1,0,0,time
637,2,raspberry,180.0,2,0,0,time
637,3,raspberry,164.0,3,0,0,raspberry_full_control
638,1,blueberry,180.0,-3,0,0,time
638,2,blueberry,180.0,-2,0,0,time
639,1,blueberry,180.0,-2,0,0,time
639,2,blueberry,180.0,-1,0,0,time
640,1,raspberry,180.0,2,0,0,time
640,2,blueberry,146.5,-3,0,0,blueberry_full_control
640,3,blueberry,142.5,-3,0,0,blueberry_full_control
641,1,blueberry,180.0,-2,0,0,time
641,2,raspberry,158.5,3,0,0,raspberry_full_control
641,3,raspberry,180.0,1,0,0,time
642,1,raspberry,180.0,1,0,0,time
642,2,raspberry,180.0,1,0,0,time
643,1,blueberry,180.0,-1,0,0,time
643,2,raspberry,176.0,3,0,0,raspberry_full_control
643,3,raspberry,180.0,3,0,0,time
644,1,raspberry,180.0,0,0,2,time
644,2,blueberry,137.5,-3,0,2,blueberry_full_control
644,3,blueberry,137.5,-3,0,2,blueberry_full_control
645,1,raspberry,180.0,2,0,0,time
645,2,raspberry,180.0,3,0,0,time
646,1,raspberry,180.0,2,0,0,time
646,2,blueberry,180.0,-3,0,0,time
646,3,blueberry,180.0,-3,0,0,time
647,1,blueberry,105.5,-1,0,0,raspberry_full_control
647,2,blueberry,152.5,-3,0,0,blueberry_full_control
648,1,raspberry,180.0,3,0,0,time
648,2,blueberry,180.0,-2,0,0,time
648,3,raspberry,180.0,2,0,0,time
649,1,blueberry,133.5,-3,0,0,blueberry_full_control
649,2,blueberry,129.5,-3,0,0,blueberry_full_control
650,1,blueberry,178.0,-3,0,1,blueberry_full_control
650,2,raspberry,180.0,2,0,1,time
650,3,blueberry,170.0,-3,0,1,blueberry_full_control
651,1,blueberry,180.0,-3,0,0,time
651,2,raspberry,180.0,3,1,0,time
651,3,raspberry,165.5,3,1,0,raspberry_full_control
652,1,raspberry,180.0,0,0,0,time
652,2,blueberry,142.5,-3,0,0,blueberry_full_control
652,3,blueberry,180.0,-2,0,0,time
653,1,blueberry,180.0,-1,0,0,time
653,2,blueberry,153.0,-3,0,0,blueberry_full_control
654,1,blueberry,163.0,-3,0,0,blueberry_full_control
654,2,blueberry,164.0,-3,0,0,blueberry_full_control
655,1,raspberry,180.0,1,0,0,time
655,2,raspberry,156.5,3,0,0,raspberry_full_control
656,1,blueberry,180.0,-3,0,0,time
656,2,blueberry,180.0,-3,0,0,time
657,1,blueberry,148.5,-3,0,0,blueberry_full_control
657,2,blueberry,180.0,-1,0,0,time
658,1,raspberry,122.0,3,0,1,raspberry_full_control
658,2,raspberry,180.0,1,0,1,time
659,1,raspberry,163.0,3,0,0,raspberry_full_control
659,2,raspberry,180.0,1,0,0,time
660,1,blueberry,156.0,-3,0,0,blueberry_full_control
660,2,blueberry,180.0,-3,0,0,time
661,1,blueberry,142.5,-3,0,0,blueberry_full_control
661,2,blueberry,147.5,-3,0,0,blueberry_full_control
662,1,blueberry,180.0,-1,0,0,time
662,2,raspberry,180.0,2,0,0,time
662,3,blueberry,180.0,-2,0,0,time
663,1,blueberry,180.0,-1,0,0,time
663,2,raspberry,156.5,3,0,0,raspberry_full_control
663,3,blueberry,169.0,-3,0,0,blueberry_full_control
664,1,raspberry,177.5,3,0,0,raspberry_full_control
664,2,blueberry,133.5,-3,0,0,blueberry_full_control
664,3,blueberry,180.0,-3,0,0,time
665,1,raspberry,180.0,3,0,0,time
665,2,raspberry,180.0,1,0,0,time
666,1,raspberry,180.0,1,0,0,time
666,2,raspberry,170.0,3,0,0,raspberry_full_control
667,1,blueberry,180.0,-3,0,0,time
667,2,blueberry,180.0,-2,0,0,time
668,1,blueberry,157.0,-3,0,0,blueberry_full_control
668,2,blueberry,124.5,-3,0,0,blueberry_full_control
669,1,raspberry,176.0,3,0,0,raspberry_full_control
669,2,blueberry,178.0,-3,0,0,blueberry_full_control
669,3,blueberry,180.0,-2,0,0,time
670,1,blueberry,135.0,-3,0,0,blueberry_full_control
670,2,raspberry,180.0,2,0,0,time
670,3,blueberry,156.0,-3,0,0,blueberry_full_control
671,1,blueberry,179.5,-3,0,0,blueberry_full_control
671,2,raspberry,177.0,3,1,0,raspberry_full_control
671,3,raspberry,175.5,3,1,0,raspberry_full_control
672,1,blueberry,180.0,-3,0,0,time
672,2,blueberry,172.5,-3,0,0,blueberry_full_control
673,1,blueberry,126.5,-3,0,0,blueberry_full_control
673,2,blueberry,180.0,-2,0,0,time
674,1,blueberry,180.0,-3,0,0,time
674,2,blueberry,114.0,-3,0,0,blueberry_full_control
675,1,blueberry,114.0,-3,0,0,blueberry_full_control
675,2,blueberry,180.0,-3,0,0,time
676,1,blueberry,180.0,-1,0,0,time
676,2,blueberry,180.0,-3,0,0,time
677,1,raspberry,180.0,2,0,0,time
677,2,blueberry,150.0,-3,0,0,blueberry_full_control
677,3,blueberry,180.0,0,0,0,time
678,1,blueberry,176.5,-3,0,0,blueberry_full_control
678,2,blueberry,124.5,-3,0,0,blueberry_full_control
679,1,blueberry,180.0,-2,0,0,time
679,2,raspberry,180.0,2,0,0,time
679,3,blueberry,180.0,-2,0,0,time
680,1,blueberry,136.5,-3,0,0,blueberry_full_control
680,2,raspberry,180.0,3,0,0,time
680,3,blueberry,137.0,-3,0,0,blueberry_full_control
681,1,raspberry,180.0,3,0,0,time
681,2,blueberry,180.0,-1,0,0,time
681,3,blueberry,144.0,-3,0,0,blueberry_full_control
682,1,blueberry,144.5,-3,0,0,blueberry_full_control
682,2,blueberry,120.5,-3,0,0,blueberry_full_control
683,1,blueberry,180.0,-3,0,0,time
683,2,blueberry,172.5,-3,0,0,blueberry_full_control
684,1,blueberry,134.0,-3,0,1,blueberry_full_control
684,2,blueberry,180.0,-3,0,1,time
685,1,blueberry,165.0,-3,0,0,blueberry_full_control
685,2,raspberry,180.0,0,0,0,time
685,3,raspberry,180.0,3,0,0,time
686,1,blueberry,153.5,-3,0,0,blueberry_full_control
686,2,blueberry,137.5,-3,0,0,blueberry_full_control
687,1,blueberry,180.0,-1,0,0,time
687,2,blueberry,138.0,-3,0,0,blueberry_full_control
688,1,blueberry,172.5,-3,0,0,blueberry_full_control
688,2,blueberry,133.5,-3,0,0,blueberry_full_control
689,1,raspberry,180.0,2,0,0,time
689,2,blueberry,126.5,-3,0,0,blueberry_full_control
689,3,blueberry,136.5,-3,0,0,blueberry_full_control
690,1,blueberry,180.0,-2,0,0,time
690,2,blueberry,180.0,-3,0,0,time
691,1,blueberry,180.0,-2,0,0,time
691,2,blueberry,180.0,-3,0,0,time
692,1,blueberry,141.0,-3,0,0,blueberry_full_control
692,2,blueberry,124.5,-3,0,0,blueberry_full_control
693,1,raspberry,180.0,0,0,0,time
693,2,blueberry,180.0,-1,0,0,time
693,3,blueberry,145.5,-3,0,0,blueberry_full_control
694,1,blueberry,180.0,-1,0,0,time
694,2,blueberry,180.0,-1,0,0,time
695,1,blueberry,152.5,-3,0,0,blueberry_full_control
695,2,blueberry,144.0,-3,0,1,blueberry_full_control
696,1,blueberry,180.0,-2,0,0,time
696,2,blueberry,136.5,-3,0,0,blueberry_full_control
697,1,blueberry,143.0,-3,0,0,blueberry_full_control
697,2,raspberry,180.0,3,0,0,time
697,3,blueberry,144.0,-3,0,0,blueberry_full_control
698,1,blueberry,136.5,-3,0,0,blueberry_full_control
698,2,blueberry,174.0,-3,0,0,blueberry_full_control
699,1,raspberry,180.0,1,0,0,time
699,2,blueberry,142.5,-3,0,0,blueberry_full_control
699,3,blueberry,142.5,-3,0,0,blueberry_full_control
700,1,raspberry,180.0,2,0,0,time
700,2,raspberry,180.0,2,0,0,time
701,1,blueberry,151.5,-3,0,0,blueberry_full_control
701,2,blueberry,142.5,-3,0,0,blueberry_full_control
702,1,blueberry,180.0,-3,0,0,time
702,2,raspberry,180.0,2,0,0,time
702,3,blueberry,154.5,-3,0,0,blueberry_full_control
703,1,raspberry,180.0,2,1,0,time
703,2,raspberry,167.0,3,1,0,raspberry_full_control
704,1,blueberry,136.0,-3,0,1,blueberry_full_control
704,2,blueberry,114.0,-3,0,1,blueberry_full_control
705,1,raspberry,180.0,2,0,0,time
705,2,blueberry,133.0,-3,0,0,blueberry_full_control
705,3,blueberry,180.0,-3,0,0,time
706,1,raspberry,175.0,3,0,0,raspberry_full_control
706,2,raspberry,180.0,3,0,0,time
707,1,raspberry,180.0,3,0,0,time
707,2,raspberry,174.5,3,0,0,raspberry_full_control
708,1,raspberry,176.0,3,0,0,raspberry_full_control
708,2,blueberry,180.0,-3,0,0,time
708,3,raspberry,174.5,3,0,0,raspberry_full_control
709,1,raspberry,180.0,3,0,0,time
709,2,raspberry,180.0,2,0,0,time
710,1,raspberry,180.0,3,0,0,time
710,2,raspberry,180.0,3,0,0,time
711,1,blueberry,180.0,-3,0,0,time
711,2,raspberry,180.0,2,0,0,time
711,3,blueberry,163.5,-3,0,0,blueberry_full_control
712,1,raspberry,180.0,2,0,0,time
712,2,raspberry,180.0,2,0,0,time
713,1,raspberry,180.0,2,0,0,time
713,2,blueberry,164.5,-3,0,0,blueberry_full_control
713,3,raspberry,180.0,1,0,0,time
714,1,blueberry,180.0,-2,0,0,time
714,2,raspberry,180.0,0,0,0,time
714,3,blueberry,153.0,-3,0,0,blueberry_full_control
715,1,blueberry,153.0,-3,0,0,blueberry_full_control
715,2,blueberry,159.5,-3,0,0,blueberry_full_control
716,1,blueberry,180.0,-3,0,0,time
716,2,blueberry,180.0,-2,0,0,time
717,1,raspberry,167.0,3,0,1,raspberry_full_control
717,2,blueberry,128.5,-3,0,1,blueberry_full_control
717,3,raspberry,180.0,2,0,1,time
718,1,raspberry,180.0,2,1,1,time
718,2,raspberry,180.0,3,1,1,time
719,1,raspberry,158.0,3,0,0,raspberry_full_control
719,2,blueberry,180.0,-1,0,0,time
719,3,raspberry,66.5,1,0,0,raspberry_full_control
720,1,raspberry,170.0,3,0,0,raspberry_full_control
720,2,blueberry,180.0,-3,0,0,time
720,3,blueberry,180.0,-1,0,0,time
721,1,blueberry,180.0,-2,0,0,time
721,2,blueberry,180.0,-2,0,0,time
722,1,blueberry,142.5,-3,0,0,blueberry_full_control
722,2,blueberry,165.0,-3,0,0,blueberry_full_control
723,1,raspberry,180.0,2,0,0,time
723,2,blueberry,180.0,-3,0,0,time
723,3,raspberry,180.0,2,0,0,time
724,1,raspberry,180.0,0,0,0,time
724,2,raspberry,180.0,0,0,0,time
725,1,blueberry,175.0,-3,0,0,blueberry_full_control
725,2,blueberry,180.0,-1,0,0,time
726,1,raspberry,180.0,2,0,0,time
726,2,raspberry,180.0,3,0,0,time
727,1,blueberry,146.5,-3,0,0,blueberry_full_control
727,2,blueberry,178.0,-3,0,0,blueberry_full_control
728,1,blueberry,180.0,-2,0,0,time
728,2,raspberry,180.0,1,0,0,time
728,3,raspberry,180.0,3,0,0,time
729,1,blueberry,180.0,-1,0,0,time
729,2,blueberry,180.0,-1,0,0,time
730,1,blueberry,159.0,-3,0,0,blueberry_full_control
730,2,blueberry,180.0,-3,0,0,time
731,1,blueberry,180.0,-1,0,0,time
731,2,raspberry,180.0,1,0,0,time
731,3,blueberry,142.5,-3,0,0,blueberry_full_control
732,1,blueberry,180.0,-3,0,0,time
732,2,blueberry,142.5,-3,0,0,blueberry_full_control
733,1,blueberry,146.5,-3,0,0,blueberry_full_control
733,2,blueberry,180.0,-2,0,0,time
734,1,blueberry,159.5,-3,0,0,blueberry_full_control
734,2,blueberry,180.0,-3,0,0,time
735,1,blueberry,180.0,-2,0,0,time
735,2,blueberry,180.0,-1,0,0,time
736,1,blueberry,180.0,-2,0,0,time
736,2,blueberry,180.0,-2,0,0,time
737,1,raspberry,180.0,1,0,0,time
737,2,blueberry,174.0,-3,0,0,blueberry_full_control
737,3,blueberry,180.0,-2,0,0,time
738,1,raspberry,180.0,0,0,0,time
738,2,blueberry,180.0,-1,0,0,time
738,3,blueberry,180.0,-2,0,0,time
739,1,blueberry,151.5,-3,0,0,blueberry_full_control
739,2,blueberry,108.0,-3,0,0,blueberry_full_control
740,1,blueberry,172.5,-3,0,0,blueberry_full_control
740,2,blueberry,180.0,-3,0,0,time
741,1,blueberry,180.0,-3,0,0,time
741,2,blueberry,153.0,-3,0,0,blueberry_full_control
742,1,blueberry,133.5,-3,0,0,blueberry_full_control
742,2,blueberry,134.5,-3,0,0,blueberry_full_control
743,1,blueberry,133.5,-3,0,0,blueberry_full_control
743,2,blueberry,180.0,-2,0,0,time
744,1,raspberry,180.0,2,0,0,time
744,2,blueberry,180.0,-3,0,0,time
744,3,blueberry,180.0,-1,0,0,time
745,1,blueberry,180.0,-3,0,0,time
745,2,blueberry,180.0,0,0,0,time
746,1,blueberry,180.0,-3,0,0,time
746,2,blueberry,180.0,-3,0,0,time
747,1,raspberry,180.0,1,0,0,time
747,2,blueberry,180.0,-2,0,0,time
747,3,raspberry,180.0,3,0,0,time
748,1,raspberry,180.0,2,0,0,time
748,2,blueberry,180.0,-3,0,0,time
748,3,blueberry,146.0,-3,0,0,blueberry_full_control
749,1,blueberry,132.0,-3,0,0,blueberry_full_control
749,2,raspberry,180.0,1,0,0,time
749,3,blueberry,180.0,0,0,0,time
750,1,blueberry,180.0,-1,0,0,time
750,2,blueberry,180.0,-3,0,0,time
751,1,blueberry,180.0,-1,0,0,time
751,2,blueberry,180.0,-2,0,0,time
752,1,blueberry,180.0,-3,0,0,time
752,2,raspberry,180.0,1,0,0,time
752,3,raspberry,180.0,1,0,1,time
753,1,blueberry,172.5,-3,0,1,blueberry_full_control
753,2,blueberry,176.5,-3,0,1,blueberry_full_control
754,1,blueberry,150.0,-3,0,0,blueberry_full_control
754,2,blueberry,124.5,-3,0,0,blueberry_full_control
755,1,blueberry,160.5,-3,0,0,blueberry_full_control
755,2,raspberry,178.5,3,0,0,raspberry_full_control
755,3,raspberry,180.0,1,0,0,time
756,1,blueberry,180.0,-3,0,0,time
756,2,blueberry,180.0,-3,0,0,time
757,1,raspberry,180.0,2,0,0,time
757,2,raspberry,180.0,3,0,0,time
758,1,blueberry,142.5,-3,0,0,blueberry_full_control
758,2,blueberry,169.0,-3,0,0,blueberry_full_control
759,1,blueberry,180.0,-3,0,1,time
759,2,blueberry,180.0,0,0,1,time
760,1,blueberry,180.0,-2,0,0,time
760,2,blueberry,153.0,-3,0,0,blueberry_full_control
761,1,raspberry,180.0,2,0,0,time
761,2,raspberry,165.5,3,0,0,raspberry_full_control
762,1,blueberry,180.0,-3,0,1,time
762,2,blueberry,157.5,-3,0,1,blueberry_full_control
763,1,blueberry,180.0,-3,0,0,time
763,2,raspberry,180.0,0,0,0,time
763,3,raspberry,180.0,0,0,0,time
764,1,raspberry,180.0,2,0,0,time
764,2,raspberry,180.0,1,0,0,time
765,1,blueberry,180.0,-3,0,0,time
765,2,blueberry,180.0,-1,0,0,time
766,1,blueberry,180.0,-3,0,0,time
766,2,blueberry,180.0,-3,0,0,time
767,1,blueberry,152.0,-3,0,0,blueberry_full_control
767,2,blueberry,180.0,-1,0,0,time
768,1,blueberry,180.0,-3,0,0,time
768,2,raspberry,180.0,2,0,0,time
768,3,raspberry,180.0,2,0,0,time
769,1,raspberry,180.0,2,0,0,time
769,2,raspberry,180.0,2,0,0,time
770,1,blueberry,180.0,-2,0,2,time
770,2,blueberry,127.5,-3,0,2,blueberry_full_control
771,1,blueberry,180.0,0,0,0,time
771,2,raspberry,180.0,1,0,0,time
771,3,blueberry,180.0,-1,0,0,time
772,1,blueberry,160.0,-3,0,0,blueberry_full_control
772,2,raspberry,180.0,2,0,0,time
772,3,raspberry,180.0,2,0,0,time
773,1,raspberry,180.0,2,0,0,time
773,2,blueberry,180.0,-1,0,0,time
773,3,raspberry,180.0,2,0,0,time
774,1,blueberry,180.0,-3,0,1,time
774,2,blueberry,144.0,-3,0,1,blueberry_full_control
775,1,raspberry,180.0,2,0,0,time
775,2,blueberry,130.5,-3,0,0,blueberry_full_control
775,3,blueberry,180.0,-3,0,0,time
776,1,blueberry,151.0,-3,0,0,blueberry_full_control
776,2,raspberry,165.5,3,0,0,raspberry_full_control
776,3,blueberry,114.0,-3,0,0,blueberry_full_control
777,1,blueberry,180.0,-3,0,0,time
777,2,raspberry,180.0,3,0,0,time
777,3,raspberry,180.0,0,0,0,time
778,1,blueberry,133.5,-3,0,0,blueberry_full_control
778,2,blueberry,180.0,-3,0,0,time
779,1,blueberry,180.0,-3,0,0,time
779,2,blueberry,133.0,-3,0,0,blueberry_full_control
780,1,raspberry,180.0,3,0,0,time
780,2,raspberry,154.5,3,0,0,raspberry_full_control
781,1,blueberry,153.0,-3,0,0,blueberry_full_control
781,2,raspberry,180.0,1,0,0,time
781,3,raspberry,180.0,3,0,0,time
782,1,raspberry,180.0,2,0,0,time
782,2,raspberry,180.0,2,0,0,time
783,1,blueberry,180.0,-3,0,0,time
783,2,raspberry,180.0,3,0,0,time
783,3,raspberry,180.0,1,0,0,time
784,1,blueberry,104.0,-1,0,0,raspberry_full_control
784,2,blueberry,180.0,-1,0,1,time
785,1,raspberry,180.0,2,0,0,time
785,2,blueberry,180.0,-1,0,0,time
785,3,blueberry,180.0,-1,0,0,time
786,1,raspberry,180.0,1,0,0,time
786,2,raspberry,180.0,1,0,0,time
787,1,blueberry,180.0,-2,0,0,time
787,2,blueberry,164.0,-3,0,0,blueberry_full_control
788,1,blueberry,129.5,-3,0,0,blueberry_full_control
788,2,raspberry,180.0,3,0,0,time
788,3,raspberry,180.0,0,0,0,time
789,1,blueberry,180.0,-1,0,0,time
789,2,raspberry,180.0,2,1,1,time
789,3,raspberry,180.0,3,1,1,time
790,1,blueberry,180.0,-1,0,0,time
790,2,blueberry,141.0,-3,0,0,blueberry_full_control
791,1,blueberry,180.0,-2,0,0,time
791,2,raspberry,180.0,1,0,0,time
791,3,blueberry,180.0,-3,0,0,time
792,1,raspberry,175.0,3,0,0,raspberry_full_control
792,2,blueberry,180.0,-2,0,0,time
792,3,raspberry,180.0,3,0,0,time
793,1,raspberry,180.0,1,0,1,time
793,2,blueberry,180.0,-1,0,1,time
793,3,blueberry,180.0,-2,0,1,time
794,1,blueberry,138.5,-3,0,0,blueberry_full_control
794,2,raspberry,180.0,1,0,0,time
794,3,blueberry,180.0,-3,0,0,time
795,1,raspberry,180.0,2,0,0,time
795,2,raspberry,159.5,3,0,0,raspberry_full_control
796,1,blueberry,174.0,-3,0,0,blueberry_full_control
796,2,blueberry,157.5,-3,0,0,blueberry_full_control
797,1,blueberry,180.0,-2,0,0,time
797,2,raspberry,169.5,3,0,0,raspberry_full_control
797,3,blueberry,180.0,-2,0,0,time
798,1,blueberry,180.0,-3,0,0,time
798,2,blueberry,133.0,-3,0,0,blueberry_full_control
799,1,raspberry,180.0,2,0,0,time
799,2,raspberry,180.0,2,0,0,time
800,1,raspberry,180.0,3,0,0,time
800,2,raspberry,180.0,3,0,0,time
801,1,raspberry,180.0,3,0,0,time
801,2,raspberry,180.0,3,0,0,time
802,1,blueberry,180.0,-3,0,0,time
802,2,blueberry,180.0,-1,0,0,time
803,1,raspberry,180.0,2,0,0,time
803,2,raspberry,180.0,1,0,0,time
804,1,blueberry,142.5,-3,0,0,blueberry_full_control
804,2,blueberry,180.0,-3,0,0,time
805,1,raspberry,180.0,2,0,0,time
805,2,raspberry,180.0,2,0,0,time
806,1,blueberry,137.5,-3,0,0,blueberry_full_control
806,2,blueberry,180.0,-2,0,0,time
807,1,raspberry,180.0,3,0,0,time
807,2,blueberry,180.0,-1,0,0,time
807,3,blueberry,180.0,-2,0,0,time
808,1,blueberry,180.0,-2,0,0,time
808,2,raspberry,180.0,0,0,0,time
808,3,raspberry,180.0,2,0,0,time
809,1,blueberry,180.0,-2,0,0,time
809,2,blueberry,144.5,-3,0,0,blueberry_full_control
810,1,blueberry,180.0,-2,0,0,time
810,2,raspberry,180.0,1,0,0,time
810,3,raspberry,180.0,1,0,0,time
811,1,raspberry,180.0,2,0,0,time
811,2,blueberry,180.0,-3,0,0,time
811,3,blueberry,180.0,-2,0,0,time
812,1,blueberry,180.0,-2,0,0,time
812,2,blueberry,180.0,-3,0,0,time
813,1,blueberry,180.0,-3,0,0,time
813,2,raspberry,173.0,3,1,0,raspberry_full_control
813,3,raspberry,180.0,3,1,0,time
814,1,blueberry,180.0,0,0,0,time
814,2,blueberry,180.0,-1,0,0,time
815,1,blueberry,168.5,-3,0,0,blueberry_full_control
815,2,blueberry,143.0,-3,0,0,blueberry_full_control
816,1,blueberry,156.0,-3,0,0,blueberry_full_control
816,2,raspberry,180.0,3,0,0,time
816,3,blueberry,180.0,-1,0,1,time
817,1,blueberry,180.0,-1,0,0,time
817,2,blueberry,180.0,-3,0,0,time
818,1,blueberry,180.0,-3,0,0,time
818,2,blueberry,154.5,-3,0,0,blueberry_full_control
819,1,raspberry,180.0,2,0,0,time
819,2,blueberry,165.5,-3,0,0,blueberry_full_control
819,3,raspberry,180.0,2,0,0,time
820,1,blueberry,180.0,-1,1,1,time
820,2,raspberry,180.0,1,1,1,time
820,3,raspberry,180.0,2,1,1,time
821,1,raspberry,180.0,3,0,0,time
821,2,blueberry,180.0,-3,0,0,time
821,3,raspberry,180.0,1,0,0,time
822,1,blueberry,180.0,-3,0,0,time
822,2,blueberry,180.0,-1,0,0,time
823,1,blueberry,142.5,-3,0,0,blueberry_full_control
823,2,blueberry,180.0,-2,0,0,time
824,1,blueberry,139.0,-3,0,0,blueberry_full_control
824,2,blueberry,180.0,-3,0,0,time
825,1,blueberry,135.0,-3,0,0,blueberry_full_control
825,2,blueberry,140.5,-3,0,0,blueberry_full_control
826,1,blueberry,180.0,-1,0,0,time
826,2,blueberry,180.0,-2,0,0,time
827,1,raspberry,180.0,1,0,0,time
827,2,blueberry,161.0,-3,0,0,blueberry_full_control
827,3,raspberry,104.5,0,0,0,raspberry_full_control
828,1,raspberry,180.0,2,0,0,time
828,2,blueberry,174.0,-3,0,0,blueberry_full_control
828,3,blueberry,149.0,-3,0,0,blueberry_full_control
829,1,raspberry,180.0,0,0,0,time
829,2,blueberry,180.0,-2,0,0,time
829,3,raspberry,180.0,1,0,0,time
830,1,blueberry,104.0,-2,0,0,raspberry_full_control
830,2,blueberry,180.0,-3,0,0,time
831,1,raspberry,180.0,2,0,0,time
831,2,blueberry,180.0,-2,0,0,time
831,3,blueberry,180.0,-2,0,0,time
832,1,blueberry,180.0,-2,0,0,time
832,2,raspberry,180.0,2,0,0,time
832,3,raspberry,180.0,2,0,0,time
833,1,blueberry,180.0,-3,0,0,time
833,2,blueberry,180.0,-1,0,0,time
834,1,blueberry,144.0,-3,0,0,blueberry_full_control
834,2,raspberry,180.0,0,0,0,time
834,3,blueberry,180.0,-2,0,0,time
835,1,blueberry,180.0,-3,0,0,time
835,2,blueberry,180.0,-3,0,0,time
836,1,blueberry,120.0,-3,0,0,blueberry_full_control
836,2,blueberry,180.0,-1,0,0,time
837,1,blueberry,174.0,-3,0,0,blueberry_full_control
837,2,blueberry,180.0,-2,0,0,time
838,1,raspberry,180.0,0,0,0,time
838,2,raspberry,180.0,3,0,0,time
839,1,blueberry,164.0,-3,0,0,blueberry_full_control
839,2,blueberry,180.0,-2,0,0,time
840,1,blueberry,180.0,-2,0,0,time
840,2,raspberry,180.0,3,0,0,time
840,3,blueberry,180.0,-2,0,0,time
841,1,blueberry,180.0,-3,0,0,time
841,2,blueberry,172.5,-3,0,0,blueberry_full_control
842,1,blueberry,166.5,-3,0,0,blueberry_full_control
842,2,blueberry,155.5,-3,0,0,blueberry_full_control
843,1,blueberry,172.5,-3,0,0,blueberry_full_control
843,2,blueberry,180.0,-2,0,0,time
844,1,blueberry,180.0,-2,0,0,time
844,2,raspberry,180.0,2,0,1,time
844,3,raspberry,164.5,3,1,1,raspberry_full_control
845,1,raspberry,180.0,2,1,0,time
845,2,raspberry,180.0,3,1,0,time
846,1,blueberry,180.0,-1,0,0,time
846,2,blueberry,135.0,-3,0,1,blueberry_full_control
847,1,raspberry,173.0,3,0,0,raspberry_full_control
847,2,blueberry,174.0,-3,0,0,blueberry_full_control
847,3,blueberry,180.0,-3,0,0,time
848,1,raspberry,180.0,2,0,0,time
848,2,blueberry,180.0,-2,0,0,time
848,3,raspberry,180.0,1,0,0,time
849,1,blueberry,180.0,-3,0,0,time
849,2,blueberry,180.0,-2,0,0,time
850,1,blueberry,180.0,-3,0,0,time
850,2,raspberry,180.0,2,0,0,time
850,3,raspberry,180.0,3,0,0,time
851,1,blueberry,174.0,-3,0,0,blueberry_full_control
851,2,blueberry,157.5,-3,0,0,blueberry_full_control
852,1,raspberry,174.5,3,0,0,raspberry_full_control
852,2,raspberry,166.0,3,0,0,raspberry_full_control
853,1,raspberry,180.0,2,0,0,time
853,2,blueberry,174.0,-3,0,0,blueberry_full_control
853,3,blueberry,132.0,-3,0,0,blueberry_full_control
854,1,blueberry,180.0,-2,0,0,time
854,2,blueberry,180.0,-2,0,0,time
855,1,blueberry,180.0,-3,0,0,time
855,2,blueberry,172.5,-3,0,0,blueberry_full_control
856,1,blueberry,180.0,-1,0,0,time
856,2,blueberry,153.0,-3,0,0,blueberry_full_control
857,1,raspberry,180.0,2,0,0,time
857,2,blueberry,142.5,-3,0,0,blueberry_full_control
857,3,blueberry,180.0,-1,0,0,time
858,1,raspberry,180.0,2,0,0,time
858,2,raspberry,180.0,0,0,0,time
859,1,blueberry,180.0,-1,0,0,time
859,2,raspberry,180.0,2,1,0,time
859,3,raspberry,180.0,3,1,0,time
860,1,blueberry,180.0,-3,0,0,time
860,2,raspberry,180.0,3,0,0,time
860,3,raspberry,180.0,1,0,0,time
861,1,blueberry,163.5,-3,0,0,blueberry_full_control
861,2,raspberry,180.0,2,0,0,time
861,3,raspberry,180.0,2,0,0,time
862,1,blueberry,180.0,-3,0,0,time
862,2,raspberry,180.0,1,0,0,time
862,3,blueberry,180.0,-1,0,0,time
863,1,raspberry,180.0,1,0,0,time
863,2,raspberry,180.0,3,0,0,time
864,1,blueberry,124.5,-3,0,0,blueberry_full_control
864,2,blueberry,130.0,-3,0,0,blueberry_full_control
865,1,blueberry,180.0,-2,0,0,time
865,2,blueberry,180.0,-3,0,1,time
866,1,raspberry,180.0,1,0,0,time
866,2,blueberry,180.0,-1,0,1,time
866,3,blueberry,180.0,-2,1,1,time
867,1,blueberry,154.5,-3,0,0,blueberry_full_control
867,2,blueberry,153.5,-3,0,0,blueberry_full_control
868,1,blueberry,117.0,-3,0,0,blueberry_full_control
868,2,raspberry,180.0,3,1,0,time
868,3,raspberry,180.0,2,1,0,time
869,1,blueberry,117.0,-3,0,0,blueberry_full_control
869,2,blueberry,142.5,-3,0,0,blueberry_full_control
870,1,blueberry,180.0,-2,0,0,time
870,2,blueberry,180.0,-2,0,0,time
871,1,raspberry,180.0,1,0,0,time
871,2,blueberry,157.0,-3,0,0,blueberry_full_control
871,3,blueberry,161.0,-3,0,0,blueberry_full_control
872,1,blueberry,142.5,-3,1,0,blueberry_full_control
872,2,blueberry,154.5,-3,1,0,blueberry_full_control
873,1,blueberry,142.5,-3,0,0,blueberry_full_control
873,2,blueberry,123.0,-3,0,0,blueberry_full_control
874,1,raspberry,180.0,1,0,0,time
874,2,blueberry,180.0,-1,0,0,time
874,3,blueberry,180.0,-3,0,0,time
875,1,raspberry,180.0,1,0,0,time
875,2,blueberry,166.0,-3,0,0,blueberry_full_control
875,3,blueberry,135.0,-3,0,0,blueberry_full_control
876,1,blueberry,164.0,-3,0,0,blueberry_full_control
876,2,blueberry,180.0,-2,0,0,time
877,1,raspberry,176.5,3,0,0,raspberry_full_control
877,2,blueberry,180.0,-3,0,0,time
877,3,blueberry,135.0,-3,0,0,blueberry_full_control
878,1,blueberry,180.0,-1,0,0,time
878,2,blueberry,148.5,-3,0,0,blueberry_full_control
879,1,blueberry,160.5,-3,0,0,blueberry_full_control
879,2,blueberry,123.0,-3,0,0,blueberry_full_control
880,1,raspberry,180.0,2,0,0,time
880,2,blueberry,180.0,-2,0,0,time
880,3,blueberry,180.0,-3,0,0,time
881,1,blueberry,180.0,-2,0,0,time
881,2,blueberry,180.0,-1,0,0,time
882,1,blueberry,180.0,-2,0,0,time
882,2,raspberry,180.0,2,0,0,time
882,3,blueberry,163.5,-3,0,0,blueberry_full_control
883,1,blueberry,180.0,-2,0,0,time
883,2,raspberry,180.0,1,0,0,time
883,3,raspberry,180.0,2,0,0,time
884,1,blueberry,180.0,-1,0,1,time
884,2,blueberry,144.0,-3,0,1,blueberry_full_control
885,1,blueberry,123.0,-3,0,0,blueberry_full_control
885,2,raspberry,180.0,1,0,0,time
885,3,blueberry,165.0,-3,0,0,blueberry_full_control
886,1,blueberry,150.0,-3,0,0,blueberry_full_control
886,2,blueberry,133.0,-3,0,0,blueberry_full_control
887,1,blueberry,176.5,-3,1,0,blueberry_full_control
887,2,raspberry,180.0,3,1,0,time
887,3,raspberry,174.5,3,1,0,raspberry_full_control
888,1,raspberry,180.0,3,0,0,time
888,2,blueberry,153.5,-3,0,0,blueberry_full_control
888,3,blueberry,180.0,-1,0,0,time
889,1,raspberry,180.0,3,0,0,time
889,2,blueberry,180.0,-3,0,0,time
889,3,raspberry,180.0,3,0,0,time
890,1,raspberry,180.0,2,0,0,time
890,2,blueberry,180.0,-2,0,0,time
890,3,blueberry,180.0,-3,0,0,time
891,1,blueberry,180.0,-3,0,0,time
891,2,raspberry,180.0,2,0,0,time
891,3,raspberry,180.0,2,0,0,time
892,1,blueberry,180.0,-1,0,0,time
892,2,blueberry,180.0,-1,0,0,time
893,1,blueberry,180.0,-2,0,0,time
893,2,blueberry,169.0,-3,0,0,blueberry_full_control
894,1,blueberry,180.0,-1,0,0,time
894,2,blueberry,145.0,-3,0,0,blueberry_full_control
895,1,blueberry,174.0,-3,0,0,blueberry_full_control
895,2,blueberry,180.0,-1,0,1,time
896,1,raspberry,180.0,1,0,0,time
896,2,blueberry,142.0,-3,0,0,blueberry_full_control
896,3,blueberry,132.5,-3,0,0,blueberry_full_control
897,1,raspberry,180.0,0,0,0,time
897,2,blueberry,163.5,-3,0,1,blueberry_full_control
897,3,blueberry,137.5,-3,0,1,blueberry_full_control
898,1,raspberry,180.0,0,1,1,time
898,2,raspberry,180.0,3,1,1,time
899,1,blueberry,121.5,-3,0,0,blueberry_full_control
899,2,raspberry,180.0,0,0,0,time
899,3,blueberry,154.5,-3,0,0,blueberry_full_control
900,1,blueberry,180.0,-3,0,0,time
900,2,raspberry,180.0,2,0,0,time
900,3,blueberry,154.5,-3,0,0,blueberry_full_control
901,1,blueberry,180.0,-2,0,0,time
901,2,blueberry,144.0,-3,0,1,blueberry_full_control
902,1,blueberry,114.0,-3,0,0,blueberry_full_control
902,2,blueberry,180.0,-2,0,0,time
903,1,blueberry,148.0,-3,0,0,blueberry_full_control
903,2,blueberry,133.5,-3,0,0,blueberry_full_control
904,1,blueberry,156.0,-3,0,0,blueberry_full_control
904,2,blueberry,166.5,-3,0,0,blueberry_full_control
905,1,blueberry,156.0,-3,0,0,blueberry_full_control
905,2,raspberry,180.0,1,0,0,time
905,3,blueberry,180.0,-1,0,0,time
906,1,blueberry,180.0,-1,0,0,time
906,2,blueberry,180.0,-3,0,0,time
907,1,blueberry,180.0,-3,0,0,time
907,2,raspberry,180.0,3,0,0,time
907,3,blueberry,180.0,-1,0,0,time
908,1,blueberry,180.0,-3,0,0,time
908,2,blueberry,180.0,-1,0,0,time
909,1,blueberry,180.0,-2,0,0,time
909,2,blueberry,93.5,-1,0,0,raspberry_full_control
910,1,blueberry,180.0,-3,0,0,time
910,2,blueberry,180.0,-1,1,0,time
911,1,blueberry,180.0,-2,0,0,time
911,2,raspberry,180.0,2,0,0,time
911,3,blueberry,108.5,-1,0,0,raspberry_full_control
912,1,blueberry,180.0,-1,0,0,time
912,2,blueberry,180.0,-2,0,0,time
913,1,raspberry,180.0,1,0,0,time
913,2,raspberry,171.0,3,0,0,raspberry_full_control
914,1,raspberry,180.0,1,0,0,time
914,2,blueberry,180.0,-1,0,0,time
914,3,blueberry,142.5,-3,0,0,blueberry_full_control
915,1,raspberry,180.0,1,0,0,time
915,2,blueberry,166.0,-3,0,0,blueberry_full_control
915,3,blueberry,180.0,-3,0,0,time
916,1,blueberry,180.0,0,0,0,time
916,2,blueberry,180.0,-2,0,0,time
917,1,blueberry,180.0,-3,0,0,time
917,2,raspberry,180.0,2,0,0,time
917,3,raspberry,180.0,2,0,0,time
918,1,raspberry,180.0,1,0,1,time
918,2,blueberry,180.0,-2,0,1,time
918,3,blueberry,180.0,-2,0,1,time
919,1,blueberry,180.0,-3,0,0,time
919,2,raspberry,180.0,0,0,0,time
919,3,raspberry,180.0,2,0,0,time
920,1,raspberry,180.0,3,0,0,time
920,2,raspberry,180.0,3,0,0,time
921,1,blueberry,180.0,0,0,0,time
921,2,blueberry,174.0,-3,0,0,blueberry_full_control
922,1,blueberry,180.0,-2,0,0,time
922,2,blueberry,180.0,-2,0,0,time
923,1,raspberry,180.0,3,0,0,time
923,2,raspberry,180.0,2,1,1,time
924,1,blueberry,180.0,-1,0,0,time
924,2,blueberry,180.0,-1,0,0,time
925,1,blueberry,180.0,-2,0,0,time
925,2,raspberry,180.0,3,0,0,time
925,3,raspberry,180.0,0,0,1,time
926,1,raspberry,180.0,2,0,0,time
926,2,blueberry,160.5,-3,0,0,blueberry_full_control
926,3,raspberry,180.0,1,0,0,time
927,1,blueberry,153.0,-3,0,0,blueberry_full_control
927,2,blueberry,180.0,0,0,0,time
928,1,blueberry,180.0,-3,0,0,time
928,2,blueberry,150.0,-3,0,0,blueberry_full_control
929,1,blueberry,133.5,-3,0,0,blueberry_full_control
929,2,blueberry,180.0,-2,0,0,time
930,1,blueberry,154.5,-3,0,0,blueberry_full_control
930,2,blueberry,153.0,-3,0,0,blueberry_full_control
931,1,raspberry,161.5,3,0,0,raspberry_full_control
931,2,raspberry,170.5,3,0,0,raspberry_full_control
932,1,raspberry,180.0,1,0,0,time
932,2,blueberry,164.0,-3,0,0,blueberry_full_control
932,3,raspberry,180.0,1,0,0,time
933,1,blueberry,180.0,-3,0,0,time
933,2,blueberry,133.5,-3,0,0,blueberry_full_control
934,1,raspberry,180.0,2,0,1,time
934,2,blueberry,144.0,-3,0,1,blueberry_full_control
934,3,blueberry,133.5,-3,0,1,blueberry_full_control
935,1,raspberry,180.0,1,0,0,time
935,2,raspberry,180.0,3,1,0,time
936,1,blueberry,180.0,-3,0,1,time
936,2,blueberry,180.0,-1,0,1,time
937,1,blueberry,180.0,-1,0,0,time
937,2,blueberry,180.0,0,0,1,time
938,1,blueberry,180.0,-1,0,0,time
938,2,blueberry,142.5,-3,0,0,blueberry_full_control
939,1,raspberry,180.0,1,0,0,time
939,2,blueberry,180.0,-3,0,0,time
939,3,raspberry,180.0,3,0,1,time
940,1,raspberry,180.0,2,0,0,time
940,2,raspberry,180.0,3,0,0,time
941,1,raspberry,180.0,1,0,0,time
941,2,blueberry,180.0,-3,0,0,time
941,3,raspberry,180.0,2,0,0,time
942,1,raspberry,180.0,2,0,0,time
942,2,blueberry,180.0,-1,0,0,time
942,3,blueberry,123.0,-3,0,0,blueberry_full_control
943,1,blueberry,180.0,-2,0,0,time
943,2,blueberry,128.5,-3,0,0,blueberry_full_control
944,1,raspberry,180.0,2,0,0,time
944,2,raspberry,177.0,3,0,0,raspberry_full_control
945,1,raspberry,180.0,1,0,0,time
945,2,raspberry,170.0,3,0,0,raspberry_full_control
946,1,blueberry,156.0,-3,0,0,blueberry_full_control
946,2,blueberry,151.5,-3,0,0,blueberry_full_control
947,1,blueberry,180.0,-1,0,0,time
947,2,blueberry,123.0,-3,0,0,blueberry_full_control
948,1,blueberry,180.0,-3,0,0,time
948,2,blueberry,180.0,-1,0,1,time
949,1,blueberry,180.0,-3,0,0,time
949,2,blueberry,180.0,-3,0,0,time
950,1,blueberry,180.0,-2,0,0,time
950,2,blueberry,180.0,-2,0,0,time
951,1,blueberry,180.0,-2,0,0,time
951,2,blueberry,153.0,-3,0,0,blueberry_full_control
952,1,blueberry,124.5,-3,0,0,blueberry_full_control
952,2,blueberry,180.0,-3,0,0,time
953,1,blueberry,180.0,-2,0,0,time
953,2,blueberry,180.0,-3,0,0,time
954,1,raspberry,168.5,3,0,0,raspberry_full_control
954,2,blueberry,161.0,-3,0,0,blueberry_full_control
954,3,blueberry,180.0,-1,0,0,time
955,1,raspberry,180.0,0,0,0,time
955,2,blueberry,133.5,-3,0,0,blueberry_full_control
955,3,blueberry,156.0,-3,0,0,blueberry_full_control
956,1,blueberry,180.0,-2,0,0,time
956,2,blueberry,180.0,-2,0,0,time
957,1,raspberry,180.0,1,0,0,time
957,2,blueberry,153.0,-3,0,0,blueberry_full_control
957,3,raspberry,180.0,1,0,0,time
958,1,raspberry,180.0,0,0,0,time
958,2,blueberry,180.0,-2,0,0,time
958,3,blueberry,180.0,-2,0,0,time
959,1,raspberry,180.0,1,0,0,time
959,2,blueberry,162.5,-3,0,0,blueberry_full_control
959,3,raspberry,180.0,2,0,0,time
960,1,raspberry,180.0,3,0,0,time
960,2,raspberry,180.0,1,0,0,time
961,1,raspberry,180.0,3,0,0,time
961,2,raspberry,180.0,3,1,0,time
962,1,blueberry,180.0,-3,0,0,time
962,2,raspberry,180.0,2,0,0,time
962,3,raspberry,180.0,0,0,0,time
963,1,blueberry,180.0,-2,0,0,time
963,2,blueberry,133.5,-3,0,0,blueberry_full_control
964,1,raspberry,180.0,2,0,0,time
964,2,blueberry,180.0,-1,0,0,time
964,3,raspberry,180.0,1,0,0,time
965,1,raspberry,180.0,2,0,0,time
965,2,blueberry,180.0,-3,0,1,time
965,3,raspberry,180.0,2,0,1,time
966,1,blueberry,142.5,-3,0,1,blueberry_full_control
966,2,raspberry,156.5,3,0,1,raspberry_full_control
966,3,blueberry,126.0,-3,0,1,blueberry_full_control
967,1,blueberry,180.0,-1,0,0,time
967,2,blueberry,164.5,-3,0,0,blueberry_full_control
968,1,blueberry,180.0,-3,0,0,time
968,2,blueberry,163.5,-3,0,1,blueberry_full_control
969,1,raspberry,180.0,2,0,0,time
969,2,raspberry,180.0,2,0,0,time
970,1,raspberry,180.0,3,0,0,time
970,2,raspberry,180.0,2,0,0,time
971,1,raspberry,180.0,3,0,0,time
971,2,raspberry,180.0,3,0,0,time
972,1,blueberry,164.5,-3,0,1,blueberry_full_control
972,2,blueberry,133.5,-3,0,1,blueberry_full_control
973,1,blueberry,180.0,-2,0,0,time
973,2,blueberry,180.0,-3,0,0,time
974,1,raspberry,180.0,3,0,0,time
974,2,raspberry,180.0,3,0,0,time
975,1,blueberry,180.0,-2,0,0,time
975,2,raspberry,180.0,1,0,0,time
975,3,raspberry,171.5,3,0,0,raspberry_full_control
976,1,blueberry,180.0,-2,0,0,time
976,2,blueberry,180.0,-3,0,0,time
977,1,blueberry,180.0,-1,0,0,time
977,2,raspberry,180.0,1,0,1,time
977,3,blueberry,180.0,-3,0,1,time
978,1,raspberry,180.0,2,0,0,time
978,2,blueberry,180.0,-2,0,0,time
978,3,raspberry,180.0,3,0,0,time
979,1,blueberry,180.0,-3,1,0,time
979,2,blueberry,180.0,-1,1,1,time
980,1,blueberry,180.0,-2,1,0,time
980,2,raspberry,180.0,2,1,0,time
980,3,raspberry,180.0,2,1,0,time
981,1,blueberry,180.0,-3,0,0,time
981,2,blueberry,180.0,-2,0,0,time
982,1,blueberry,180.0,-1,0,0,time
982,2,raspberry,180.0,2,0,0,time
982,3,blueberry,134.5,-3,0,0,blueberry_full_control
983,1,raspberry,180.0,2,0,0,time
983,2,raspberry,180.0,1,0,0,time
984,1,blueberry,180.0,-1,0,0,time
984,2,blueberry,180.0,-2,0,0,time
985,1,raspberry,180.0,2,0,0,time
985,2,raspberry,172.5,3,0,0,raspberry_full_control
986,1,raspberry,180.0,1,0,0,time
986,2,blueberry,147.0,-3,0,0,blueberry_full_control
986,3,raspberry,180.0,3,0,0,time
987,1,raspberry,180.0,1,0,0,time
987,2,blueberry,180.0,-3,0,0,time
987,3,raspberry,180.0,1,0,1,time
988,1,raspberry,180.0,2,0,0,time
988,2,blueberry,180.0,-3,0,0,time
988,3,blueberry,180.0,-3,0,0,time
989,1,blueberry,180.0,-3,0,0,time
989,2,blueberry,180.0,-3,0,0,time
990,1,blueberry,180.0,-2,0,0,time
990,2,blueberry,180.0,-2,0,0,time
991,1,blueberry,180.0,-3,0,0,time
991,2,raspberry,180.0,1,0,0,time
991,3,blueberry,179.0,-3,0,0,blueberry_full_control
992,1,blueberry,180.0,-3,0,0,time
992,2,blueberry,180.0,-3,0,0,time
993,1,blueberry,180.0,-2,0,0,time
993,2,blueberry,180.0,-1,0,0,time
994,1,raspberry,180.0,0,0,0,time
994,2,raspberry,180.0,2,0,0,time
995,1,raspberry,180.0,2,0,0,time
995,2,blueberry,180.0,-1,0,0,time
995,3,blueberry,180.0,-2,0,0,time
996,1,blueberry,147.0,-3,1,1,blueberry_full_control
996,2,raspberry,180.0,3,1,1,time
996,3,raspberry,180.0,1,2,1,time
997,1,blueberry,142.0,-3,0,0,blueberry_full_control
997,2,raspberry,168.5,3,0,0,raspberry_full_control
997,3,blueberry,180.0,-2,0,0,time
998,1,raspberry,180.0,3,0,0,time
998,2,raspberry,180.0,2,0,0,time
999,1,blueberry,180.0,-2,0,0,time
999,2,blueberry,180.0,-2,0,0,time
1000,1,blueberry,180.0,-3,0,0,time
1000,2,raspberry,180.0,3,0,1,time
1000,3,blueberry,180.0,-3,0,1,time
1001,1,blueberry,180.0,-3,0,0,time
1001,2,blueberry,180.0,-3,0,0,time
1002,1,raspberry,180.0,1,1,0,time
1002,2,raspberry,180.0,3,1,0,time
1003,1,blueberry,138.0,-3,0,0,blueberry_full_control
1003,2,blueberry,136.0,-3,0,0,blueberry_full_control
1004,1,blueberry,163.5,-3,0,0,blueberry_full_control
1004,2,raspberry,174.5,3,0,0,raspberry_full_control
1004,3,raspberry,180.0,3,0,0,time
1005,1,raspberry,180.0,2,0,0,time
1005,2,raspberry,102.5,0,0,0,raspberry_full_control
1006,1,blueberry,163.5,-3,0,0,blueberry_full_control
1006,2,blueberry,180.0,-1,0,0,time
1007,1,blueberry,180.0,-1,1,0,time
1007,2,raspberry,150.0,3,1,0,raspberry_full_control
1007,3,raspberry,151.0,3,1,0,raspberry_full_control
1008,1,blueberry,176.5,-3,0,0,blueberry_full_control
1008,2,blueberry,131.0,-3,0,0,blueberry_full_control
1009,1,blueberry,154.5,-3,0,0,blueberry_full_control
1009,2,blueberry,180.0,-3,0,0,time
1010,1,blueberry,180.0,-3,0,0,time
1010,2,raspberry,180.0,0,0,1,time
1010,3,raspberry,179.0,3,0,1,raspberry_full_control
1011,1,raspberry,180.0,3,0,0,time
1011,2,blueberry,180.0,-3,0,0,time
1011,3,raspberry,179.5,3,0,0,raspberry_full_control
1012,1,blueberry,135.0,-3,0,0,blueberry_full_control
1012,2,raspberry,180.0,1,0,0,time
1012,3,raspberry,180.0,2,0,0,time
1013,1,raspberry,180.0,3,0,0,time
1013,2,blueberry,180.0,-2,0,0,time
1013,3,raspberry,180.0,2,0,0,time
1014,1,blueberry,180.0,-3,0,0,time
1014,2,raspberry,180.0,1,0,0,time
1014,3,raspberry,171.5,3,0,0,raspberry_full_control
1015,1,blueberry,153.0,-3,0,0,blueberry_full_control
1015,2,blueberry,140.0,-3,0,0,blueberry_full_control
1016,1,raspberry,180.0,2,0,0,time
1016,2,blueberry,153.0,-3,0,0,blueberry_full_control
1016,3,raspberry,180.0,1,0,1,time
1017,1,blueberry,180.0,-1,0,1,time
1017,2,blueberry,138.0,-3,0,1,blueberry_full_control
1018,1,blueberry,171.5,-3,0,0,blueberry_full_control
1018,2,blueberry,137.5,-3,0,0,blueberry_full_control
1019,1,raspberry,180.0,1,0,0,time
1019,2,blueberry,180.0,-3,0,0,time
1019,3,blueberry,180.0,-3,0,0,time
1020,1,raspberry,156.5,3,0,0,raspberry_full_control
1020,2,raspberry,180.0,1,0,0,time
1021,1,raspberry,180.0,3,0,0,time
1021,2,blueberry,180.0,-3,0,0,time
1021,3,blueberry,180.0,-2,0,0,time
1022,1,blueberry,180.0,-3,0,0,time
1022,2,blueberry,180.0,-2,0,0,time
1023,1,raspberry,180.0,1,0,0,time
1023,2,blueberry,180.0,-3,0,0,time
1023,3,blueberry,180.0,-3,0,0,time
1024,1,raspberry,180.0,2,0,0,time
1024,2,raspberry,180.0,2,0,0,time
1025,1,blueberry,180.0,-1,0,0,time
1025,2,blueberry,172.5,-3,0,0,blueberry_full_control
1026,1,raspberry,180.0,2,0,0,time
1026,2,blueberry,180.0,-1,0,0,time
1026,3,raspberry,180.0,2,0,0,time
1027,1,raspberry,180.0,2,0,0,time
1027,2,raspberry,180.0,1,0,0,time
1028,1,raspberry,180.0,2,0,1,time
1028,2,blueberry,161.0,-3,0,1,blueberry_full_control
1028,3,blueberry,180.0,-1,0,1,time
1029,1,blueberry,180.0,-3,0,0,time
1029,2,blueberry,180.0,-3,0,0,time
1030,1,raspberry,180.0,2,0,0,time
1030,2,blueberry,180.0,-2,0,0,time
1030,3,raspberry,173.5,3,0,0,raspberry_full_control
1031,1,blueberry,180.0,-3,0,0,time
1031,2,raspberry,180.0,2,0,0,time
1031,3,blueberry,153.0,-3,0,0,blueberry_full_control
1032,1,blueberry,180.0,-2,0,0,time
1032,2,blueberry,180.0,-3,0,0,time
1033,1,blueberry,180.0,-2,0,0,time
1033,2,blueberry,133.5,-3,0,0,blueberry_full_control
1034,1,blueberry,180.0,-3,0,0,time
1034,2,blueberry,178.5,-3,0,0,blueberry_full_control
1035,1,raspberry,180.0,3,1,0,time
1035,2,raspberry,180.0,1,1,1,time
1036,1,raspberry,180.0,3,0,0,time
1036,2,blueberry,180.0,-1,0,0,time
1036,3,raspberry,180.0,3,0,0,time
1037,1,blueberry,142.0,-3,0,0,blueberry_full_control
1037,2,raspberry,180.0,3,0,0,time
1037,3,blueberry,180.0,-1,0,0,time
1038,1,blueberry,180.0,-2,0,0,time
1038,2,blueberry,180.0,-3,0,0,time
1039,1,blueberry,180.0,-3,0,0,time
1039,2,blueberry,149.0,-3,0,0,blueberry_full_control
1040,1,blueberry,139.0,-3,0,0,blueberry_full_control
1040,2,blueberry,120.5,-3,0,0,blueberry_full_control
1041,1,raspberry,180.0,3,0,0,time
1041,2,raspberry,180.0,0,1,0,time
1042,1,blueberry,180.0,-1,0,1,time
1042,2,raspberry,180.0,1,1,1,time
1042,3,raspberry,180.0,3,1,1,time
1043,1,blueberry,180.0,-1,0,0,time
1043,2,blueberry,180.0,-2,0,0,time
1044,1,blueberry,180.0,-1,0,0,time
1044,2,blueberry,139.0,-3,0,0,blueberry_full_control
1045,1,blueberry,177.0,-3,0,0,blueberry_full_control
1045,2,blueberry,180.0,-1,0,1,time
1046,1,raspberry,180.0,2,0,0,time
1046,2,blueberry,180.0,-1,0,0,time
1046,3,blueberry,162.5,-3,0,0,blueberry_full_control
1047,1,blueberry,180.0,-3,0,1,time
1047,2,blueberry,147.5,-3,0,1,blueberry_full_control
1048,1,blueberry,180.0,-1,0,0,time
1048,2,blueberry,180.0,-3,0,0,time
1049,1,raspberry,180.0,1,0,0,time
1049,2,blueberry,180.0,-3,0,0,time
1049,3,raspberry,180.0,2,1,0,time
1050,1,blueberry,180.0,-3,0,0,time
1050,2,raspberry,180.0,3,0,1,time
1050,3,blueberry,180.0,-1,0,1,time
1051,1,raspberry,156.5,3,0,0,raspberry_full_control
1051,2,blueberry,180.0,-1,0,0,time
1051,3,blueberry,168.5,-3,0,0,blueberry_full_control
1052,1,blueberry,156.0,-3,0,0,blueberry_full_control
1052,2,blueberry,180.0,-3,0,0,time
1053,1,raspberry,180.0,1,0,0,time
1053,2,blueberry,180.0,0,0,1,time
1053,3,blueberry,180.0,-3,0,1,time
1054,1,blueberry,180.0,-2,0,0,time
1054,2,blueberry,180.0,-1,0,0,time
1055,1,raspberry,180.0,3,1,0,time
1055,2,raspberry,180.0,2,1,0,time
1056,1,raspberry,180.0,1,0,0,time
1056,2,blueberry,180.0,-1,0,0,time
1056,3,blueberry,180.0,-3,0,0,time
1057,1,blueberry,180.0,-1,0,1,time
1057,2,raspberry,180.0,0,0,1,time
1057,3,blueberry,180.0,-3,0,1,time
1058,1,raspberry,180.0,3,0,0,time
1058,2,blueberry,177.0,-3,0,0,blueberry_full_control
1058,3,raspberry,180.0,1,0,0,time
1059,1,blueberry,180.0,-3,0,0,time
1059,2,blueberry,180.0,-1,0,0,time
1060,1,raspberry,180.0,2,0,0,time
1060,2,blueberry,180.0,-2,0,0,time
1060,3,blueberry,180.0,-1,0,0,time
1061,1,blueberry,154.5,-3,0,0,blueberry_full_control
1061,2,blueberry,180.0,-2,0,1,time
1062,1,raspberry,180.0,2,0,0,time
1062,2,raspberry,180.0,2,0,0,time
1063,1,raspberry,180.0,2,0,0,time
1063,2,blueberry,180.0,-3,0,0,time
1063,3,blueberry,180.0,-2,0,0,time
1064,1,raspberry,156.0,1,0,0,raspberry_full_control
1064,2,raspberry,170.5,3,0,0,raspberry_full_control
1065,1,blueberry,180.0,-2,0,0,time
1065,2,blueberry,180.0,-1,0,0,time
1066,1,blueberry,180.0,-2,0,0,time
1066,2,raspberry,180.0,3,0,0,time
1066,3,blueberry,163.5,-3,0,0,blueberry_full_control
1067,1,raspberry,163.5,3,0,0,raspberry_full_control
1067,2,raspberry,180.0,2,0,0,time
1068,1,blueberry,180.0,0,0,0,time
1068,2,blueberry,180.0,-3,0,0,time
1069,1,blueberry,136.0,-3,0,0,blueberry_full_control
1069,2,blueberry,180.0,-2,0,0,time
1070,1,blueberry,180.0,-1,0,0,time
1070,2,blueberry,180.0,-3,0,0,time
1071,1,raspberry,180.0,2,0,0,time
1071,2,blueberry,180.0,-3,0,0,time
1071,3,blueberry,140.5,-3,0,0,blueberry_full_control
1072,1,blueberry,180.0,-1,0,0,time
1072,2,raspberry,180.0,2,0,0,time
1072,3,blueberry,172.5,-3,0,0,blueberry_full_control
1073,1,blueberry,145.0,-3,0,0,blueberry_full_control
1073,2,blueberry,172.5,-3,0,0,blueberry_full_control
1074,1,blueberry,180.0,-3,0,0,time
1074,2,blueberry,180.0,-3,0,0,time
1075,1,blueberry,142.5,-3,0,0,blueberry_full_control
1075,2,raspberry,170.0,3,0,0,raspberry_full_control
1075,3,raspberry,169.5,3,0,0,raspberry_full_control
1076,1,blueberry,180.0,-3,0,0,time
1076,2,blueberry,172.5,-3,0,0,blueberry_full_control
1077,1,raspberry,180.0,2,0,0,time
1077,2,blueberry,150.0,-3,0,0,blueberry_full_control
1077,3,blueberry,172.5,-3,0,0,blueberry_full_control
1078,1,blueberry,160.0,-3,0,0,blueberry_full_control
1078,2,blueberry,150.5,-3,0,0,blueberry_full_control
1079,1,raspberry,180.0,1,0,0,time
1079,2,raspberry,180.0,1,0,0,time
1080,1,blueberry,136.5,-3,0,0,blueberry_full_control
1080,2,raspberry,180.0,2,0,0,time
1080,3,blueberry,159.5,-3,0,0,blueberry_full_control
1081,1,blueberry,180.0,-2,0,0,time
1081,2,blueberry,180.0,-3,0,0,time
1082,1,blueberry,154.5,-3,0,0,blueberry_full_control
1082,2,blueberry,180.0,-3,0,0,time
1083,1,blueberry,180.0,-3,0,0,time
1083,2,blueberry,164.5,-3,0,0,blueberry_full_control
1084,1,raspberry,180.0,0,0,0,time
1084,2,raspberry,180.0,3,0,0,time
1085,1,raspberry,180.0,2,0,0,time
1085,2,blueberry,180.0,-1,0,0,time
1085,3,raspberry,170.0,3,0,0,raspberry_full_control
1086,1,raspberry,180.0,3,0,0,time
1086,2,raspberry,180.0,3,0,0,time
1087,1,raspberry,162.5,3,0,0,raspberry_full_control
1087,2,raspberry,180.0,2,0,0,time
1088,1,blueberry,180.0,-1,0,0,time
1088,2,blueberry,114.0,-3,0,0,blueberry_full_control
1089,1,blueberry,180.0,-3,0,0,time
1089,2,blueberry,180.0,-2,0,0,time
1090,1,blueberry,180.0,-2,0,0,time
1090,2,blueberry,180.0,-2,0,0,time
1091,1,blueberry,124.5,-3,0,0,blueberry_full_control
1091,2,blueberry,180.0,-2,0,0,time
1092,1,blueberry,163.5,-3,0,0,blueberry_full_control
1092,2,raspberry,180.0,1,0,0,time
1092,3,blueberry,124.0,-3,0,0,blueberry_full_control
1093,1,blueberry,138.0,-3,0,0,blueberry_full_control
1093,2,blueberry,180.0,-2,0,0,time
1094,1,blueberry,117.5,-3,0,0,blueberry_full_control
1094,2,blueberry,123.0,-3,0,0,blueberry_full_control
1095,1,blueberry,180.0,-3,0,0,time
1095,2,blueberry,133.5,-3,0,0,blueberry_full_control
1096,1,blueberry,180.0,-1,0,0,time
1096,2,raspberry,180.0,0,0,0,time
1096,3,blueberry,180.0,0,0,0,time
1097,1,blueberry,176.0,-3,0,0,blueberry_full_control
1097,2,raspberry,180.0,2,0,0,time
1097,3,blueberry,180.0,0,0,0,time
1098,1,blueberry,180.0,-2,0,0,time
1098,2,raspberry,180.0,0,0,0,time
1098,3,blueberry,180.0,-1,0,0,time
1099,1,blueberry,123.0,-3,0,0,blueberry_full_control
1099,2,blueberry,136.5,-3,0,0,blueberry_full_control
1100,1,raspberry,180.0,1,0,0,time
1100,2,blueberry,180.0,-1,0,0,time
1100,3,blueberry,133.5,-3,0,0,blueberry_full_control
1101,1,blueberry,180.0,-3,0,0,time
1101,2,blueberry,180.0,-2,0,0,time
1102,1,blueberry,180.0,-2,0,0,time
1102,2,blueberry,180.0,-2,0,0,time
1103,1,raspberry,165.5,3,0,0,raspberry_full_control
1103,2,raspberry,170.0,3,0,0,raspberry_full_control
1104,1,raspberry,180.0,3,0,0,time
1104,2,raspberry,180.0,1,0,0,time
1105,1,raspberry,180.0,0,0,0,time
1105,2,raspberry,180.0,3,0,0,time
1106,1,blueberry,180.0,0,0,0,time
1106,2,raspberry,180.0,3,0,0,time
1106,3,blueberry,123.0,-3,0,0,blueberry_full_control
1107,1,raspberry,180.0,1,0,0,time
1107,2,blueberry,180.0,-3,0,0,time
1107,3,blueberry,123.0,-3,0,0,blueberry_full_control
1108,1,raspberry,180.0,2,0,0,time
1108,2,raspberry,180.0,2,0,0,time
1109,1,raspberry,180.0,0,0,0,time
1109,2,raspberry,180.0,2,0,0,time
1110,1,blueberry,180.0,-2,0,0,time
1110,2,raspberry,180.0,2,0,0,time
1110,3,raspberry,180.0,3,0,0,time
1111,1,blueberry,161.5,-3,0,1,blueberry_full_control
1111,2,blueberry,180.0,-3,0,2,time
1112,1,blueberry,157.5,-3,0,0,blueberry_full_control
1112,2,blueberry,180.0,-2,0,0,time
1113,1,blueberry,146.5,-3,0,0,blueberry_full_control
1113,2,blueberry,160.5,-3,0,0,blueberry_full_control
1114,1,raspberry,180.0,3,0,1,time
1114,2,blueberry,180.0,-1,0,1,time
1114,3,blueberry,180.0,-3,0,1,time
1115,1,raspberry,180.0,3,0,0,time
1115,2,raspberry,180.0,2,0,0,time
1116,1,raspberry,180.0,3,0,0,time
1116,2,raspberry,180.0,3,0,0,time
1117,1,blueberry,180.0,-3,0,0,time
1117,2,raspberry,180.0,2,0,0,time
1117,3,raspberry,180.0,2,0,0,time
1118,1,blueberry,97.0,-1,0,0,raspberry_full_control
1118,2,blueberry,97.0,-2,0,0,raspberry_full_control
1119,1,blueberry,180.0,-1,0,0,time
1119,2,raspberry,180.0,1,0,0,time
1119,3,blueberry,180.0,-2,0,0,time
1120,1,blueberry,180.0,-2,0,1,time
1120,2,raspberry,180.0,2,0,1,time
1120,3,blueberry,136.5,-3,0,1,blueberry_full_control
1121,1,blueberry,180.0,-1,0,0,time
1121,2,blueberry,180.0,-2,0,0,time
1122,1,blueberry,180.0,-2,0,0,time
1122,2,blueberry,180.0,-3,0,0,time
1123,1,raspberry,180.0,2,0,0,time
1123,2,blueberry,159.5,-3,0,0,blueberry_full_control
1123,3,blueberry,180.0,-1,0,0,time
1124,1,blueberry,180.0,-2,0,0,time
1124,2,raspberry,180.0,3,0,0,time
1124,3,blueberry,174.0,-3,0,0,blueberry_full_control
1125,1,raspberry,153.0,3,0,0,raspberry_full_control
1125,2,raspberry,180.0,3,0,0,time
1126,1,raspberry,165.5,3,0,0,raspberry_full_control
1126,2,raspberry,180.0,2,0,0,time
1127,1,blueberry,180.0,-3,0,0,time
1127,2,raspberry,165.5,3,0,0,raspberry_full_control
1127,3,raspberry,180.0,3,0,0,time
1128,1,blueberry,180.0,-3,0,0,time
1128,2,blueberry,132.5,-3,0,0,blueberry_full_control
1129,1,blueberry,180.0,-1,0,1,time
1129,2,blueberry,158.5,-3,0,1,blueberry_full_control
1130,1,blueberry,144.0,-3,0,0,blueberry_full_control
1130,2,raspberry,180.0,1,0,0,time
1130,3,blueberry,180.0,-1,0,0,time
1131,1,blueberry,180.0,-2,0,0,time
1131,2,blueberry,180.0,-2,0,0,time
1132,1,blueberry,180.0,-2,0,0,time
1132,2,raspberry,180.0,0,0,0,time
1132,3,blueberry,180.0,-1,0,0,time
1133,1,blueberry,155.5,-3,0,0,blueberry_full_control
1133,2,raspberry,180.0,1,0,1,time
1133,3,blueberry,180.0,-2,0,1,time
1134,1,blueberry,180.0,-2,0,0,time
1134,2,raspberry,180.0,3,0,1,time
1134,3,blueberry,180.0,-2,0,1,time
1135,1,raspberry,180.0,2,0,0,time
1135,2,blueberry,180.0,-2,1,0,time
1135,3,raspberry,180.0,3,1,0,time
1136,1,blueberry,180.0,-3,0,0,time
1136,2,blueberry,180.0,-2,0,1,time
1137,1,raspberry,180.0,1,0,0,time
1137,2,blueberry,180.0,-3,0,0,time
1137,3,blueberry,180.0,-3,0,0,time
1138,1,raspberry,180.0,3,0,0,time
1138,2,blueberry,180.0,-2,0,0,time
1138,3,blueberry,180.0,-2,0,0,time
1139,1,raspberry,180.0,2,0,0,time
1139,2,blueberry,154.5,-3,0,0,blueberry_full_control
1139,3,blueberry,150.5,-3,0,0,blueberry_full_control
1140,1,raspberry,93.5,0,0,0,raspberry_full_control
1140,2,blueberry,180.0,-3,0,0,time
1140,3,blueberry,180.0,-1,0,0,time
1141,1,blueberry,180.0,-2,0,0,time
1141,2,blueberry,180.0,-2,0,0,time
1142,1,blueberry,180.0,-2,0,0,time
1142,2,raspberry,180.0,3,0,0,time
1142,3,raspberry,180.0,3,0,0,time
1143,1,raspberry,161.5,3,0,0,raspberry_full_control
1143,2,raspberry,180.0,3,0,0,time
1144,1,blueberry,180.0,-2,0,0,time
1144,2,blueberry,180.0,-2,0,0,time
1145,1,blueberry,153.0,-3,0,0,blueberry_full_control
1145,2,blueberry,123.0,-3,0,0,blueberry_full_control
1146,1,blueberry,132.5,-3,0,0,blueberry_full_control
1146,2,raspberry,180.0,3,1,0,time
1146,3,raspberry,180.0,0,1,0,time
1147,1,blueberry,180.0,-1,1,0,time
1147,2,blueberry,180.0,-3,1,0,time
1148,1,blueberry,166.0,-3,0,1,blueberry_full_control
1148,2,blueberry,153.5,-3,0,3,blueberry_full_control
1149,1,blueberry,152.5,-3,0,0,blueberry_full_control
1149,2,raspberry,180.0,2,0,0,time
1149,3,raspberry,180.0,3,0,0,time
1150,1,raspberry,180.0,1,1,0,time
1150,2,raspberry,180.0,2,1,0,time
1151,1,blueberry,153.0,-3,0,0,blueberry_full_control
1151,2,raspberry,180.0,0,1,0,time
1151,3,raspberry,180.0,2,1,0,time
1152,1,blueberry,180.0,-1,0,0,time
1152,2,blueberry,114.0,-3,0,0,blueberry_full_control
1153,1,blueberry,119.0,-3,0,0,blueberry_full_control
1153,2,raspberry,180.0,2,0,0,time
1153,3,raspberry,180.0,3,0,0,time
1154,1,blueberry,154.5,-3,0,0,blueberry_full_control
1154,2,blueberry,145.5,-3,0,0,blueberry_full_control
1155,1,raspberry,180.0,1,0,0,time
1155,2,blueberry,136.5,-3,0,0,blueberry_full_control
1155,3,blueberry,180.0,-2,0,0,time
1156,1,raspberry,180.0,2,0,0,time
1156,2,blueberry,136.5,-3,0,0,blueberry_full_control
1156,3,blueberry,170.5,-3,0,0,blueberry_full_control
1157,1,blueberry,172.5,-3,0,0,blueberry_full_control
1157,2,raspberry,180.0,1,1,0,time
1157,3,raspberry,180.0,2,2,0,time
1158,1,blueberry,142.5,-3,0,1,blueberry_full_control
1158,2,blueberry,179.5,-3,0,2,blueberry_full_control
1159,1,raspberry,180.0,3,0,0,time
1159,2,blueberry,180.0,-3,0,0,time
1159,3,blueberry,173.0,-3,0,0,blueberry_full_control
1160,1,blueberry,156.0,-3,0,0,blueberry_full_control
1160,2,raspberry,180.0,0,0,0,time
1160,3,blueberry,166.0,-3,0,0,blueberry_full_control
1161,1,blueberry,137.0,-3,0,0,blueberry_full_control
1161,2,blueberry,180.0,-3,0,0,time
1162,1,blueberry,180.0,-3,0,0,time
1162,2,blueberry,172.5,-3,0,0,blueberry_full_control
1163,1,blueberry,159.0,-3,0,0,blueberry_full_control
1163,2,blueberry,180.0,-3,0,0,time
1164,1,raspberry,180.0,2,0,0,time
1164,2,blueberry,180.0,-1,0,0,time
1164,3,blueberry,180.0,-1,0,0,time
1165,1,blueberry,180.0,-1,0,0,time
1165,2,raspberry,180.0,3,0,0,time
1165,3,blueberry,180.0,-1,0,0,time
1166,1,blueberry,144.0,-3,0,0,blueberry_full_control
1166,2,blueberry,180.0,-1,0,0,time
1167,1,blueberry,180.0,-3,0,0,time
1167,2,raspberry,180.0,1,0,0,time
1167,3,blueberry,180.0,-1,0,0,time
1168,1,blueberry,180.0,-3,0,0,time
1168,2,blueberry,163.0,-3,0,0,blueberry_full_control
1169,1,blueberry,180.0,-1,0,0,time
1169,2,blueberry,180.0,-1,0,0,time
1170,1,blueberry,172.0,-3,0,0,blueberry_full_control
1170,2,blueberry,172.5,-3,0,0,blueberry_full_control
1171,1,raspberry,180.0,2,0,0,time
1171,2,raspberry,180.0,2,1,1,time
1172,1,blueberry,172.5,-3,0,0,blueberry_full_control
1172,2,blueberry,180.0,-3,0,0,time
1173,1,raspberry,180.0,2,0,0,time
1173,2,blueberry,180.0,-2,0,0,time
1173,3,blueberry,180.0,-2,0,0,time
1174,1,blueberry,180.0,-1,0,0,time
1174,2,raspberry,180.0,2,0,0,time
1174,3,blueberry,180.0,-3,0,0,time
1175,1,blueberry,180.0,-3,0,0,time
1175,2,blueberry,180.0,-3,0,0,time
1176,1,raspberry,180.0,1,0,1,time
1176,2,raspberry,174.5,3,0,1,raspberry_full_control
1177,1,blueberry,180.0,-3,0,0,time
1177,2,raspberry,180.0,1,0,0,time
1177,3,raspberry,180.0,0,0,0,time
1178,1,blueberry,180.0,0,0,0,time
1178,2,raspberry,180.0,3,0,0,time
1178,3,blueberry,180.0,-1,0,0,time
1179,1,blueberry,180.0,-2,0,0,time
1179,2,raspberry,180.0,3,0,0,time
1179,3,blueberry,169.5,-3,0,0,blueberry_full_control
1180,1,blueberry,180.0,-2,0,0,time
1180,2,blueberry,142.0,-3,0,0,blueberry_full_control
1181,1,blueberry,180.0,-2,0,0,time
1181,2,raspberry,180.0,3,2,1,time
1181,3,raspberry,180.0,1,2,1,time
1182,1,raspberry,168.5,3,0,0,raspberry_full_control
1182,2,blueberry,180.0,-3,0,0,time
1182,3,blueberry,180.0,-1,0,0,time
1183,1,raspberry,180.0,1,0,0,time
1183,2,blueberry,180.0,-1,0,0,time
1183,3,raspberry,180.0,0,0,0,time
1184,1,raspberry,174.5,3,0,0,raspberry_full_control
1184,2,raspberry,180.0,2,0,0,time
1185,1,blueberry,180.0,-2,0,0,time
1185,2,blueberry,180.0,-1,0,1,time
1186,1,raspberry,180.0,0,0,0,time
1186,2,blueberry,145.0,-3,0,0,blueberry_full_control
1186,3,blueberry,180.0,-3,0,0,time
1187,1,blueberry,180.0,-3,0,0,time
1187,2,raspberry,180.0,2,0,0,time
1187,3,raspberry,180.0,1,0,0,time
1188,1,blueberry,180.0,-3,1,1,time
1188,2,blueberry,180.0,-3,1,1,time
1189,1,raspberry,180.0,1,0,0,time
1189,2,raspberry,180.0,2,0,0,time
1190,1,raspberry,180.0,1,0,0,time
1190,2,raspberry,180.0,1,0,0,time
1191,1,blueberry,180.0,-1,0,0,time
1191,2,blueberry,180.0,-2,0,0,time
1192,1,blueberry,180.0,-3,0,0,time
1192,2,blueberry,172.5,-3,0,0,blueberry_full_control
1193,1,raspberry,180.0,1,0,0,time
1193,2,raspberry,165.5,2,0,1,raspberry_full_control
1194,1,blueberry,180.0,-2,0,0,time
1194,2,blueberry,180.0,-3,0,0,time
1195,1,raspberry,180.0,0,0,0,time
1195,2,raspberry,180.0,2,0,0,time
1196,1,blueberry,180.0,-1,0,0,time
1196,2,blueberry,180.0,-3,0,0,time
1197,1,blueberry,152.5,-3,0,0,blueberry_full_control
1197,2,blueberry,180.0,-1,0,0,time
1198,1,blueberry,180.0,-2,0,0,time
1198,2,raspberry,180.0,2,0,0,time
1198,3,raspberry,180.0,2,0,0,time
1199,1,raspberry,180.0,2,0,0,time
1199,2,blueberry,152.0,-3,0,0,blueberry_full_control
1199,3,raspberry,180.0,1,0,1,time
1200,1,blueberry,180.0,0,0,0,time
1200,2,raspberry,180.0,3,0,0,time
1200,3,blueberry,180.0,-2,0,0,time
1201,1,raspberry,174.5,3,0,0,raspberry_full_control
1201,2,raspberry,180.0,3,0,0,time
1202,1,blueberry,180.0,-2,0,0,time
1202,2,raspberry,180.0,2,0,0,time
1202,3,blueberry,180.0,-2,0,0,time
1203,1,raspberry,180.0,3,0,0,time
1203,2,raspberry,180.0,3,0,0,time
1204,1,blueberry,133.5,-3,0,0,blueberry_full_control
1204,2,raspberry,180.0,2,0,0,time
1204,3,raspberry,180.0,2,0,0,time
1205,1,blueberry,180.0,-3,0,0,time
1205,2,raspberry,180.0,0,0,0,time
1205,3,blueberry,180.0,-2,0,0,time
1206,1,raspberry,180.0,1,0,0,time
1206,2,blueberry,180.0,-3,0,0,time
1206,3,raspberry,167.0,3,0,1,raspberry_full_control
1207,1,raspberry,180.0,1,0,0,time
1207,2,raspberry,180.0,0,0,0,time
1208,1,raspberry,180.0,2,0,1,time
1208,2,blueberry,180.0,-2,0,1,time
1208,3,blueberry,131.5,-3,0,2,blueberry_full_control
1209,1,raspberry,180.0,2,0,0,time
1209,2,raspberry,180.0,3,0,0,time
1210,1,raspberry,173.0,3,0,0,raspberry_full_control
1210,2,raspberry,180.0,3,0,0,time
1211,1,raspberry,180.0,2,0,0,time
1211,2,raspberry,180.0,2,0,0,time
1212,1,blueberry,147.0,-3,0,0,blueberry_full_control
1212,2,raspberry,180.0,2,0,0,time
1212,3,raspberry,180.0,3,0,0,time
1213,1,raspberry,180.0,0,0,0,time
1213,2,raspberry,180.0,3,0,0,time
1214,1,raspberry,180.0,3,0,0,time
1214,2,raspberry,180.0,0,0,0,time
1215,1,raspberry,180.0,3,0,0,time
1215,2,raspberry,180.0,2,0,0,time
1216,1,raspberry,180.0,2,0,0,time
1216,2,raspberry,180.0,1,0,0,time
1217,1,blueberry,180.0,-2,0,0,time
1217,2,blueberry,145.5,-3,0,0,blueberry_full_control
1218,1,raspberry,180.0,3,0,0,time
1218,2,raspberry,180.0,2,0,0,time
1219,1,raspberry,180.0,2,0,0,time
1219,2,raspberry,180.0,0,0,0,time
1220,1,blueberry,180.0,-1,0,1,time
1220,2,blueberry,104.0,-2,0,1,raspberry_full_control
1221,1,raspberry,180.0,2,1,0,time
1221,2,raspberry,180.0,3,1,0,time
1222,1,blueberry,174.0,-3,0,0,blueberry_full_control
1222,2,raspberry,180.0,3,0,0,time
1222,3,raspberry,180.0,2,0,0,time
1223,1,raspberry,180.0,2,0,0,time
1223,2,raspberry,180.0,2,0,0,time
1224,1,raspberry,180.0,1,0,0,time
1224,2,raspberry,180.0,3,0,0,time
1225,1,blueberry,180.0,0,0,0,time
1225,2,blueberry,180.0,-2,0,1,time
1226,1,blueberry,160.0,-3,0,1,blueberry_full_control
1226,2,blueberry,180.0,-2,0,1,time
1227,1,blueberry,165.5,-3,0,1,blueberry_full_control
1227,2,blueberry,180.0,-2,0,2,time
1228,1,blueberry,180.0,-3,0,0,time
1228,2,blueberry,180.0,-1,0,0,time
1229,1,blueberry,180.0,-2,0,0,time
1229,2,raspberry,180.0,1,0,0,time
1229,3,blueberry,180.0,-1,0,1,time
1230,1,blueberry,180.0,-2,0,1,time
1230,2,blueberry,156.0,-3,0,1,blueberry_full_control
1231,1,blueberry,180.0,-2,0,0,time
1231,2,blueberry,180.0,-1,0,0,time
1232,1,raspberry,180.0,1,0,0,time
1232,2,raspberry,180.0,1,0,1,time
1233,1,blueberry,180.0,-3,0,1,time
1233,2,raspberry,179.5,3,1,1,raspberry_full_control
1233,3,blueberry,180.0,-3,1,1,time
1234,1,blueberry,180.0,-2,0,0,time
1234,2,blueberry,180.0,-2,1,0,time
1235,1,blueberry,165.0,-3,0,0,blueberry_full_control
1235,2,raspberry,180.0,2,0,0,time
1235,3,raspberry,180.0,2,0,0,time
1236,1,raspberry,180.0,2,0,0,time
1236,2,raspberry,180.0,3,0,0,time
1237,1,blueberry,104.5,-1,0,0,raspberry_full_control
1237,2,blueberry,180.0,-2,0,0,time
1238,1,blueberry,112.5,-3,0,0,blueberry_full_control
1238,2,blueberry,142.5,-3,0,0,blueberry_full_control
1239,1,raspberry,180.0,2,0,0,time
1239,2,blueberry,153.0,-3,0,0,blueberry_full_control
1239,3,blueberry,144.0,-3,0,0,blueberry_full_control
1240,1,blueberry,180.0,-2,0,0,time
1240,2,blueberry,180.0,-3,0,0,time
1241,1,blueberry,142.5,-3,0,0,blueberry_full_control
1241,2,blueberry,180.0,-2,0,1,time
1242,1,raspberry,180.0,0,0,0,time
1242,2,raspberry,180.0,0,0,0,time
1243,1,blueberry,180.0,-2,0,0,time
1243,2,raspberry,180.0,2,0,0,time
1243,3,blueberry,180.0,-3,0,0,time
1244,1,blueberry,180.0,-3,0,0,time
1244,2,raspberry,180.0,0,0,0,time
1244,3,raspberry,180.0,2,0,0,time
1245,1,raspberry,180.0,1,0,0,time
1245,2,blueberry,180.0,-1,0,0,time
1245,3,raspberry,180.0,1,0,0,time
1246,1,raspberry,180.0,0,0,0,time
1246,2,blueberry,180.0,-2,0,0,time
1246,3,blueberry,133.0,-3,0,0,blueberry_full_control
1247,1,blueberry,180.0,-2,0,0,time
1247,2,blueberry,180.0,-3,0,0,time
1248,1,blueberry,180.0,-3,0,0,time
1248,2,blueberry,180.0,-1,0,0,time
1249,1,raspberry,180.0,2,0,0,time
1249,2,raspberry,180.0,3,0,0,time
1250,1,raspberry,180.0,2,0,0,time
1250,2,raspberry,180.0,1,0,0,time
1251,1,blueberry,66.5,-1,0,0,raspberry_full_control
1251,2,raspberry,152.5,3,0,0,raspberry_full_control
1251,3,raspberry,180.0,3,0,0,time
1252,1,blueberry,180.0,-1,0,0,time
1252,2,blueberry,180.0,-1,0,0,time
1253,1,raspberry,180.0,3,0,1,time
1253,2,raspberry,180.0,3,1,1,time
1254,1,raspberry,180.0,1,0,0,time
1254,2,raspberry,180.0,3,0,0,time
1255,1,raspberry,180.0,1,0,0,time
1255,2,raspberry,180.0,3,0,0,time
1256,1,blueberry,180.0,-3,0,0,time
1256,2,blueberry,153.0,-3,0,0,blueberry_full_control
1257,1,blueberry,180.0,-3,0,0,time
1257,2,raspberry,180.0,1,0,0,time
1257,3,blueberry,153.0,-3,0,0,blueberry_full_control
1258,1,blueberry,142.5,-3,0,0,blueberry_full_control
1258,2,blueberry,142.5,-3,0,0,blueberry_full_control
1259,1,blueberry,180.0,-3,0,1,time
1259,2,blueberry,136.5,-3,0,1,blueberry_full_control
1260,1,blueberry,124.0,-3,0,0,blueberry_full_control
1260,2,raspberry,180.0,3,0,0,time
1260,3,blueberry,180.0,-3,0,0,time
1261,1,raspberry,180.0,0,0,0,time
1261,2,blueberry,180.0,-3,0,0,time
1261,3,blueberry,180.0,0,0,0,time
1262,1,blueberry,180.0,-1,0,2,time
1262,2,blueberry,150.0,-3,0,2,blueberry_full_control
1263,1,blueberry,180.0,-2,0,0,time
1263,2,raspberry,180.0,2,0,0,time
1263,3,blueberry,180.0,-3,0,0,time
1264,1,raspberry,180.0,1,0,0,time
1264,2,blueberry,180.0,-2,0,0,time
1264,3,blueberry,124.5,-3,0,0,blueberry_full_control
1265,1,blueberry,180.0,-2,0,0,time
1265,2,blueberry,180.0,-1,0,0,time
1266,1,raspberry,180.0,2,0,0,time
1266,2,raspberry,180.0,3,0,0,time
1267,1,blueberry,180.0,-2,0,0,time
1267,2,raspberry,180.0,0,0,1,time
1267,3,blueberry,156.0,-3,0,1,blueberry_full_control
1268,1,raspberry,180.0,3,0,0,time
1268,2,raspberry,180.0,3,0,0,time
1269,1,blueberry,180.0,-2,0,0,time
1269,2,raspberry,180.0,2,0,1,time
1269,3,blueberry,180.0,-1,1,1,time
1270,1,blueberry,142.5,-3,0,0,blueberry_full_control
1270,2,blueberry,180.0,-3,0,0,time
1271,1,blueberry,133.5,-3,0,0,blueberry_full_control
1271,2,blueberry,180.0,-3,0,1,time
1272,1,blueberry,180.0,-3,0,0,time
1272,2,blueberry,160.0,-3,0,0,blueberry_full_control
1273,1,blueberry,144.0,-3,0,0,blueberry_full_control
1273,2,blueberry,180.0,-3,0,0,time
1274,1,blueberry,180.0,-3,0,0,time
1274,2,blueberry,162.5,-3,0,0,blueberry_full_control
1275,1,blueberry,122.0,-3,0,0,blueberry_full_control
1275,2,blueberry,141.0,-3,0,0,blueberry_full_control
1276,1,blueberry,180.0,-3,0,0,time
1276,2,raspberry,180.0,2,0,0,time
1276,3,blueberry,180.0,-2,0,0,time
1277,1,raspberry,180.0,0,0,1,time
1277,2,raspberry,180.0,0,0,1,time
1278,1,blueberry,123.0,-3,0,0,blueberry_full_control
1278,2,blueberry,138.0,-3,0,0,blueberry_full_control
1279,1,blueberry,180.0,-2,0,0,time
1279,2,blueberry,180.0,0,0,0,time
1280,1,blueberry,180.0,-3,0,0,time
1280,2,blueberry,180.0,-3,0,0,time
1281,1,raspberry,180.0,1,0,0,time
1281,2,blueberry,139.5,-3,0,0,blueberry_full_control
1281,3,blueberry,136.5,-3,0,0,blueberry_full_control
1282,1,blueberry,180.0,-3,0,0,time
1282,2,raspberry,180.0,2,0,0,time
1282,3,blueberry,180.0,-3,0,2,time
1283,1,blueberry,124.5,-3,0,0,blueberry_full_control
1283,2,raspberry,180.0,1,0,0,time
1283,3,raspberry,180.0,2,0,0,time
1284,1,raspberry,180.0,2,0,0,time
1284,2,blueberry,180.0,-1,0,0,time
1284,3,blueberry,180.0,-1,0,0,time
1285,1,blueberry,180.0,-3,0,0,time
1285,2,raspberry,162.5,3,1,0,raspberry_full_control
1285,3,blueberry,180.0,-2,1,0,time
1286,1,raspberry,180.0,3,0,0,time
1286,2,blueberry,180.0,0,0,0,time
1286,3,blueberry,153.0,-3,0,0,blueberry_full_control
1287,1,blueberry,180.0,-3,0,0,time
1287,2,raspberry,180.0,0,0,0,time
1287,3,blueberry,153.0,-3,0,0,blueberry_full_control
1288,1,blueberry,180.0,0,0,0,time
1288,2,blueberry,180.0,-3,0,0,time
1289,1,blueberry,180.0,-3,0,1,time
1289,2,blueberry,180.0,-3,0,1,time
1290,1,raspberry,180.0,0,0,0,time
1290,2,blueberry,163.5,-3,0,0,blueberry_full_control
1290,3,raspberry,180.0,0,0,0,time
1291,1,raspberry,180.0,1,0,0,time
1291,2,blueberry,142.5,-3,0,0,blueberry_full_control
1291,3,blueberry,180.0,-3,0,0,time
1292,1,raspberry,180.0,2,0,0,time
1292,2,blueberry,137.5,-3,0,0,blueberry_full_control
1292,3,raspberry,180.0,2,0,0,time
1293,1,blueberry,180.0,-2,0,0,time
1293,2,blueberry,170.5,-3,0,0,blueberry_full_control
1294,1,raspberry,180.0,1,0,0,time
1294,2,raspberry,180.0,2,0,0,time
1295,1,raspberry,176.0,3,0,0,raspberry_full_control
1295,2,raspberry,180.0,1,0,0,time
1296,1,raspberry,171.5,3,0,0,raspberry_full_control
1296,2,raspberry,180.0,3,0,0,time
1297,1,raspberry,180.0,2,0,0,time
1297,2,raspberry,180.0,3,0,0,time
1298,1,raspberry,180.0,3,0,0,time
1298,2,blueberry,180.0,-2,0,0,time
1298,3,blueberry,180.0,-1,0,0,time
1299,1,blueberry,180.0,-1,0,0,time
1299,2,blueberry,180.0,-3,0,0,time
1300,1,blueberry,180.0,-3,0,0,time
1300,2,blueberry,180.0,-2,0,0,time
1301,1,blueberry,180.0,-1,0,0,time
1301,2,blueberry,122.5,-3,0,0,blueberry_full_control
1302,1,raspberry,180.0,1,0,0,time
1302,2,blueberry,180.0,-3,0,0,time
1302,3,raspberry,180.0,2,0,0,time
1303,1,raspberry,180.0,3,1,0,time
1303,2,raspberry,151.0,3,1,0,raspberry_full_control
1304,1,raspberry,180.0,1,0,0,time
1304,2,blueberry,171.0,-3,0,1,blueberry_full_control
1304,3,blueberry,123.0,-3,0,1,blueberry_full_control
1305,1,raspberry,180.0,1,0,0,time
1305,2,raspberry,180.0,2,0,0,time
1306,1,blueberry,180.0,0,0,0,time
1306,2,raspberry,180.0,1,0,0,time
1306,3,blueberry,180.0,-3,0,0,time
1307,1,blueberry,180.0,-2,0,0,time
1307,2,raspberry,180.0,3,0,0,time
1307,3,raspberry,180.0,3,0,1,time
1308,1,blueberry,180.0,-2,0,0,time
1308,2,blueberry,180.0,-1,0,0,time
1309,1,blueberry,137.0,-3,0,0,blueberry_full_control
1309,2,blueberry,164.5,-3,0,0,blueberry_full_control
1310,1,blueberry,172.5,-3,0,0,blueberry_full_control
1310,2,blueberry,180.0,-1,0,1,time
1311,1,blueberry,159.0,-3,0,0,blueberry_full_control
1311,2,blueberry,142.0,-3,0,0,blueberry_full_control
1312,1,raspberry,176.0,3,0,0,raspberry_full_control
1312,2,raspberry,162.0,3,0,0,raspberry_full_control
1313,1,raspberry,101.0,1,0,0,raspberry_full_control
1313,2,raspberry,180.0,3,0,0,time
1314,1,blueberry,180.0,-1,0,0,time
1314,2,raspberry,180.0,2,0,0,time
1314,3,blueberry,180.0,-1,0,0,time
1315,1,raspberry,177.5,3,0,0,raspberry_full_control
1315,2,blueberry,127.0,-3,0,0,blueberry_full_control
1315,3,raspberry,180.0,1,0,0,time
1316,1,blueberry,180.0,0,0,0,time
1316,2,blueberry,180.0,-3,0,0,time
1317,1,blueberry,180.0,-1,0,0,time
1317,2,blueberry,180.0,-2,0,0,time
1318,1,blueberry,180.0,-2,0,0,time
1318,2,blueberry,180.0,-1,1,0,time
1319,1,raspberry,180.0,3,0,0,time
1319,2,blueberry,180.0,-1,0,0,time
1319,3,raspberry,180.0,2,0,0,time
1320,1,blueberry,162.5,-3,0,0,blueberry_full_control
1320,2,raspberry,180.0,2,0,1,time
1320,3,raspberry,180.0,1,0,1,time
1321,1,raspberry,180.0,2,0,1,time
1321,2,blueberry,180.0,-3,0,1,time
1321,3,raspberry,166.5,3,1,1,raspberry_full_control
1322,1,raspberry,180.0,2,0,0,time
1322,2,raspberry,180.0,3,0,0,time
1323,1,blueberry,180.0,-2,0,0,time
1323,2,blueberry,156.0,-3,0,0,blueberry_full_control
1324,1,blueberry,180.0,-2,0,0,time
1324,2,blueberry,156.0,-3,0,0,blueberry_full_control
1325,1,raspberry,180.0,3,0,0,time
1325,2,raspberry,180.0,1,0,0,time
1326,1,blueberry,180.0,-1,0,1,time
1326,2,blueberry,180.0,-3,0,1,time
1327,1,blueberry,180.0,-3,0,1,time
1327,2,blueberry,180.0,-3,0,2,time
1328,1,raspberry,180.0,2,0,1,time
1328,2,blueberry,180.0,-2,0,1,time
1328,3,blueberry,180.0,0,0,1,time
1329,1,blueberry,180.0,-2,0,0,time
1329,2,blueberry,180.0,-2,0,0,time
1330,1,blueberry,124.5,-3,0,0,blueberry_full_control
1330,2,blueberry,124.5,-3,0,0,blueberry_full_control
1331,1,blueberry,157.5,-3,0,0,blueberry_full_control
1331,2,raspberry,180.0,1,0,0,time
1331,3,blueberry,180.0,-2,0,0,time
1332,1,blueberry,180.0,-3,0,0,time
1332,2,blueberry,133.5,-3,0,0,blueberry_full_control
1333,1,blueberry,180.0,-3,0,0,time
1333,2,blueberry,137.0,-3,0,0,blueberry_full_control
1334,1,blueberry,143.0,-3,0,0,blueberry_full_control
1334,2,raspberry,180.0,3,0,0,time
1334,3,blueberry,180.0,-3,1,1,time
1335,1,raspberry,176.0,3,0,0,raspberry_full_control
1335,2,blueberry,180.0,-2,0,0,time
1335,3,raspberry,162.0,3,0,0,raspberry_full_control
1336,1,blueberry,180.0,-2,0,0,time
1336,2,blueberry,180.0,-2,0,0,time
1337,1,blueberry,180.0,-3,0,0,time
1337,2,blueberry,180.0,-3,0,0,time
1338,1,raspberry,180.0,0,0,0,time
1338,2,raspberry,180.0,1,0,0,time
1339,1,blueberry,180.0,-3,0,0,time
1339,2,blueberry,180.0,-2,0,0,time
1340,1,raspberry,180.0,2,0,0,time
1340,2,raspberry,180.0,2,0,0,time
1341,1,raspberry,180.0,2,0,0,time
1341,2,raspberry,180.0,2,0,0,time
1342,1,blueberry,135.0,-3,0,0,blueberry_full_control
1342,2,blueberry,180.0,-2,0,0,time
1343,1,raspberry,108.0,0,0,0,raspberry_full_control
1343,2,blueberry,174.0,-3,0,0,blueberry_full_control
1343,3,blueberry,151.0,-3,0,0,blueberry_full_control
1344,1,raspberry,180.0,0,0,0,time
1344,2,raspberry,165.5,3,0,0,raspberry_full_control
1345,1,raspberry,180.0,0,0,0,time
1345,2,blueberry,180.0,-1,0,0,time
1345,3,blueberry,173.0,-3,0,0,blueberry_full_control
1346,1,blueberry,133.5,-3,0,0,blueberry_full_control
1346,2,blueberry,180.0,-2,0,0,time
1347,1,blueberry,180.0,-1,0,0,time
1347,2,blueberry,153.0,-3,0,0,blueberry_full_control
1348,1,blueberry,136.5,-3,0,0,blueberry_full_control
1348,2,raspberry,180.0,2,0,1,time
1348,3,blueberry,180.0,-3,0,1,time
1349,1,blueberry,142.5,-3,0,0,blueberry_full_control
1349,2,blueberry,170.5,-3,0,0,blueberry_full_control
1350,1,blueberry,180.0,-1,0,0,time
1350,2,raspberry,94.5,1,0,0,raspberry_full_control
1350,3,blueberry,93.5,-1,0,0,raspberry_full_control
1351,1,blueberry,95.0,-1,0,0,raspberry_full_control
1351,2,raspberry,180.0,1,0,0,time
1351,3,raspberry,180.0,2,0,0,time
1352,1,raspberry,180.0,2,0,0,time
1352,2,blueberry,180.0,-2,0,0,time
1352,3,raspberry,180.0,3,0,0,time
1353,1,blueberry,180.0,-3,0,0,time
1353,2,blueberry,165.5,-3,0,0,blueberry_full_control
1354,1,raspberry,180.0,2,0,0,time
1354,2,blueberry,180.0,-3,0,0,time
1354,3,blueberry,180.0,-3,0,0,time
1355,1,blueberry,169.5,-3,0,0,blueberry_full_control
1355,2,blueberry,180.0,-1,0,0,time
1356,1,raspberry,152.5,3,0,0,raspberry_full_control
1356,2,raspberry,158.0,3,0,0,raspberry_full_control
1357,1,raspberry,180.0,2,0,0,time
1357,2,blueberry,180.0,-1,0,1,time
1357,3,blueberry,136.0,-3,0,2,blueberry_full_control
1358,1,raspberry,180.0,3,0,0,time
1358,2,raspberry,180.0,3,0,0,time
1359,1,blueberry,165.0,-3,0,0,blueberry_full_control
1359,2,blueberry,152.0,-3,0,0,blueberry_full_control
1360,1,raspberry,180.0,3,0,0,time
1360,2,blueberry,173.5,-3,0,0,blueberry_full_control
1360,3,raspberry,180.0,3,0,0,time
1361,1,blueberry,180.0,-2,0,0,time
1361,2,blueberry,180.0,-2,0,0,time
1362,1,raspberry,180.0,3,0,0,time
1362,2,raspberry,180.0,3,0,0,time
1363,1,raspberry,180.0,2,0,0,time
1363,2,blueberry,180.0,-2,0,0,time
1363,3,blueberry,180.0,-1,0,0,time
1364,1,blueberry,157.0,-3,0,0,blueberry_full_control
1364,2,blueberry,180.0,-2,0,1,time
1365,1,blueberry,180.0,-3,0,0,time
1365,2,raspberry,180.0,2,0,0,time
1365,3,raspberry,180.0,2,0,0,time
1366,1,blueberry,180.0,-3,0,0,time
1366,2,raspberry,180.0,3,0,0,time
1366,3,blueberry,162.5,-3,0,0,blueberry_full_control
1367,1,blueberry,142.5,-3,0,0,blueberry_full_control
1367,2,blueberry,180.0,-3,0,0,time
1368,1,raspberry,180.0,2,0,0,time
1368,2,raspberry,180.0,2,0,0,time
1369,1,raspberry,180.0,0,0,0,time
1369,2,blueberry,180.0,-3,0,0,time
1369,3,raspberry,180.0,0,0,0,time
1370,1,raspberry,180.0,3,0,0,time
1370,2,raspberry,180.0,3,0,0,time
1371,1,blueberry,136.5,-3,0,0,blueberry_full_control
1371,2,blueberry,130.0,-3,0,0,blueberry_full_control
1372,1,blueberry,138.0,-3,0,0,blueberry_full_control
1372,2,blueberry,160.5,-3,0,0,blueberry_full_control
1373,1,blueberry,123.0,-3,0,0,blueberry_full_control
1373,2,blueberry,180.0,-1,0,0,time
1374,1,blueberry,127.5,-3,0,0,blueberry_full_control
1374,2,blueberry,180.0,-2,0,0,time
1375,1,blueberry,180.0,-2,0,0,time
1375,2,blueberry,180.0,-2,0,0,time
1376,1,raspberry,180.0,2,0,0,time
1376,2,raspberry,180.0,1,1,0,time
1377,1,blueberry,137.5,-3,0,0,blueberry_full_control
1377,2,raspberry,180.0,1,0,0,time
1377,3,raspberry,164.0,3,0,0,raspberry_full_control
1378,1,blueberry,180.0,-2,0,0,time
1378,2,raspberry,180.0,2,0,0,time
1378,3,blueberry,163.0,-3,0,1,blueberry_full_control
1379,1,raspberry,180.0,1,0,0,time
1379,2,raspberry,177.5,3,0,0,raspberry_full_control
1380,1,blueberry,114.0,-3,0,0,blueberry_full_control
1380,2,blueberry,180.0,-2,0,0,time
1381,1,raspberry,180.0,1,0,0,time
1381,2,blueberry,180.0,-3,0,0,time
1381,3,raspberry,152.5,3,0,0,raspberry_full_control
1382,1,blueberry,180.0,-1,0,0,time
1382,2,blueberry,172.5,-3,0,0,blueberry_full_control
1383,1,blueberry,180.0,-2,0,0,time
1383,2,blueberry,180.0,-2,0,0,time
1384,1,blueberry,163.5,-3,0,0,blueberry_full_control
1384,2,blueberry,180.0,-3,0,0,time
1385,1,raspberry,180.0,0,0,0,time
1385,2,raspberry,172.5,3,0,0,raspberry_full_control
1386,1,blueberry,180.0,-2,0,0,time
1386,2,raspberry,180.0,2,0,0,time
1386,3,raspberry,180.0,1,0,0,time
1387,1,raspberry,180.0,1,0,0,time
1387,2,blueberry,180.0,-2,0,0,time
1387,3,raspberry,180.0,3,0,0,time
1388,1,blueberry,180.0,-1,0,0,time
1388,2,raspberry,180.0,1,0,0,time
1388,3,blueberry,153.0,-3,0,0,blueberry_full_control
1389,1,blueberry,156.5,-3,0,0,blueberry_full_control
1389,2,blueberry,140.0,-3,0,0,blueberry_full_control
1390,1,blueberry,160.0,-3,0,0,blueberry_full_control
1390,2,raspberry,180.0,2,0,0,time
1390,3,raspberry,180.0,0,0,0,time
1391,1,blueberry,144.0,-3,0,0,blueberry_full_control
1391,2,blueberry,180.0,-3,0,0,time
1392,1,raspberry,180.0,1,0,0,time
1392,2,blueberry,180.0,-3,0,0,time
1392,3,raspberry,180.0,1,0,0,time
1393,1,blueberry,180.0,-3,0,0,time
1393,2,blueberry,180.0,-2,0,0,time
1394,1,raspberry,180.0,1,0,0,time
1394,2,raspberry,180.0,2,0,0,time
1395,1,raspberry,180.0,3,1,1,time
1395,2,raspberry,180.0,3,1,1,time
1396,1,raspberry,180.0,3,0,0,time
1396,2,raspberry,180.0,3,0,1,time
1397,1,blueberry,180.0,-1,0,0,time
1397,2,blueberry,180.0,-1,0,0,time
1398,1,raspberry,180.0,3,0,0,time
1398,2,raspberry,180.0,3,0,0,time
1399,1,blueberry,161.5,-3,0,0,blueberry_full_control
1399,2,blueberry,180.0,-1,0,0,time
1400,1,blueberry,180.0,-3,0,0,time
1400,2,blueberry,180.0,-2,0,0,time
1401,1,blueberry,180.0,-2,0,0,time
1401,2,blueberry,180.0,-3,1,0,time
1402,1,blueberry,180.0,-3,0,0,time
1402,2,blueberry,145.0,-3,0,0,blueberry_full_control
1403,1,blueberry,144.0,-3,0,0,blueberry_full_control
1403,2,blueberry,180.0,-3,0,0,time
1404,1,blueberry,180.0,-3,0,0,time
1404,2,blueberry,180.0,-2,0,0,time
1405,1,blueberry,180.0,-3,1,0,time
1405,2,raspberry,169.0,3,1,0,raspberry_full_control
1405,3,blueberry,180.0,-1,1,1,time
1406,1,raspberry,180.0,3,0,0,time
1406,2,blueberry,180.0,-2,0,0,time
1406,3,blueberry,180.0,-3,0,0,time
1407,1,blueberry,180.0,-2,0,0,time
1407,2,blueberry,163.5,-3,0,1,blueberry_full_control
1408,1,raspberry,180.0,1,1,0,time
1408,2,blueberry,169.5,-3,1,1,blueberry_full_control
1408,3,raspberry,180.0,0,1,1,time
1409,1,raspberry,180.0,2,0,0,time
1409,2,raspberry,180.0,1,0,0,time
1410,1,raspberry,180.0,1,0,0,time
1410,2,blueberry,142.5,-3,0,0,blueberry_full_control
1410,3,blueberry,180.0,-3,0,0,time
1411,1,blueberry,163.5,-3,0,0,blueberry_full_control
1411,2,blueberry,180.0,0,0,0,time
1412,1,blueberry,180.0,-3,0,0,time
1412,2,raspberry,180.0,3,0,0,time
1412,3,blueberry,180.0,-2,0,0,time
1413,1,blueberry,180.0,-2,0,0,time
1413,2,blueberry,180.0,-1,0,0,time
1414,1,blueberry,180.0,-3,0,0,time
1414,2,raspberry,177.5,3,2,1,raspberry_full_control
1414,3,raspberry,176.5,3,2,1,raspberry_full_control
1415,1,raspberry,180.0,2,0,0,time
1415,2,blueberry,180.0,-3,0,0,time
1415,3,blueberry,180.0,-3,0,1,time
1416,1,blueberry,172.5,-3,0,0,blueberry_full_control
1416,2,raspberry,162.5,1,0,0,raspberry_full_control
1416,3,blueberry,180.0,-1,0,4,time
1417,1,blueberry,180.0,-3,0,0,time
1417,2,blueberry,180.0,-2,0,0,time
1418,1,raspberry,180.0,1,0,0,time
1418,2,raspberry,180.0,3,0,0,time
1419,1,blueberry,180.0,-2,0,2,time
1419,2,blueberry,121.0,-3,0,2,blueberry_full_control
1420,1,raspberry,180.0,3,0,0,time
1420,2,blueberry,180.0,-3,0,0,time
1420,3,raspberry,180.0,3,0,0,time
1421,1,raspberry,180.0,3,0,0,time
1421,2,blueberry,180.0,-3,0,0,time
1421,3,blueberry,180.0,-2,0,0,time
1422,1,raspberry,163.5,3,1,0,raspberry_full_control
1422,2,raspberry,180.0,2,1,0,time
1423,1,blueberry,180.0,-1,0,0,time
1423,2,blueberry,180.0,-2,0,0,time
1424,1,blueberry,180.0,-1,1,0,time
1424,2,raspberry,180.0,3,1,0,time
1424,3,raspberry,180.0,3,1,0,time
1425,1,raspberry,180.0,1,0,0,time
1425,2,raspberry,180.0,0,0,0,time
1426,1,blueberry,177.5,-3,0,0,blueberry_full_control
1426,2,raspberry,180.0,1,0,0,time
1426,3,blueberry,142.5,-3,0,0,blueberry_full_control
1427,1,raspberry,180.0,3,0,0,time
1427,2,blueberry,153.0,-3,0,0,blueberry_full_control
1427,3,blueberry,180.0,-3,0,0,time
1428,1,raspberry,180.0,2,0,0,time
1428,2,raspberry,180.0,2,0,0,time
1429,1,blueberry,151.5,-3,0,0,blueberry_full_control
1429,2,blueberry,156.5,-3,0,0,blueberry_full_control
1430,1,blueberry,180.0,-2,0,0,time
1430,2,blueberry,180.0,-1,0,0,time
1431,1,raspberry,174.5,3,0,0,raspberry_full_control
1431,2,blueberry,180.0,-1,0,0,time
1431,3,raspberry,176.0,3,0,0,raspberry_full_control
1432,1,raspberry,180.0,3,0,0,time
1432,2,blueberry,180.0,-3,0,0,time
1432,3,blueberry,180.0,-2,0,0,time
1433,1,raspberry,180.0,0,0,0,time
1433,2,raspberry,180.0,3,0,0,time
1434,1,raspberry,180.0,2,0,0,time
1434,2,blueberry,180.0,-3,0,0,time
1434,3,raspberry,155.5,3,0,0,raspberry_full_control
1435,1,blueberry,156.0,-3,0,0,blueberry_full_control
1435,2,blueberry,180.0,-3,0,0,time
1436,1,blueberry,180.0,-2,0,0,time
1436,2,blueberry,180.0,-2,0,0,time
1437,1,blueberry,180.0,-2,0,0,time
1437,2,blueberry,180.0,-2,0,0,time
1438,1,blueberry,166.5,-3,0,1,blueberry_full_control
1438,2,blueberry,143.0,-3,0,1,blueberry_full_control
1439,1,raspberry,180.0,0,0,0,time
1439,2,blueberry,180.0,-3,0,0,time
1439,3,blueberry,120.5,-3,0,0,blueberry_full_control
1440,1,blueberry,180.0,-2,0,0,time
1440,2,blueberry,180.0,-1,0,0,time
1441,1,blueberry,174.0,-3,0,0,blueberry_full_control
1441,2,raspberry,180.0,2,0,0,time
1441,3,blueberry,153.0,-3,0,0,blueberry_full_control
1442,1,blueberry,142.5,-3,0,0,blueberry_full_control
1442,2,raspberry,180.0,1,0,1,time
1442,3,blueberry,180.0,-3,0,1,time
1443,1,blueberry,180.0,-3,0,0,time
1443,2,blueberry,180.0,-2,0,1,time
1444,1,blueberry,180.0,-3,0,0,time
1444,2,blueberry,180.0,-3,0,0,time
1445,1,blueberry,180.0,-2,0,0,time
1445,2,raspberry,180.0,0,0,0,time
1445,3,blueberry,180.0,-1,0,0,time
1446,1,blueberry,180.0,-1,0,0,time
1446,2,blueberry,180.0,-1,0,0,time
1447,1,blueberry,172.5,-3,0,0,blueberry_full_control
1447,2,blueberry,180.0,-2,0,0,time
1448,1,raspberry,180.0,0,0,0,time
1448,2,blueberry,180.0,-3,0,0,time
1448,3,blueberry,180.0,-1,0,0,time
1449,1,blueberry,180.0,-2,0,0,time
1449,2,raspberry,180.0,0,0,0,time
1449,3,blueberry,180.0,-1,0,0,time
1450,1,blueberry,180.0,-2,0,1,time
1450,2,blueberry,151.5,-3,0,2,blueberry_full_control
1451,1,blueberry,161.5,-3,0,0,blueberry_full_control
1451,2,blueberry,180.0,-3,0,0,time
1452,1,blueberry,180.0,-3,0,0,time
1452,2,blueberry,180.0,-2,0,0,time
1453,1,raspberry,180.0,3,0,0,time
1453,2,blueberry,180.0,-2,0,0,time
1453,3,raspberry,180.0,1,0,0,time
1454,1,raspberry,180.0,3,0,0,time
1454,2,blueberry,180.0,-2,0,0,time
1454,3,blueberry,180.0,-3,0,0,time
1455,1,blueberry,180.0,-3,0,0,time
1455,2,blueberry,180.0,-2,0,0,time
1456,1,raspberry,180.0,1,0,0,time
1456,2,blueberry,180.0,-3,0,0,time
1456,3,blueberry,180.0,-1,0,0,time
1457,1,blueberry,180.0,-2,0,0,time
1457,2,blueberry,153.0,-3,0,0,blueberry_full_control
1458,1,blueberry,180.0,-1,0,0,time
1458,2,raspberry,180.0,1,0,1,time
1458,3,blueberry,138.5,-3,0,1,blueberry_full_control
1459,1,raspberry,180.0,2,0,0,time
1459,2,blueberry,180.0,-3,0,0,time
1459,3,blueberry,134.0,-3,0,0,blueberry_full_control
1460,1,blueberry,180.0,-2,0,0,time
1460,2,blueberry,180.0,-2,0,0,time
1461,1,blueberry,172.0,-3,0,0,blueberry_full_control
1461,2,raspberry,180.0,3,0,0,time
1461,3,blueberry,180.0,-3,0,0,time
1462,1,blueberry,180.0,0,0,0,time
1462,2,blueberry,180.0,-3,0,0,time
1463,1,raspberry,180.0,2,0,0,time
1463,2,raspberry,180.0,0,0,0,time
1464,1,raspberry,180.0,2,1,0,time
1464,2,raspberry,180.0,2,1,0,time
1465,1,raspberry,180.0,1,0,0,time
1465,2,raspberry,180.0,3,0,0,time
1466,1,raspberry,179.0,3,0,0,raspberry_full_control
1466,2,raspberry,180.0,2,0,1,time
1467,1,raspberry,180.0,1,0,0,time
1467,2,raspberry,180.0,3,0,1,time
1468,1,blueberry,180.0,0,0,0,time
1468,2,raspberry,180.0,2,0,0,time
1468,3,raspberry,180.0,0,0,0,time
1469,1,blueberry,157.0,-3,0,0,blueberry_full_control
1469,2,blueberry,133.5,-3,0,0,blueberry_full_control
1470,1,blueberry,180.0,-2,0,0,time
1470,2,blueberry,180.0,-3,0,0,time
1471,1,blueberry,120.5,-3,0,0,blueberry_full_control
1471,2,raspberry,180.0,3,0,0,time
1471,3,blueberry,123.0,-3,0,0,blueberry_full_control
1472,1,blueberry,180.0,-3,0,0,time
1472,2,raspberry,180.0,0,0,0,time
1472,3,blueberry,141.5,-3,0,0,blueberry_full_control
1473,1,raspberry,180.0,3,0,0,time
1473,2,raspberry,180.0,1,0,1,time
1474,1,blueberry,165.5,-3,0,0,blueberry_full_control
1474,2,blueberry,166.0,-3,0,0,blueberry_full_control
1475,1,raspberry,180.0,1,0,0,time
1475,2,blueberry,180.0,-2,0,0,time
1475,3,blueberry,180.0,-1,0,0,time
1476,1,raspberry,174.0,3,0,0,raspberry_full_control
1476,2,raspberry,173.0,3,0,0,raspberry_full_control
1477,1,raspberry,180.0,0,0,1,time
1477,2,blueberry,180.0,-2,0,1,time
1477,3,blueberry,180.0,-3,0,1,time
1478,1,blueberry,153.0,-3,0,0,blueberry_full_control
1478,2,blueberry,174.5,-3,0,0,blueberry_full_control
1479,1,raspberry,180.0,3,0,0,time
1479,2,blueberry,117.5,-3,0,0,blueberry_full_control
1479,3,raspberry,180.0,3,0,0,time
1480,1,blueberry,180.0,-1,0,0,time
1480,2,raspberry,180.0,2,0,0,time
1480,3,raspberry,167.0,3,0,0,raspberry_full_control
1481,1,raspberry,180.0,3,0,1,time
1481,2,blueberry,180.0,-3,0,1,time
1481,3,raspberry,180.0,3,1,1,time
1482,1,raspberry,180.0,1,0,0,time
1482,2,blueberry,180.0,-1,0,0,time
1482,3,blueberry,153.0,-3,0,0,blueberry_full_control
1483,1,raspberry,161.0,3,0,0,raspberry_full_control
1483,2,raspberry,180.0,1,0,0,time
1484,1,blueberry,141.0,-3,0,0,blueberry_full_control
1484,2,blueberry,141.5,-3,0,0,blueberry_full_control
1485,1,blueberry,180.0,-2,0,0,time
1485,2,blueberry,180.0,-1,0,0,time
1486,1,blueberry,142.5,-3,0,0,blueberry_full_control
1486,2,blueberry,180.0,-3,0,0,time
1487,1,raspberry,180.0,2,0,0,time
1487,2,blueberry,180.0,-2,0,0,time
1487,3,blueberry,180.0,-1,0,0,time
1488,1,blueberry,174.0,-3,0,0,blueberry_full_control
1488,2,blueberry,180.0,-2,0,0,time
1489,1,blueberry,153.0,-3,0,0,blueberry_full_control
1489,2,blueberry,133.5,-3,0,0,blueberry_full_control
1490,1,blueberry,166.5,-3,0,0,blueberry_full_control
1490,2,blueberry,180.0,-3,0,0,time
1491,1,blueberry,142.5,-3,0,0,blueberry_full_control
1491,2,blueberry,180.0,-3,0,0,time
1492,1,raspberry,180.0,1,0,0,time
1492,2,raspberry,180.0,1,0,0,time
1493,1,blueberry,164.5,-3,0,0,blueberry_full_control
1493,2,raspberry,169.0,3,0,0,raspberry_full_control
1493,3,blueberry,180.0,-3,0,0,time
1494,1,blueberry,133.5,-3,0,0,blueberry_full_control
1494,2,blueberry,136.5,-3,0,0,blueberry_full_control
1495,1,blueberry,174.0,-3,0,0,blueberry_full_control
1495,2,blueberry,180.0,-2,0,0,time
1496,1,blueberry,180.0,-2,0,0,time
1496,2,blueberry,180.0,-3,0,0,time
1497,1,blueberry,180.0,-2,0,0,time
1497,2,blueberry,180.0,-2,0,0,time
1498,1,raspberry,180.0,3,0,0,time
1498,2,blueberry,180.0,-1,0,0,time
1498,3,blueberry,143.5,-3,0,1,blueberry_full_control
1499,1,raspberry,180.0,3,0,0,time
1499,2,blueberry,180.0,-2,0,0,time
1499,3,blueberry,135.0,-3,0,0,blueberry_full_control
1500,1,raspberry,180.0,3,0,0,time
1500,2,blueberry,180.0,-1,0,0,time
1500,3,blueberry,180.0,-3,0,0,time
